board,hand,meets_frozen_gap_threshold,bettor_seat,caller_seat,bettor_range_before_collision,caller_range_before_collision,bettor_joint_marginal,caller_joint_marginal,bettor_group,caller_group,full_check,compressed_check,full_bet_44,compressed_bet_44,full_call_facing_44,compressed_call_facing_44
7c 2h Kh 2s 9s,2c 2d,1,0,1,0.0013639423029593143,0.0010801489255863374,0.0013866419384747464,0.0010683289994437052,1,4,0.0,1e-05,1.0,0.99999,1.0,0.99999
7c 2h Kh 2s 9s,2c 3c,1,0,1,0.0010917611622158292,0.0010801489255863376,0.001103485929611712,0.00106883822766654,1,4,0.0,1e-05,1.0,0.99999,1.0,0.99999
7c 2h Kh 2s 9s,2c 3d,1,0,1,9.997480634880012e-07,0.0010801489255863376,1.0104846732013292e-06,0.0010695090151745152,1,4,0.0,1e-05,1.0,0.99999,1.0,0.99999
7c 2h Kh 2s 9s,2c 3h,1,0,1,9.997480634880012e-07,0.0010801489255863376,1.0104846732013292e-06,0.0010701249822921194,1,4,0.0,1e-05,1.0,0.99999,1.0,0.99999
7c 2h Kh 2s 9s,2c 3s,1,0,1,9.997480634880012e-07,0.0010801489255863376,1.0093063773591282e-06,0.0010702642954119271,1,4,0.0,1e-05,1.0,0.99999,1.0,0.99999
7c 2h Kh 2s 9s,2c 4c,1,0,1,0.0010917611622158292,0.0010801489255863374,0.0010983389623502708,0.0010960213543282425,1,4,0.0,1e-05,1.0,0.99999,1.0,0.99999
7c 2h Kh 2s 9s,2c 4d,1,0,1,0.0021311188806083714,0.0010801489255863374,0.0021439587530498174,0.0010978837927607412,1,4,0.0,1e-05,1.0,0.99999,1.0,0.99999
7c 2h Kh 2s 9s,2c 4h,1,0,1,0.0021311188806083714,0.0010801489255863374,0.0021414470317392543,0.0010963491920770421,1,4,0.0,1e-05,1.0,0.99999,1.0,0.99999
7c 2h Kh 2s 9s,2c 4s,1,0,1,0.0021311188806083714,0.0010801489255863374,0.0021439587530498174,0.0010979444329176377,1,4,0.0,1e-05,1.0,0.99999,1.0,0.99999
7c 2h Kh 2s 9s,2c 5c,1,0,1,0.0010917611622158292,0.0010801489255863374,0.001097988987440351,0.0010829159999139189,1,4,0.0,1e-05,1.0,0.99999,1.0,0.99999
7c 2h Kh 2s 9s,2c 5d,1,0,1,0.0011880410812785428,0.0010801489255863374,0.001194818124161015,0.001081412768516265,1,4,0.0,1e-05,1.0,0.99999,1.0,0.99999
7c 2h Kh 2s 9s,2c 5h,1,0,1,0.0011880410812785428,0.0010801489255863374,0.001194818124161015,0.0010807107351760536,1,4,0.0,1e-05,1.0,0.99999,1.0,0.99999
7c 2h Kh 2s 9s,2c 5s,1,0,1,0.0011880410812785428,0.0010801489255863374,0.0011948181241610153,0.0010817683221570667,1,4,0.0,1e-05,1.0,0.99999,1.0,0.99999
7c 2h Kh 2s 9s,2c 6c,1,0,1,0.0012939350485858504,0.0020607755300191427,0.0013174740996760304,0.002038257851105464,1,4,0.0,1e-05,1.0,0.99999,1.0,0.99999
7c 2h Kh 2s 9s,2c 6d,1,0,1,9.997480634880012e-07,0.00019639071374297055,1.0158996388067646e-06,0.00019457102239663472,1,4,0.0,1e-05,1.0,0.99999,1.0,0.99999
7c 2h Kh 2s 9s,2c 6h,1,0,1,9.997480634880012e-07,0.00019639071374297055,1.0167570180564538e-06,0.00019508229707033585,1,4,0.0,1e-05,1.0,0.99999,1.0,0.99999
7c 2h Kh 2s 9s,2c 6s,1,0,1,9.997480634880012e-07,0.00019639071374297055,1.017935313898655e-06,0.00019508229707033585,1,4,0.0,1e-05,1.0,0.99999,1.0,0.99999
7c 2h Kh 2s 9s,2c 7d,1,0,1,9.997480634880012e-07,0.0010801489255863374,1.0087188670179276e-06,0.0010744912006993767,1,4,0.0,1e-05,1.0,0.99999,1.0,0.99999
7c 2h Kh 2s 9s,2c 7h,1,0,1,9.997480634880012e-07,0.0010801489255863374,1.0098982545800618e-06,0.0010766884271957598,1,4,0.0,1e-05,1.0,0.99999,1.0,0.99999
7c 2h Kh 2s 9s,2c 7s,1,0,1,9.997480634880012e-07,0.0010801489255863374,1.0087188670179276e-06,0.0010744912006993767,1,4,0.0,1e-05,1.0,0.99999,1.0,0.99999
7c 2h Kh 2s 9s,2c 8c,1,0,1,0.0010917611622158292,0.0010801489255863374,0.0011021991877963517,0.00107174353407225,1,4,0.0,1e-05,1.0,0.99999,1.0,0.99999
7c 2h Kh 2s 9s,2c 8d,1,0,1,0.002759440641283707,9.998580201611371e-07,0.002782570630896321,9.971567663955763e-07,1,4,0.0,1e-05,1.0,0.99999,1.0,0.99999
7c 2h Kh 2s 9s,2c 8h,1,0,1,0.002759440641283707,9.998580201611371e-07,0.0027890751444896384,9.94459579908899e-07,1,4,0.0,1e-05,1.0,0.99999,1.0,0.99999
7c 2h Kh 2s 9s,2c 8s,1,0,1,0.002759440641283707,9.998580201611371e-07,0.0027858228876929798,9.961187498173032e-07,1,4,0.0,1e-05,1.0,0.99999,1.0,0.99999
7c 2h Kh 2s 9s,2c 9c,1,0,1,0.0010917611622158292,9.998580201611371e-07,0.0010937099507959975,1.0018315429135716e-06,1,4,0.0,1e-05,1.0,0.99999,1.0,0.99999
7c 2h Kh 2s 9s,2c 9d,1,0,1,0.003296685089609735,0.0010801489255863374,0.0033064551063323212,0.0010861687965650773,1,4,0.0,1e-05,1.0,0.99999,1.0,0.99999
7c 2h Kh 2s 9s,2c 9h,1,0,1,0.003296685089609735,0.0010801489255863374,0.0033025696571116637,0.0010848556154069147,1,4,0.0,1e-05,1.0,0.99999,1.0,0.99999
7c 2h Kh 2s 9s,2c Tc,1,0,1,0.0010917611622158292,0.0010801489255863376,0.0011053709375493056,0.00108037190571503,1,4,0.0,1e-05,1.0,0.99999,1.0,0.99999
7c 2h Kh 2s 9s,2c Td,1,0,1,9.997480634880012e-07,0.0005784023278946195,1.0128412648857314e-06,0.0005771436574613,1,4,0.0,1e-05,1.0,0.99999,1.0,0.99999
7c 2h Kh 2s 9s,2c Th,1,0,1,9.997480634880012e-07,0.0005784023278946195,1.0122108135885218e-06,0.0005788691135206668,1,4,0.0,1e-05,1.0,0.99999,1.0,0.99999
7c 2h Kh 2s 9s,2c Ts,1,0,1,9.997480634880012e-07,0.0005784023278946195,1.0122108135885218e-06,0.0005781310958948442,1,4,0.0,1e-05,1.0,0.99999,1.0,0.99999
7c 2h Kh 2s 9s,2c Jc,1,0,1,0.0017646802424532303,9.998580201611371e-07,0.0017827904838059283,1.0005784609139867e-06,1,4,0.0,1e-05,1.0,0.99999,1.0,0.99999
7c 2h Kh 2s 9s,2c Jd,1,0,1,0.0009274881777545923,9.998580201611371e-07,0.000935913504879967,9.978244207920068e-07,1,4,0.0,1e-05,1.0,0.99999,1.0,0.99999
7c 2h Kh 2s 9s,2c Jh,1,0,1,0.0009274881777545923,9.998580201611371e-07,0.0009359135048799668,9.986314990490293e-07,1,4,0.0,1e-05,1.0,0.99999,1.0,0.99999
7c 2h Kh 2s 9s,2c Js,1,0,1,0.0009274881777545923,9.998580201611371e-07,0.000935913504879967,9.98738630379723e-07,1,4,0.0,1e-05,1.0,0.99999,1.0,0.99999
7c 2h Kh 2s 9s,2c Qc,1,0,1,0.0010917611622158292,0.0010801489255863376,0.0010949358977548965,0.0010532218917954142,1,4,0.0,1e-05,1.0,0.99999,1.0,0.99999
7c 2h Kh 2s 9s,2c Qd,1,0,1,9.997480634880012e-07,0.0006967427908988591,1.0034148981481228e-06,0.0006776967909869627,1,4,0.0,1e-05,1.0,0.99999,1.0,0.99999
7c 2h Kh 2s 9s,2c Qh,1,0,1,9.997480634880012e-07,0.0006967427908988591,1.0038335297051102e-06,0.0006804347630306341,1,4,0.0,1e-05,1.0,0.99999,1.0,0.99999
7c 2h Kh 2s 9s,2c Qs,1,0,1,9.997480634880012e-07,0.0006967427908988591,1.0038335297051102e-06,0.0006791111644569508,1,4,0.0,1e-05,1.0,0.99999,1.0,0.99999
7c 2h Kh 2s 9s,2c Kc,1,0,1,0.0010917611622158292,0.0010801489255863374,0.001105340858558063,0.001079451321485307,1,4,0.0,1e-05,1.0,0.99999,1.0,0.99999
7c 2h Kh 2s 9s,2c Kd,1,0,1,0.0010917611622158292,0.0005400744627931688,0.0011053408585580632,0.0005396848747588346,1,4,0.0,1e-05,1.0,0.99999,1.0,0.99999
7c 2h Kh 2s 9s,2c Ks,1,0,1,0.0010917611622158292,0.0005400744627931688,0.001105340858558063,0.0005396848747588346,1,4,0.0,1e-05,1.0,0.99999,1.0,0.99999
7c 2h Kh 2s 9s,2c Ac,1,0,1,0.0010917611622158292,9.998580201611371e-07,0.0010929971539994842,9.806043462995518e-07,1,4,0.0,1e-05,1.0,0.99999,1.0,0.99999
7c 2h Kh 2s 9s,2c Ad,1,0,1,0.0010917611622158292,0.0010801489255863374,0.0010942838958148445,0.001060110928391081,1,4,0.0,1e-05,1.0,0.99999,1.0,0.99999
7c 2h Kh 2s 9s,2c Ah,1,0,1,0.0010917611622158292,0.0010801489255863374,0.0010921136687647903,0.0010597750678279572,1,4,0.0,1e-05,1.0,0.99999,1.0,0.99999
7c 2h Kh 2s 9s,2c As,1,0,1,0.0010917611622158292,0.0010801489255863374,0.0010950526819230367,0.0010599438390919396,1,4,0.0,1e-05,1.0,0.99999,1.0,0.99999
7c 2h Kh 2s 9s,2d 3c,1,0,1,9.997480634880012e-07,0.0010801489255863376,1.009305285639195e-06,0.0010662647184153814,1,4,0.0,1e-05,1.0,0.99999,1.0,0.99999
7c 2h Kh 2s 9s,2d 3d,1,0,1,0.0010917611622158292,0.0010801489255863376,0.0011021979955985705,0.0010695090151745152,1,4,0.0,1e-05,1.0,0.99999,1.0,0.99999
7c 2h Kh 2s 9s,2d 3h,1,0,1,9.997480634880012e-07,0.0010801489255863376,1.009305285639195e-06,0.00106883822766654,1,4,0.0,1e-05,1.0,0.99999,1.0,0.99999
7c 2h Kh 2s 9s,2d 3s,1,0,1,9.997480634880012e-07,0.0010801489255863376,1.008126989796994e-06,0.0010689775407863478,1,4,0.0,1e-05,1.0,0.99999,1.0,0.99999
7c 2h Kh 2s 9s,2d 4c,1,0,1,0.0021311188806083714,0.0010801489255863374,0.002141444704567993,0.001095960714171346,1,4,0.0,1e-05,1.0,0.99999,1.0,0.99999
7c 2h Kh 2s 9s,2d 4d,1,0,1,0.0010917611622158292,0.0010801489255863374,0.0010970510283371292,0.0010953709236664788,1,4,0.0,1e-05,1.0,0.99999,1.0,0.99999
7c 2h Kh 2s 9s,2d 4h,1,0,1,0.0021311188806083714,0.0010801489255863374,0.00213893298325743,0.0010950624374514626,1,4,0.0,1e-05,1.0,0.99999,1.0,0.99999
7c 2h Kh 2s 9s,2d 4s,1,0,1,0.0021311188806083714,0.0010801489255863374,0.0021414447045679927,0.0010966576782920584,1,4,0.0,1e-05,1.0,0.99999,1.0,0.99999
7c 2h Kh 2s 9s,2d 5c,1,0,1,0.0011880410812785428,0.0010801489255863374,0.0011934166101939103,0.0010817428252423028,1,4,0.0,1e-05,1.0,0.99999,1.0,0.99999
7c 2h Kh 2s 9s,2d 5d,1,0,1,0.0010917611622158292,0.0010801489255863374,0.0010967010534272095,0.0010800124339367225,1,4,0.0,1e-05,1.0,0.99999,1.0,0.99999
7c 2h Kh 2s 9s,2d 5h,1,0,1,0.0011880410812785428,0.0010801489255863374,0.0011934166101939103,0.001079423980550474,1,4,0.0,1e-05,1.0,0.99999,1.0,0.99999
7c 2h Kh 2s 9s,2d 5s,1,0,1,0.0011880410812785428,0.0010801489255863374,0.0011934166101939105,0.0010804815675314872,1,4,0.0,1e-05,1.0,0.99999,1.0,0.99999
7c 2h Kh 2s 9s,2d 6c,1,0,1,9.997480634880012e-07,0.00019639071374297055,1.0147202512446304e-06,0.00019373351731832028,1,4,0.0,1e-05,1.0,0.99999,1.0,0.99999
7c 2h Kh 2s 9s,2d 6d,1,0,1,0.0012939350485858504,0.0020607755300191427,0.0013159476642086911,0.0020421360940530973,1,4,0.0,1e-05,1.0,0.99999,1.0,0.99999
7c 2h Kh 2s 9s,2d 6h,1,0,1,9.997480634880012e-07,0.00019639071374297055,1.0155776304943196e-06,0.0001948483416838669,1,4,0.0,1e-05,1.0,0.99999,1.0,0.99999
7c 2h Kh 2s 9s,2d 6s,1,0,1,9.997480634880012e-07,0.00019639071374297055,1.0167559263365208e-06,0.0001948483416838669,1,4,0.0,1e-05,1.0,0.99999,1.0,0.99999
7c 2h Kh 2s 9s,2d 7d,1,0,1,0.0010917611622158292,0.0010801489255863374,0.0011002696711722019,0.0010744912006993767,1,4,0.0,1e-05,1.0,0.99999,1.0,0.99999
7c 2h Kh 2s 9s,2d 7h,1,0,1,9.997480634880012e-07,0.0010801489255863374,1.0087188670179276e-06,0.0010754016725701805,1,4,0.0,1e-05,1.0,0.99999,1.0,0.99999
7c 2h Kh 2s 9s,2d 7s,1,0,1,9.997480634880012e-07,0.0010801489255863374,1.0075394794557933e-06,0.0010732044460737974,1,4,0.0,1e-05,1.0,0.99999,1.0,0.99999
7c 2h Kh 2s 9s,2d 8c,1,0,1,0.002759440641283707,9.998580201611371e-07,0.0027793153608041505,9.92707419803721e-07,1,4,0.0,1e-05,1.0,0.99999,1.0,0.99999
7c 2h Kh 2s 9s,2d 8d,1,0,1,0.0010917611622158292,0.0010801489255863374,0.0011009112537832101,0.0010739766642077306,1,4,0.0,1e-05,1.0,0.99999,1.0,0.99999
7c 2h Kh 2s 9s,2d 8h,1,0,1,0.002759440641283707,9.998580201611371e-07,0.0027858198743974678,9.93268473847606e-07,1,4,0.0,1e-05,1.0,0.99999,1.0,0.99999
7c 2h Kh 2s 9s,2d 8s,1,0,1,0.002759440641283707,9.998580201611371e-07,0.0027825676176008096,9.949276437560102e-07,1,4,0.0,1e-05,1.0,0.99999,1.0,0.99999
7c 2h Kh 2s 9s,2d 9c,1,0,1,0.003296685089609735,0.0010801489255863374,0.0033025660571478757,0.0010835952873139184,1,4,0.0,1e-05,1.0,0.99999,1.0,0.99999
7c 2h Kh 2s 9s,2d 9d,1,0,1,0.0010917611622158292,9.998580201611371e-07,0.001092422016782856,1.0018315429135716e-06,1,4,0.0,1e-05,1.0,0.99999,1.0,0.99999
7c 2h Kh 2s 9s,2d 9h,1,0,1,0.003296685089609735,0.0010801489255863374,0.0032986806079272177,0.0010835688607813351,1,4,0.0,1e-05,1.0,0.99999,1.0,0.99999
7c 2h Kh 2s 9s,2d Tc,1,0,1,9.997480634880012e-07,0.0005784023278946195,1.0104835814813963e-06,0.0005771436574612999,1,4,0.0,1e-05,1.0,0.99999,1.0,0.99999
7c 2h Kh 2s 9s,2d Td,1,0,1,0.0010917611622158292,0.0010801489255863376,0.0011053697453515246,0.0010777983964638713,1,4,0.0,1e-05,1.0,0.99999,1.0,0.99999
7c 2h Kh 2s 9s,2d Th,1,0,1,9.997480634880012e-07,0.0005784023278946195,1.0110314260263876e-06,0.0005781800771727758,1,4,0.0,1e-05,1.0,0.99999,1.0,0.99999
7c 2h Kh 2s 9s,2d Ts,1,0,1,9.997480634880012e-07,0.0005784023278946195,1.0110314260263876e-06,0.0005774420595469533,1,4,0.0,1e-05,1.0,0.99999,1.0,0.99999
7c 2h Kh 2s 9s,2d Jc,1,0,1,0.0009274881777545923,9.998580201611371e-07,0.0009359124920674711,9.984731452649775e-07,1,4,0.0,1e-05,1.0,0.99999,1.0,0.99999
7c 2h Kh 2s 9s,2d Jd,1,0,1,0.0017646802424532303,9.998580201611371e-07,0.0017786288780238932,9.9754752431843e-07,1,4,0.0,1e-05,1.0,0.99999,1.0,0.99999
7c 2h Kh 2s 9s,2d Jh,1,0,1,0.0009274881777545923,9.998580201611371e-07,0.0009348193612043553,9.974403929877363e-07,1,4,0.0,1e-05,1.0,0.99999,1.0,0.99999
7c 2h Kh 2s 9s,2d Js,1,0,1,0.0009274881777545923,9.998580201611371e-07,0.0009348193612043554,9.9754752431843e-07,1,4,0.0,1e-05,1.0,0.99999,1.0,0.99999
7c 2h Kh 2s 9s,2d Qc,1,0,1,9.997480634880012e-07,0.0006967427908988591,1.0010572147437877e-06,0.0006777136642615144,1,4,0.0,1e-05,1.0,0.99999,1.0,0.99999
7c 2h Kh 2s 9s,2d Qd,1,0,1,0.0010917611622158292,0.0010801489255863376,0.0010949347055571154,0.0010506222241833563,1,4,0.0,1e-05,1.0,0.99999,1.0,0.99999
7c 2h Kh 2s 9s,2d Qh,1,0,1,9.997480634880012e-07,0.0006967427908988591,1.002654142142976e-06,0.0006796047506242045,1,4,0.0,1e-05,1.0,0.99999,1.0,0.99999
7c 2h Kh 2s 9s,2d Qs,1,0,1,9.997480634880012e-07,0.0006967427908988591,1.002654142142976e-06,0.0006782811520505214,1,4,0.0,1e-05,1.0,0.99999,1.0,0.99999
7c 2h Kh 2s 9s,2d Kc,1,0,1,0.0010917611622158292,0.0010801489255863376,0.0011040529245449214,0.0010781645668597277,1,4,0.0,1e-05,1.0,0.99999,1.0,0.99999
7c 2h Kh 2s 9s,2d Kd,1,0,1,0.0010917611622158292,0.0010801489255863374,0.0011046968915514924,0.0010780829948920899,1,4,0.0,1e-05,1.0,0.99999,1.0,0.99999
7c 2h Kh 2s 9s,2d Ks,1,0,1,0.0010917611622158292,0.0010801489255863376,0.0011046968915514924,0.0010780829948920899,1,4,0.0,1e-05,1.0,0.99999,1.0,0.99999
7c 2h Kh 2s 9s,2d Ac,1,0,1,0.0010917611622158292,0.0010801489255863374,0.0010929959618017032,0.001058062382674997,1,4,0.0,1e-05,1.0,0.99999,1.0,0.99999
7c 2h Kh 2s 9s,2d Ad,1,0,1,0.0010917611622158292,9.998580201611371e-07,0.0010917092199863427,9.801184049738666e-07,1,4,0.0,1e-05,1.0,0.99999,1.0,0.99999
7c 2h Kh 2s 9s,2d Ah,1,0,1,0.0010917611622158292,0.0010801489255863374,0.0010908257347516488,0.001058488313202378,1,4,0.0,1e-05,1.0,0.99999,1.0,0.99999
7c 2h Kh 2s 9s,2d As,1,0,1,0.0010917611622158292,0.0010801489255863374,0.0010937647479098951,0.0010586570844663603,1,4,0.0,1e-05,1.0,0.99999,1.0,0.99999
7c 2h Kh 2s 9s,3c 3d,1,0,1,0.0010917611622158292,0.0010801489255863376,0.0010957529471610167,0.0010703393313431673,15,15,1.0,0.37497884270299303,0.0,0.625021157297007,0.0,0.5253447651931814
7c 2h Kh 2s 9s,3c 3h,1,0,1,0.0010917611622158292,0.0010801489255863376,0.0010957529471610167,0.0010709552984607715,15,15,1.0,0.37497884270299303,0.0,0.625021157297007,0.0,0.5253447651931814
7c 2h Kh 2s 9s,3c 3s,1,0,1,0.0010917611622158292,0.0010801489255863376,0.0010944662053456564,0.0010710946115805792,15,15,1.0,0.37497884270299303,0.0,0.625021157297007,0.0,0.5253447651931814
7c 2h Kh 2s 9s,3c 4c,1,0,1,0.0010917611622158292,9.998580201611371e-07,0.0010893192380842152,1.0141280908523464e-06,2,1,0.4389215912901925,0.37451114677812136,0.5610784087098075,0.6254888532218786,0.0,1e-05
7c 2h Kh 2s 9s,3c 4d,1,0,1,0.0008268254353512308,0.0010801489255863376,0.0008259505790597611,0.0010958886991937029,2,1,0.0,0.37451114677812136,1.0,0.6254888532218786,0.0,1e-05
7c 2h Kh 2s 9s,3c 4h,1,0,1,0.0008268254353512308,0.0010801489255863376,0.0008249760885773275,0.0010943540985100038,2,1,0.0,0.37451114677812136,1.0,0.6254888532218786,0.0,1e-05
7c 2h Kh 2s 9s,3c 4s,1,0,1,0.0008268254353512308,0.0010801489255863376,0.0008259505790597611,0.0010959493393505994,2,1,0.0,0.37451114677812136,1.0,0.6254888532218786,0.0,1e-05
7c 2h Kh 2s 9s,3c 5c,1,0,1,0.0010917611622158292,0.0010801489255863376,0.0010902560049896558,0.0010824595614569916,2,1,1.0,0.37451114677812136,0.0,0.6254888532218786,0.0,1e-05
7c 2h Kh 2s 9s,3c 5d,1,0,1,9.997480634880012e-07,0.0010801489255863374,9.983697601793745e-07,0.0010795559954797952,2,1,1.0,0.37451114677812136,0.0,0.6254888532218786,0.0,1e-05
7c 2h Kh 2s 9s,3c 5h,1,0,1,9.997480634880012e-07,0.0010801489255863374,9.983697601793745e-07,0.0010788539621395836,2,1,1.0,0.37451114677812136,0.0,0.6254888532218786,0.0,1e-05
7c 2h Kh 2s 9s,3c 5s,1,0,1,9.997480634880012e-07,0.0010801489255863374,9.983697601793745e-07,0.0010799115491205967,2,1,1.0,0.37451114677812136,0.0,0.6254888532218786,0.0,1e-05
7c 2h Kh 2s 9s,3c 6c,1,0,1,0.0010917611622158292,9.998580201611371e-07,0.0011014333084669596,9.882894902566445e-07,2,1,0.0,0.37451114677812136,1.0,0.6254888532218786,0.0,1e-05
7c 2h Kh 2s 9s,3c 6d,1,0,1,0.0012672225983941501,9.998580201611371e-07,0.0012784491951339802,9.915538658548123e-07,2,1,0.0,0.37451114677812136,1.0,0.6254888532218786,0.0,1e-05
7c 2h Kh 2s 9s,3c 6h,1,0,1,0.0012672225983941501,9.998580201611371e-07,0.0012795359592901515,9.941568508598694e-07,2,1,0.7686273881424623,0.37451114677812136,0.23137261185753763,0.6254888532218786,0.0,1e-05
7c 2h Kh 2s 9s,3c 6s,1,0,1,0.0012672225983941501,9.998580201611371e-07,0.0012810294986860885,9.941568508598694e-07,2,1,0.6056605876026193,0.37451114677812136,0.39433941239738074,0.6254888532218786,0.0,1e-05
7c 2h Kh 2s 9s,3c 7d,1,0,1,0.0010917611622158292,0.0010801489255863374,0.0010938246227346479,0.001075321516868029,9,6,0.0,3.8165858961421845e-05,1.0,0.9999618341410386,1.0,0.99999
7c 2h Kh 2s 9s,3c 7h,1,0,1,0.0010917611622158292,0.0010801489255863374,0.0010951125567477897,0.001077518743364412,9,6,0.0,3.8165858961421845e-05,1.0,0.9999618341410386,1.0,0.99999
7c 2h Kh 2s 9s,3c 7s,1,0,1,0.0010917611622158292,0.0010801489255863374,0.001093824622734648,0.0010753215168680288,9,6,0.0,3.8165858961421845e-05,1.0,0.9999618341410386,1.0,0.99999
7c 2h Kh 2s 9s,3c 8c,1,0,1,0.0010917611622158292,0.0010801489255863376,0.0010944662053456564,0.0010712870956153227,3,12,1.0,0.9998566222964465,0.0,0.00014337770355357494,1.0,0.0043046552623303026
7c 2h Kh 2s 9s,3c 8d,1,0,1,9.997480634880012e-07,0.0010801489255863376,1.002225126901035e-06,0.0010735202257508034,3,12,1.0,0.9998566222964465,0.0,0.00014337770355357494,1.0,0.0043046552623303026
7c 2h Kh 2s 9s,3c 8h,1,0,1,9.997480634880012e-07,0.0010801489255863376,1.004581718585437e-06,0.0010706064489675547,3,12,1.0,0.9998566222964465,0.0,0.00014337770355357494,1.0,0.0043046552623303026
7c 2h Kh 2s 9s,3c 8s,1,0,1,9.997480634880012e-07,0.0010801489255863376,1.003403422743236e-06,0.0010723988540468669,3,12,1.0,0.9998566222964465,0.0,0.00014337770355357494,1.0,0.0043046552623303026
7c 2h Kh 2s 9s,3c 9c,1,0,1,0.0010917611622158292,9.998580201611371e-07,0.0010859769683453022,1.0014090329790079e-06,7,13,0.0,1.3605422139158381e-05,1.0,0.9999863945778609,1.0,0.99999
7c 2h Kh 2s 9s,3c 9d,1,0,1,0.0015422835413074934,0.0010801489255863374,0.0015359301862674355,0.0010836427173250133,7,13,0.0,1.3605422139158381e-05,1.0,0.9999863945778609,1.0,0.99999
7c 2h Kh 2s 9s,3c 9h,1,0,1,0.0015422835413074934,0.0010801489255863374,0.0015341124620321142,0.0010823295361668506,7,13,0.0,1.3605422139158381e-05,1.0,0.9999863945778609,1.0,0.99999
7c 2h Kh 2s 9s,3c Tc,1,0,1,0.0010917611622158292,9.998580201611371e-07,0.0010963512132832502,9.99641915533026e-07,5,7,1.0,0.9999095403723886,0.0,9.045962761140281e-05,1.0,0.9931949709900768
7c 2h Kh 2s 9s,3c Td,1,0,1,9.997480634880012e-07,0.0010801489255863376,1.0063078589726296e-06,0.001077341958006944,5,7,1.0,0.9999095403723886,0.0,9.045962761140281e-05,0.0,0.9931949709900768
7c 2h Kh 2s 9s,3c Th,1,0,1,9.997480634880012e-07,0.0010801489255863376,1.0056774076754197e-06,0.0010805641952262434,5,7,1.0,0.9999095403723886,0.0,9.045962761140281e-05,0.0,0.9931949709900768
7c 2h Kh 2s 9s,3c Ts,1,0,1,9.997480634880012e-07,0.0010801489255863376,1.0056774076754197e-06,0.0010791859695394662,5,7,1.0,0.9999095403723886,0.0,9.045962761140281e-05,0.0,0.9931949709900768
7c 2h Kh 2s 9s,3c Jc,1,0,1,0.0010917611622158292,0.0010801489255863376,0.0010965192506547205,0.0010796769485476706,6,3,1.0,0.9999116457517904,0.0,8.83542482096646e-05,1.0,0.9999593800444955
7c 2h Kh 2s 9s,3c Jd,1,0,1,0.0011352322903379081,0.0010801489255863374,0.0011388418570768362,0.001077740657605191,6,3,1.0,0.9999116457517904,0.0,8.83542482096646e-05,1.0,0.9999593800444955
7c 2h Kh 2s 9s,3c Jh,1,0,1,0.0011352322903379081,0.0010801489255863374,0.0011388418570768362,0.0010786125461079673,6,3,1.0,0.9999116457517904,0.0,8.83542482096646e-05,1.0,0.9999593800444955
7c 2h Kh 2s 9s,3c Js,1,0,1,0.0011352322903379081,0.0010801489255863374,0.0011388418570768362,0.001078728280331639,6,3,1.0,0.9999116457517904,0.0,8.83542482096646e-05,1.0,0.9999593800444955
7c 2h Kh 2s 9s,3c Qc,1,0,1,0.0010917611622158292,0.0010801489255863374,0.0010872029153042011,0.0010527654533384872,0,10,1.0,0.9999115887816343,0.0,8.841121836570131e-05,0.0751617448297575,0.99999
7c 2h Kh 2s 9s,3c Qd,1,0,1,0.004367044648863317,0.0010801489255863376,0.004353958628478247,0.001055316342391433,0,10,1.0,0.9999115887816343,0.0,8.841121836570131e-05,0.0,0.99999
7c 2h Kh 2s 9s,3c Qh,1,0,1,0.004367044648863317,0.0010801489255863376,0.004355787271881073,0.001059560975561504,0,10,1.0,0.9999115887816343,0.0,8.841121836570131e-05,0.0,0.99999
7c 2h Kh 2s 9s,3c Qs,1,0,1,0.004367044648863317,0.0010801489255863376,0.004355787271881073,0.0010575090223932093,0,10,1.0,0.9999115887816343,0.0,8.841121836570131e-05,0.0,0.99999
7c 2h Kh 2s 9s,3c Kc,1,0,1,0.0010917611622158292,0.0010801489255863374,0.0010976078761073677,0.00107899488302838,11,11,0.0,1e-05,1.0,0.99999,1.0,0.99999
7c 2h Kh 2s 9s,3c Kd,1,0,1,9.997480634880012e-07,0.0010801489255863376,1.0056917129629771e-06,0.0010776265564351626,11,11,0.0,1e-05,1.0,0.99999,1.0,0.99999
7c 2h Kh 2s 9s,3c Ks,1,0,1,9.997480634880012e-07,0.0010801489255863376,1.005691712962977e-06,0.0010776265564351626,11,11,0.0,1e-05,1.0,0.99999,1.0,0.99999
7c 2h Kh 2s 9s,3c Ac,1,0,1,0.0010917611622158292,9.998580201611371e-07,0.001085264171548789,9.80181836364988e-07,0,8,1.0,0.9999115887816343,0.0,8.841121836570131e-05,1.0,0.99999
7c 2h Kh 2s 9s,3c Ad,1,0,1,0.0010917611622158292,0.0010801489255863376,0.0010865509133641492,0.001059654489934154,0,8,1.0,0.9999115887816343,0.0,8.841121836570131e-05,1.0,0.99999
7c 2h Kh 2s 9s,3c Ah,1,0,1,0.0010917611622158292,0.0010801489255863376,0.001084380686314095,0.0010593186293710302,0,8,1.0,0.9999115887816343,0.0,8.841121836570131e-05,1.0,0.99999
7c 2h Kh 2s 9s,3c As,1,0,1,0.0010917611622158292,0.0010801489255863376,0.0010873196994723414,0.0010594874006350124,0,8,1.0,0.9999115887816343,0.0,8.841121836570131e-05,1.0,0.99999
7c 2h Kh 2s 9s,3d 3h,1,0,1,0.0010917611622158292,0.0010801489255863376,0.0010957529471610167,0.001072912840594326,15,15,1.0,0.37497884270299303,0.0,0.625021157297007,0.0,0.5253447651931814
7c 2h Kh 2s 9s,3d 3s,1,0,1,0.0010917611622158292,0.0010801489255863376,0.0010944662053456564,0.001073052153714134,15,15,1.0,0.37497884270299303,0.0,0.625021157297007,0.0,0.5253447651931814
7c 2h Kh 2s 9s,3d 4c,1,0,1,0.0008268254353512308,0.0010801489255863376,0.0008259505790597611,0.0010972099173634418,2,1,0.0,0.37451114677812136,1.0,0.6254888532218786,0.0,1e-05
7c 2h Kh 2s 9s,3d 4d,1,0,1,0.0010917611622158292,9.998580201611371e-07,0.0010893192380842152,1.0165291466320132e-06,2,1,1.0,0.37451114677812136,0.0,0.6254888532218786,0.0,1e-05
7c 2h Kh 2s 9s,3d 4h,1,0,1,0.0008268254353512308,0.0010801489255863376,0.0008249760885773275,0.0010963116406435584,2,1,0.0,0.37451114677812136,1.0,0.6254888532218786,0.0,1e-05
7c 2h Kh 2s 9s,3d 4s,1,0,1,0.0008268254353512308,0.0010801489255863376,0.0008259505790597611,0.0010979068814841542,2,1,0.0,0.37451114677812136,1.0,0.6254888532218786,0.0,1e-05
7c 2h Kh 2s 9s,3d 5c,1,0,1,9.997480634880012e-07,0.0010801489255863374,9.983697601793745e-07,0.001083130348964967,2,1,1.0,0.37451114677812136,0.0,0.6254888532218786,0.0,1e-05
7c 2h Kh 2s 9s,3d 5d,1,0,1,0.0010917611622158292,0.0010801489255863376,0.0010902560049896558,0.001082800292238929,2,1,1.0,0.37451114677812136,0.0,0.6254888532218786,0.0,1e-05
7c 2h Kh 2s 9s,3d 5h,1,0,1,9.997480634880012e-07,0.0010801489255863374,9.983697601793745e-07,0.0010808115042731383,2,1,1.0,0.37451114677812136,0.0,0.6254888532218786,0.0,1e-05
7c 2h Kh 2s 9s,3d 5s,1,0,1,9.997480634880012e-07,0.0010801489255863374,9.983697601793745e-07,0.0010818690912541512,2,1,1.0,0.37451114677812136,0.0,0.6254888532218786,0.0,1e-05
7c 2h Kh 2s 9s,3d 6c,1,0,1,0.0012672225983941501,9.998580201611371e-07,0.0012784491951339802,9.902931250759524e-07,2,1,0.0,0.37451114677812136,1.0,0.6254888532218786,0.0,1e-05
7c 2h Kh 2s 9s,3d 6d,1,0,1,0.0010917611622158292,9.998580201611371e-07,0.0011014333084669596,9.93174294635763e-07,2,1,0.7980891149679319,0.37451114677812136,0.20191088503206805,0.6254888532218786,0.0,1e-05
7c 2h Kh 2s 9s,3d 6h,1,0,1,0.0012672225983941501,9.998580201611371e-07,0.0012795359592901513,9.959688826599988e-07,2,1,0.0,0.37451114677812136,1.0,0.6254888532218786,0.0,1e-05
7c 2h Kh 2s 9s,3d 6s,1,0,1,0.0012672225983941501,9.998580201611371e-07,0.0012810294986860885,9.959688826599988e-07,2,1,0.24931720031449922,0.37451114677812136,0.7506827996855008,0.6254888532218786,0.0,1e-05
7c 2h Kh 2s 9s,3d 7d,1,0,1,0.0010917611622158292,0.0010801489255863376,0.0010938246227346479,0.0010772790590015836,9,6,0.0,3.8165858961421845e-05,1.0,0.9999618341410386,1.0,0.99999
7c 2h Kh 2s 9s,3d 7h,1,0,1,0.0010917611622158292,0.0010801489255863374,0.0010951125567477894,0.0010794762854979666,9,6,0.0,3.8165858961421845e-05,1.0,0.9999618341410386,1.0,0.99999
7c 2h Kh 2s 9s,3d 7s,1,0,1,0.0010917611622158292,0.0010801489255863374,0.0010938246227346479,0.0010772790590015836,9,6,0.0,3.8165858961421845e-05,1.0,0.9999618341410386,1.0,0.99999
7c 2h Kh 2s 9s,3d 8c,1,0,1,9.997480634880012e-07,0.0010801489255863376,1.002225126901035e-06,0.001071957883123298,3,12,1.0,0.9998566222964465,0.0,0.00014337770355357494,1.0,0.0043046552623303026
7c 2h Kh 2s 9s,3d 8d,1,0,1,0.0010917611622158292,0.0010801489255863376,0.0010944662053456564,0.0010767645225099375,3,12,1.0,0.9998566222964465,0.0,0.00014337770355357494,1.0,0.0043046552623303026
7c 2h Kh 2s 9s,3d 8h,1,0,1,9.997480634880012e-07,0.0010801489255863376,1.004581718585437e-06,0.0010725639911011095,3,12,1.0,0.9998566222964465,0.0,0.00014337770355357494,1.0,0.0043046552623303026
7c 2h Kh 2s 9s,3d 8s,1,0,1,9.997480634880012e-07,0.0010801489255863376,1.003403422743236e-06,0.0010743563961804216,3,12,1.0,0.9998566222964465,0.0,0.00014337770355357494,1.0,0.0043046552623303026
7c 2h Kh 2s 9s,3d 9c,1,0,1,0.0015422835413074934,0.0010801489255863374,0.0015359301862674355,0.0010843135048329885,7,13,0.0,1.3605422139158381e-05,1.0,0.9999863945778609,1.0,0.99999
7c 2h Kh 2s 9s,3d 9d,1,0,1,0.0010917611622158292,9.998580201611371e-07,0.0010859769683453022,1.00441217084043e-06,7,13,0.0,1.3605422139158381e-05,1.0,0.9999863945778609,1.0,0.99999
7c 2h Kh 2s 9s,3d 9h,1,0,1,0.0015422835413074934,0.0010801489255863374,0.0015341124620321142,0.0010842870783004054,7,13,0.0,1.3605422139158381e-05,1.0,0.9999863945778609,1.0,0.99999
7c 2h Kh 2s 9s,3d Tc,1,0,1,9.997480634880012e-07,0.0010801489255863376,1.0051295631304286e-06,0.0010805862547660782,5,7,1.0,0.9999095403723886,0.0,9.045962761140281e-05,0.0,0.9931949709900768
7c 2h Kh 2s 9s,3d Td,1,0,1,0.0010917611622158292,9.998580201611371e-07,0.0010976379550986103,1.0002628412718622e-06,5,7,1.0,0.9999095403723886,0.0,9.045962761140281e-05,1.0,0.9931949709900768
7c 2h Kh 2s 9s,3d Th,1,0,1,9.997480634880012e-07,0.0010801489255863376,1.0056774076754197e-06,0.001082521737359798,5,7,1.0,0.9999095403723886,0.0,9.045962761140281e-05,0.0,0.9931949709900768
7c 2h Kh 2s 9s,3d Ts,1,0,1,9.997480634880012e-07,0.0010801489255863376,1.00567740767542e-06,0.0010811435116730207,5,7,1.0,0.9999095403723886,0.0,9.045962761140281e-05,0.0,0.9931949709900768
7c 2h Kh 2s 9s,3d Jc,1,0,1,0.0011352322903379081,0.0010801489255863374,0.0011401798336496244,0.0010816857729089098,6,3,1.0,0.9999116457517904,0.0,8.83542482096646e-05,1.0,0.9999593800444955
7c 2h Kh 2s 9s,3d Jd,1,0,1,0.0010917611622158292,0.0010801489255863376,0.0010952325088393602,0.001079646917511061,6,3,1.0,0.9999116457517904,0.0,8.83542482096646e-05,1.0,0.9999593800444955
7c 2h Kh 2s 9s,3d Jh,1,0,1,0.0005676161451689541,0.0010801489255863374,0.0005694209285384182,0.0010799004801211088,6,3,1.0,0.9999116457517904,0.0,8.83542482096646e-05,1.0,0.9999593800444955
7c 2h Kh 2s 9s,3d Js,1,0,1,0.0011352322903379081,0.0010801489255863374,0.0011388418570768362,0.0010806858224651935,6,3,1.0,0.9999116457517904,0.0,8.83542482096646e-05,1.0,0.9999593800444955
7c 2h Kh 2s 9s,3d Qc,1,0,1,0.004367044648863317,0.0010801489255863376,0.004348811661216805,0.0010585867975114664,0,10,1.0,0.9999115887816343,0.0,8.841121836570131e-05,0.0751617448297575,0.99999
7c 2h Kh 2s 9s,3d Qd,1,0,1,0.0010917611622158292,0.0010801489255863374,0.0010884896571195617,0.0010534100824855632,0,10,1.0,0.9999115887816343,0.0,8.841121836570131e-05,0.0,0.99999
7c 2h Kh 2s 9s,3d Qh,1,0,1,0.004367044648863317,0.0010801489255863376,0.004355787271881073,0.0010615185176950587,0,10,1.0,0.9999115887816343,0.0,8.841121836570131e-05,0.0,0.99999
7c 2h Kh 2s 9s,3d Qs,1,0,1,0.004367044648863317,0.0010801489255863376,0.004355787271881073,0.0010594665645267639,0,10,1.0,0.9999115887816343,0.0,8.841121836570131e-05,0.0,0.99999
7c 2h Kh 2s 9s,3d Kc,1,0,1,9.997480634880012e-07,0.0010801489255863376,1.00510201918191e-06,0.0010796656705363552,11,11,0.0,1e-05,1.0,0.99999,1.0,0.99999
7c 2h Kh 2s 9s,3d Kd,1,0,1,0.0005458805811079146,0.0010801489255863374,0.0005491259215569693,0.001080226886187726,11,11,0.0,1e-05,1.0,0.99999,1.0,0.99999
7c 2h Kh 2s 9s,3d Ks,1,0,1,9.997480634880012e-07,0.0010801489255863376,1.005691712962977e-06,0.0010795840985687174,11,11,0.0,1e-05,1.0,0.99999,1.0,0.99999
7c 2h Kh 2s 9s,3d Ac,1,0,1,0.0010917611622158292,0.0010801489255863376,0.0010865509133641492,0.001060850240977204,0,8,1.0,0.9999115887816343,0.0,8.841121836570131e-05,1.0,0.99999
7c 2h Kh 2s 9s,3d Ad,1,0,1,0.0010917611622158292,9.998580201611371e-07,0.001085264171548789,9.826990329007253e-07,0,8,1.0,0.9999115887816343,0.0,8.841121836570131e-05,1.0,0.99999
7c 2h Kh 2s 9s,3d Ah,1,0,1,0.0010917611622158292,0.0010801489255863376,0.001084380686314095,0.0010612761715045847,0,8,1.0,0.9999115887816343,0.0,8.841121836570131e-05,1.0,0.99999
7c 2h Kh 2s 9s,3d As,1,0,1,0.0005458805811079146,0.0010801489255863376,0.0005436598497361707,0.0010608009757619961,0,8,1.0,0.9999115887816343,0.0,8.841121836570131e-05,1.0,0.99999
7c 2h Kh 2s 9s,3h 3s,1,0,1,0.0010917611622158292,0.0010801489255863376,0.0010944662053456564,0.0010736681208317381,15,15,1.0,0.37497884270299303,0.0,0.625021157297007,0.0,0.5253447651931814
7c 2h Kh 2s 9s,3h 4c,1,0,1,0.0008268254353512308,0.0010801489255863376,0.0008259505790597611,0.0010978258844810459,2,1,0.0,0.37451114677812136,1.0,0.6254888532218786,0.0,1e-05
7c 2h Kh 2s 9s,3h 4d,1,0,1,0.0008268254353512308,0.0010801489255863376,0.0008259505790597611,0.0010984622084448618,2,1,0.0,0.37451114677812136,1.0,0.6254888532218786,0.0,1e-05
7c 2h Kh 2s 9s,3h 4h,1,0,1,0.0010917611622158292,9.998580201611371e-07,0.0010880324962688548,1.0156787980209169e-06,2,1,1.0,0.37451114677812136,0.0,0.6254888532218786,0.0,1e-05
7c 2h Kh 2s 9s,3h 4s,1,0,1,0.0008268254353512308,0.0010801489255863376,0.0008259505790597611,0.0010985228486017583,2,1,0.0,0.37451114677812136,1.0,0.6254888532218786,0.0,1e-05
7c 2h Kh 2s 9s,3h 5c,1,0,1,9.997480634880012e-07,0.0010801489255863374,9.983697601793745e-07,0.0010837463160825712,2,1,1.0,0.37451114677812136,0.0,0.6254888532218786,0.0,1e-05
7c 2h Kh 2s 9s,3h 5d,1,0,1,9.997480634880012e-07,0.0010801489255863374,9.983697601793745e-07,0.001082129504730954,2,1,1.0,0.37451114677812136,0.0,0.6254888532218786,0.0,1e-05
7c 2h Kh 2s 9s,3h 5h,1,0,1,0.0010917611622158292,0.0010801489255863376,0.0010902560049896558,0.0010827142260163218,2,1,1.0,0.37451114677812136,0.0,0.6254888532218786,0.0,1e-05
7c 2h Kh 2s 9s,3h 5s,1,0,1,9.997480634880012e-07,0.0010801489255863374,9.983697601793745e-07,0.0010824850583717556,2,1,1.0,0.37451114677812136,0.0,0.6254888532218786,0.0,1e-05
7c 2h Kh 2s 9s,3h 6c,1,0,1,0.0012672225983941501,9.998580201611371e-07,0.0012784491951339802,9.908633053984092e-07,2,1,0.4752698967898842,0.37451114677812136,0.5247301032101158,0.6254888532218786,0.0,1e-05
7c 2h Kh 2s 9s,3h 6d,1,0,1,0.0012672225983941501,9.998580201611371e-07,0.0012784491951339802,9.939360779773985e-07,2,1,0.0,0.37451114677812136,1.0,0.6254888532218786,0.0,1e-05
7c 2h Kh 2s 9s,3h 6h,1,0,1,0.0010917611622158292,9.998580201611371e-07,0.0011023695977185081,9.963474599632768e-07,2,1,0.0,0.37451114677812136,1.0,0.6254888532218786,0.0,1e-05
7c 2h Kh 2s 9s,3h 6s,1,0,1,0.0012672225983941501,9.998580201611371e-07,0.0012810294986860885,9.965390629824555e-07,2,1,0.5994768224003948,0.37451114677812136,0.40052317759960515,0.6254888532218786,0.0,1e-05
7c 2h Kh 2s 9s,3h 7d,1,0,1,0.0010917611622158292,0.0010801489255863374,0.0010938246227346479,0.0010778950261191877,9,6,0.0,3.8165858961421845e-05,1.0,0.9999618341410386,1.0,0.99999
7c 2h Kh 2s 9s,3h 7h,1,0,1,0.0010917611622158292,0.0010801489255863376,0.0010951125567477894,0.0010800922526155708,9,6,0.0,3.8165858961421845e-05,1.0,0.9999618341410386,1.0,0.99999
7c 2h Kh 2s 9s,3h 7s,1,0,1,0.0010917611622158292,0.0010801489255863374,0.0010938246227346479,0.0010778950261191877,9,6,0.0,3.8165858961421845e-05,1.0,0.9999618341410386,1.0,0.99999
7c 2h Kh 2s 9s,3h 8c,1,0,1,9.997480634880012e-07,0.0010801489255863376,1.002225126901035e-06,0.0010725738502409023,3,12,1.0,0.9998566222964465,0.0,0.00014337770355357494,1.0,0.0043046552623303026
7c 2h Kh 2s 9s,3h 8d,1,0,1,9.997480634880012e-07,0.0010801489255863376,1.002225126901035e-06,0.0010760937350019623,3,12,1.0,0.9998566222964465,0.0,0.00014337770355357494,1.0,0.0043046552623303026
7c 2h Kh 2s 9s,3h 8h,1,0,1,0.0010917611622158292,0.0010801489255863376,0.001097039688976377,0.001074466712844293,3,12,1.0,0.9998566222964465,0.0,0.00014337770355357494,1.0,0.0043046552623303026
7c 2h Kh 2s 9s,3h 8s,1,0,1,9.997480634880012e-07,0.0010801489255863376,1.003403422743236e-06,0.0010749723632980258,3,12,1.0,0.9998566222964465,0.0,0.00014337770355357494,1.0,0.0043046552623303026
7c 2h Kh 2s 9s,3h 9c,1,0,1,0.0015422835413074934,0.0010801489255863374,0.0015359301862674355,0.0010849294719505926,7,13,0.0,1.3605422139158381e-05,1.0,0.9999863945778609,1.0,0.99999
7c 2h Kh 2s 9s,3h 9d,1,0,1,0.0015422835413074934,0.0010801489255863374,0.0015359301862674355,0.0010862162265761722,7,13,0.0,1.3605422139158381e-05,1.0,0.9999863945778609,1.0,0.99999
7c 2h Kh 2s 9s,3h 9h,1,0,1,0.0010917611622158292,9.998580201611371e-07,0.0010846902265299419,1.0037667829372363e-06,7,13,0.0,1.3605422139158381e-05,1.0,0.9999863945778609,1.0,0.99999
7c 2h Kh 2s 9s,3h Tc,1,0,1,9.997480634880012e-07,0.0010801489255863376,1.0051295631304286e-06,0.0010812022218836823,5,7,1.0,0.9999095403723886,0.0,9.045962761140281e-05,0.0,0.9931949709900768
7c 2h Kh 2s 9s,3h Td,1,0,1,9.997480634880012e-07,0.0010801489255863376,1.0063078589726296e-06,0.0010799154672581027,5,7,1.0,0.9999095403723886,0.0,9.045962761140281e-05,0.0,0.9931949709900768
7c 2h Kh 2s 9s,3h Th,1,0,1,0.0010917611622158292,9.998580201611371e-07,0.0010969494794054835,1.0038157396716705e-06,5,7,1.0,0.9999095403723886,0.0,9.045962761140281e-05,1.0,0.9931949709900768
7c 2h Kh 2s 9s,3h Ts,1,0,1,9.997480634880012e-07,0.0010801489255863376,1.00567740767542e-06,0.0010817594787906248,5,7,1.0,0.9999095403723886,0.0,9.045962761140281e-05,0.0,0.9931949709900768
7c 2h Kh 2s 9s,3h Jc,1,0,1,0.0011352322903379081,0.0010801489255863374,0.0011401798336496244,0.001082301740026514,6,3,1.0,0.9999116457517904,0.0,8.83542482096646e-05,1.0,0.9999593800444955
7c 2h Kh 2s 9s,3h Jd,1,0,1,0.0011352322903379081,0.0010801489255863374,0.0011388418570768362,0.0010803141668563497,6,3,1.0,0.9999116457517904,0.0,8.83542482096646e-05,1.0,0.9999593800444955
7c 2h Kh 2s 9s,3h Jh,1,0,1,0.0010917611622158292,0.0010801489255863376,0.0010952325088393602,0.0010811347731314413,6,3,1.0,0.9999116457517904,0.0,8.83542482096646e-05,1.0,0.9999593800444955
7c 2h Kh 2s 9s,3h Js,1,0,1,0.0011352322903379081,0.0010801489255863374,0.0011388418570768362,0.0010813017895827976,6,3,1.0,0.9999116457517904,0.0,8.83542482096646e-05,1.0,0.9999593800444955
7c 2h Kh 2s 9s,3h Qc,1,0,1,0.004367044648863317,0.0010801489255863376,0.004348811661216805,0.0010592027646290705,0,10,1.0,0.9999115887816343,0.0,8.841121836570131e-05,0.0,0.99999
7c 2h Kh 2s 9s,3h Qd,1,0,1,0.004367044648863317,0.0010801489255863376,0.004353958628478247,0.001057889851642592,0,10,1.0,0.9999115887816343,0.0,8.841121836570131e-05,0.0,0.99999
7c 2h Kh 2s 9s,3h Qh,1,0,1,0.0010917611622158292,0.0010801489255863374,0.0010889468179702683,0.0010582706827732384,0,10,1.0,0.9999115887816343,0.0,8.841121836570131e-05,0.0,0.99999
7c 2h Kh 2s 9s,3h Qs,1,0,1,0.004367044648863317,0.0010801489255863376,0.004355787271881073,0.001060082531644368,0,10,1.0,0.9999115887816343,0.0,8.841121836570131e-05,0.07516174482975749,0.99999
7c 2h Kh 2s 9s,3h Kc,1,0,1,9.997480634880012e-07,0.0010801489255863376,1.00510201918191e-06,0.0010802816376539594,11,11,0.0,1e-05,1.0,0.99999,1.0,0.99999
7c 2h Kh 2s 9s,3h Kd,1,0,1,9.997480634880012e-07,0.0010801489255863376,1.0056917129629771e-06,0.0010802000656863215,11,11,0.0,1e-05,1.0,0.99999,1.0,0.99999
7c 2h Kh 2s 9s,3h Ks,1,0,1,9.997480634880012e-07,0.0010801489255863376,1.005691712962977e-06,0.0010802000656863215,11,11,0.0,1e-05,1.0,0.99999,1.0,0.99999
7c 2h Kh 2s 9s,3h Ac,1,0,1,0.0010917611622158292,0.0010801489255863376,0.0010865509133641492,0.0010614662080948082,0,8,1.0,0.9999115887816343,0.0,8.841121836570131e-05,1.0,0.99999
7c 2h Kh 2s 9s,3h Ad,1,0,1,0.0010917611622158292,0.0010801489255863376,0.0010865509133641492,0.0010622279991853126,0,8,1.0,0.9999115887816343,0.0,8.841121836570131e-05,1.0,0.99999
7c 2h Kh 2s 9s,3h Ah,1,0,1,0.0010917611622158292,9.998580201611371e-07,0.0010830939444987347,9.829583182440356e-07,0,8,1.0,0.9999115887816343,0.0,8.841121836570131e-05,1.0,0.99999
7c 2h Kh 2s 9s,3h As,1,0,1,0.0010917611622158292,0.0010801489255863376,0.0010873196994723414,0.001062060909886171,0,8,1.0,0.9999115887816343,0.0,8.841121836570131e-05,1.0,0.99999
7c 2h Kh 2s 9s,3s 4c,1,0,1,0.0008268254353512308,0.0010801489255863376,0.0008249760885773275,0.0010979651976008537,2,1,0.0,0.37451114677812136,1.0,0.6254888532218786,0.0,1e-05
7c 2h Kh 2s 9s,3s 4d,1,0,1,0.0008268254353512308,0.0010801489255863376,0.0008249760885773275,0.0010986015215646695,2,1,0.0,0.37451114677812136,1.0,0.6254888532218786,0.0,1e-05
7c 2h Kh 2s 9s,3s 4h,1,0,1,0.0008268254353512308,0.0010801489255863376,0.0008240015980948939,0.0010970669208809705,2,1,0.0,0.37451114677812136,1.0,0.6254888532218786,0.0,1e-05
7c 2h Kh 2s 9s,3s 4s,1,0,1,0.0010917611622158292,9.998580201611371e-07,0.0010880324962688546,1.0172844170680963e-06,2,1,1.0,0.37451114677812136,0.0,0.6254888532218786,0.0,1e-05
7c 2h Kh 2s 9s,3s 5c,1,0,1,9.997480634880012e-07,0.0010801489255863374,9.971914643371734e-07,0.001083885629202379,2,1,1.0,0.37451114677812136,0.0,0.6254888532218786,0.0,1e-05
7c 2h Kh 2s 9s,3s 5d,1,0,1,9.997480634880012e-07,0.0010801489255863374,9.971914643371734e-07,0.0010822688178507617,2,1,1.0,0.37451114677812136,0.0,0.6254888532218786,0.0,1e-05
7c 2h Kh 2s 9s,3s 5h,1,0,1,9.997480634880012e-07,0.0010801489255863374,9.971914643371734e-07,0.0010815667845105502,2,1,1.0,0.37451114677812136,0.0,0.6254888532218786,0.0,1e-05
7c 2h Kh 2s 9s,3s 5s,1,0,1,0.0010917611622158292,0.0010801489255863376,0.0010889692631742953,0.0010839111261171427,2,1,1.0,0.37451114677812136,0.0,0.6254888532218786,0.0,1e-05
7c 2h Kh 2s 9s,3s 6c,1,0,1,0.0012672225983941501,9.998580201611371e-07,0.0012769556557380433,9.909922629308884e-07,2,1,0.0,0.37451114677812136,1.0,0.6254888532218786,0.0,1e-05
7c 2h Kh 2s 9s,3s 6d,1,0,1,0.0012672225983941501,9.998580201611371e-07,0.0012769556557380433,9.940650355098775e-07,2,1,0.0,0.37451114677812136,1.0,0.6254888532218786,0.0,1e-05
7c 2h Kh 2s 9s,3s 6h,1,0,1,0.0012672225983941501,9.998580201611371e-07,0.0012780424198942145,9.966680205149346e-07,2,1,0.9203984986708624,0.37451114677812136,0.07960150132913754,0.6254888532218786,0.0,1e-05
7c 2h Kh 2s 9s,3s 6s,1,0,1,0.0010917611622158292,9.998580201611371e-07,0.0011023695977185081,9.96476417495756e-07,2,1,0.0,0.37451114677812136,1.0,0.6254888532218786,0.0,1e-05
7c 2h Kh 2s 9s,3s 7d,1,0,1,0.0010917611622158292,0.0010801489255863374,0.0010925378809192878,0.0010780343392389957,9,6,0.0,3.8165858961421845e-05,1.0,0.9999618341410386,1.0,0.99999
7c 2h Kh 2s 9s,3s 7h,1,0,1,0.0010917611622158292,0.0010801489255863374,0.0010938258149324294,0.0010802315657353785,9,6,0.0,3.8165858961421845e-05,1.0,0.9999618341410386,1.0,0.99999
7c 2h Kh 2s 9s,3s 7s,1,0,1,0.0010917611622158292,0.0010801489255863376,0.0010925378809192878,0.0010780343392389955,9,6,0.0,3.8165858961421845e-05,1.0,0.9999618341410386,1.0,0.99999
7c 2h Kh 2s 9s,3s 8c,1,0,1,9.997480634880012e-07,0.0010801489255863376,1.0010468310588338e-06,0.00107271316336071,3,12,1.0,0.9998566222964465,0.0,0.00014337770355357494,1.0,0.0043046552623303026
7c 2h Kh 2s 9s,3s 8d,1,0,1,9.997480634880012e-07,0.0010801489255863376,1.0010468310588338e-06,0.00107623304812177,3,12,1.0,0.9998566222964465,0.0,0.00014337770355357494,1.0,0.0043046552623303026
7c 2h Kh 2s 9s,3s 8h,1,0,1,9.997480634880012e-07,0.0010801489255863376,1.003403422743236e-06,0.0010733192713385214,3,12,1.0,0.9998566222964465,0.0,0.00014337770355357494,1.0,0.0043046552623303026
7c 2h Kh 2s 9s,3s 8s,1,0,1,0.0010917611622158292,0.0010801489255863376,0.0010944662053456564,0.0010763984310434129,3,12,1.0,0.9998566222964465,0.0,0.00014337770355357494,1.0,0.0043046552623303026
7c 2h Kh 2s 9s,3s 9c,1,0,1,0.0015422835413074934,0.0010801489255863374,0.0015341124620321142,0.0010850687850704004,7,13,0.0,1.3605422139158381e-05,1.0,0.9999863945778609,1.0,0.99999
7c 2h Kh 2s 9s,3s 9d,1,0,1,0.0015422835413074934,0.0010801489255863374,0.0015341124620321142,0.00108635553969598,7,13,0.0,1.3605422139158381e-05,1.0,0.9999863945778609,1.0,0.99999
7c 2h Kh 2s 9s,3s 9h,1,0,1,0.0015422835413074934,0.0010801489255863374,0.0015322947377967929,0.0010850423585378173,7,13,0.0,1.3605422139158381e-05,1.0,0.9999863945778609,1.0,0.99999
7c 2h Kh 2s 9s,3s Tc,1,0,1,9.997480634880012e-07,0.0010801489255863376,1.0039512672882275e-06,0.00108134153500349,5,7,1.0,0.9999095403723886,0.0,9.045962761140281e-05,0.0,0.9931949709900768
7c 2h Kh 2s 9s,3s Td,1,0,1,9.997480634880012e-07,0.0010801489255863376,1.0051295631304284e-06,0.0010800547803779105,5,7,1.0,0.9999095403723886,0.0,9.045962761140281e-05,0.0,0.9931949709900768
7c 2h Kh 2s 9s,3s Th,1,0,1,9.997480634880012e-07,0.0010801489255863376,1.0044991118332188e-06,0.0010832770175972098,5,7,1.0,0.9999095403723886,0.0,9.045962761140281e-05,0.0,0.9931949709900768
7c 2h Kh 2s 9s,3s Ts,1,0,1,0.0010917611622158292,9.998580201611371e-07,0.0010956627375901232,1.002668919416593e-06,5,7,1.0,0.9999095403723886,0.0,9.045962761140281e-05,1.0,0.9931949709900768
7c 2h Kh 2s 9s,3s Jc,1,0,1,0.0011352322903379081,0.0010801489255863374,0.0011388418570768362,0.0010824410531463217,6,3,1.0,0.9999116457517904,0.0,8.83542482096646e-05,0.9684644859463439,0.9999593800444955
7c 2h Kh 2s 9s,3s Jd,1,0,1,0.0011352322903379081,0.0010801489255863374,0.001137503880504048,0.0010804534799761574,6,3,1.0,0.9999116457517904,0.0,8.83542482096646e-05,1.0,0.9999593800444955
7c 2h Kh 2s 9s,3s Jh,1,0,1,0.0005676161451689541,0.0010801489255863374,0.000568751940252024,0.0010806557603585207,6,3,1.0,0.9999116457517904,0.0,8.83542482096646e-05,1.0,0.9999593800444955
7c 2h Kh 2s 9s,3s Js,1,0,1,0.0010917611622158292,0.0010801489255863376,0.0010939457670239997,0.0010813898204749207,6,3,1.0,0.9999116457517904,0.0,8.83542482096646e-05,1.0,0.9999593800444955
7c 2h Kh 2s 9s,3s Qc,1,0,1,0.004367044648863317,0.0010801489255863376,0.004343664693955364,0.0010593420777488783,0,10,1.0,0.9999115887816343,0.0,8.841121836570131e-05,0.0,0.99999
7c 2h Kh 2s 9s,3s Qd,1,0,1,0.004367044648863317,0.0010801489255863376,0.004348811661216805,0.0010580291647623997,0,10,1.0,0.9999115887816343,0.0,8.841121836570131e-05,0.0,0.99999
7c 2h Kh 2s 9s,3s Qh,1,0,1,0.004367044648863317,0.0010801489255863376,0.004350640304619633,0.0010622737979324706,0,10,1.0,0.9999115887816343,0.0,8.841121836570131e-05,0.0,0.99999
7c 2h Kh 2s 9s,3s Qs,1,0,1,0.0010917611622158292,0.0010801489255863374,0.001087660076154908,0.0010563580427247513,0,10,1.0,0.9999115887816343,0.0,8.841121836570131e-05,0.0,0.99999
7c 2h Kh 2s 9s,3s Kc,1,0,1,9.997480634880012e-07,0.0010801489255863376,1.003923723339709e-06,0.0010804209507737671,11,11,0.0,1e-05,1.0,0.99999,1.0,0.99999
7c 2h Kh 2s 9s,3s Kd,1,0,1,9.997480634880012e-07,0.0010801489255863376,1.004513417120776e-06,0.0010803393788061293,11,11,0.0,1e-05,1.0,0.99999,1.0,0.99999
7c 2h Kh 2s 9s,3s Ks,1,0,1,0.0005458805811079146,0.0010801489255863374,0.0005484825506492891,0.001080982166425138,11,11,0.0,1e-05,1.0,0.99999,1.0,0.99999
7c 2h Kh 2s 9s,3s Ac,1,0,1,0.0010917611622158292,0.0010801489255863376,0.001085264171548789,0.001061605521214616,0,8,1.0,0.9999115887816343,0.0,8.841121836570131e-05,1.0,0.99999
7c 2h Kh 2s 9s,3s Ad,1,0,1,0.0005458805811079146,0.0010801489255863376,0.0005426320857743945,0.0010617233452985496,0,8,1.0,0.9999115887816343,0.0,8.841121836570131e-05,1.0,0.99999
7c 2h Kh 2s 9s,3s Ah,1,0,1,0.0010917611622158292,0.0010801489255863376,0.0010830939444987347,0.0010620314517419968,0,8,1.0,0.9999115887816343,0.0,8.841121836570131e-05,1.0,0.99999
7c 2h Kh 2s 9s,3s As,1,0,1,0.0010917611622158292,9.998580201611371e-07,0.0010847462158416208,9.8324350173561e-07,0,8,1.0,0.9999115887816343,0.0,8.841121836570131e-05,1.0,0.99999
7c 2h Kh 2s 9s,4c 4d,1,0,1,0.0006216096790650818,0.0010801489255863376,0.0006180214609529257,0.0011228297359536026,15,9,1.0,0.37497884270299303,0.0,0.625021157297007,1.0,0.9041822713461574
7c 2h Kh 2s 9s,4c 4h,1,0,1,0.0006216096790650818,0.0010801489255863376,0.0006172888362777062,0.0011212951352699036,15,9,1.0,0.37497884270299303,0.0,0.625021157297007,1.0,0.9041822713461574
7c 2h Kh 2s 9s,4c 4s,1,0,1,0.0006216096790650818,0.0010801489255863376,0.0006180214609529257,0.0011228903761104992,15,9,1.0,0.37497884270299303,0.0,0.625021157297007,1.0,0.9041822713461574
7c 2h Kh 2s 9s,4c 5c,1,0,1,0.0010917611622158292,0.0010801489255863376,0.0010851090377282145,0.0011096426881186951,2,1,1.0,0.37451114677812136,0.0,0.6254888532218786,0.0,1e-05
7c 2h Kh 2s 9s,4c 5d,1,0,1,0.0014257194301861636,0.0010801489255863374,0.0014170324907141999,0.0011084198422488833,2,1,1.0,0.37451114677812136,0.0,0.6254888532218786,0.0,1e-05
7c 2h Kh 2s 9s,4c 5h,1,0,1,0.0014257194301861636,0.0010801489255863374,0.0014170324907141999,0.0011077178089086716,2,1,0.0,0.37451114677812136,1.0,0.6254888532218786,0.0,1e-05
7c 2h Kh 2s 9s,4c 5s,1,0,1,0.0014257194301861636,0.0010801489255863374,0.0014170324907141997,0.0011087753958896847,2,1,0.0,0.37451114677812136,1.0,0.6254888532218786,0.0,1e-05
7c 2h Kh 2s 9s,4c 6c,1,0,1,9.997480634880012e-07,0.0010801489255863374,1.005070158439795e-06,0.0010935477880811293,2,1,0.0,0.37451114677812136,1.0,0.6254888532218786,0.0,1e-05
7c 2h Kh 2s 9s,4c 6d,1,0,1,9.997480634880012e-07,0.0010801489255863376,1.005070158439795e-06,0.0010968673113862797,2,1,0.0,0.37451114677812136,1.0,0.6254888532218786,0.0,1e-05
7c 2h Kh 2s 9s,4c 6h,1,0,1,9.997480634880012e-07,0.0010801489255863376,1.0059275376894842e-06,0.001099679322091636,2,1,0.0,0.37451114677812136,1.0,0.6254888532218786,0.0,1e-05
7c 2h Kh 2s 9s,4c 6s,1,0,1,9.997480634880012e-07,0.0010801489255863376,1.0071058335316855e-06,0.001099679322091636,2,1,0.0,0.37451114677812136,1.0,0.6254888532218786,0.0,1e-05
7c 2h Kh 2s 9s,4c 7d,1,0,1,0.0010917611622158292,0.0010801489255863376,0.0010886776554732067,0.0011025046435297321,9,6,0.0,3.8165858961421845e-05,1.0,0.9999618341410386,1.0,0.99999
7c 2h Kh 2s 9s,4c 7h,1,0,1,0.0010917611622158292,0.0010801489255863376,0.0010899655894863482,0.0011047018700261152,9,6,0.0,3.8165858961421845e-05,1.0,0.9999618341410386,1.0,0.99999
7c 2h Kh 2s 9s,4c 7s,1,0,1,0.0010917611622158292,0.0010801489255863376,0.0010886776554732067,0.0011025046435297321,9,6,0.0,3.8165858961421845e-05,1.0,0.9999618341410386,1.0,0.99999
7c 2h Kh 2s 9s,4c 8c,1,0,1,0.0010917611622158292,0.0010801489255863374,0.001089319238084215,0.001098470222277026,3,12,1.0,0.9998566222964465,0.0,0.00014337770355357494,1.0,0.0043046552623303026
7c 2h Kh 2s 9s,4c 8d,1,0,1,9.997480634880012e-07,0.0010801489255863374,9.975119435322306e-07,0.0011007033524125065,3,12,1.0,0.9998566222964465,0.0,0.00014337770355357494,1.0,0.0043046552623303026
7c 2h Kh 2s 9s,4c 8h,1,0,1,9.997480634880012e-07,0.0010801489255863374,9.998685352166328e-07,0.0010977895756292579,3,12,1.0,0.9998566222964465,0.0,0.00014337770355357494,1.0,0.0043046552623303026
7c 2h Kh 2s 9s,4c 8s,1,0,1,9.997480634880012e-07,0.0010801489255863374,9.986902393744317e-07,0.00109958198070857,3,12,1.0,0.9998566222964465,0.0,0.00014337770355357494,1.0,0.0043046552623303026
7c 2h Kh 2s 9s,4c 9c,1,0,1,0.0010917611622158292,0.0010801489255863374,0.0010821167428992212,0.0011090076149729699,7,13,0.0,1.3605422139158381e-05,1.0,0.9999863945778609,1.0,0.99999
7c 2h Kh 2s 9s,4c 9d,1,0,1,9.997480634880012e-07,0.0010801489255863374,9.909164711315961e-07,0.0011090076149729699,7,13,0.0,1.3605422139158381e-05,1.0,0.9999863945778609,1.0,0.99999
7c 2h Kh 2s 9s,4c 9h,1,0,1,9.997480634880012e-07,0.0010801489255863374,9.897381752893949e-07,0.0011076944338148072,7,13,0.0,1.3605422139158381e-05,1.0,0.9999863945778609,1.0,0.99999
7c 2h Kh 2s 9s,4c Tc,1,0,1,0.0010917611622158292,0.0010801489255863374,0.001092490987837169,0.001107098593919806,5,7,1.0,0.9999095403723886,0.0,9.045962761140281e-05,1.0,0.9931949709900768
7c 2h Kh 2s 9s,4c Td,1,0,1,9.997480634880012e-07,0.0010801489255863376,1.0015946756038254e-06,0.0011045250846686472,5,7,1.0,0.9999095403723886,0.0,9.045962761140281e-05,1.0,0.9931949709900768
7c 2h Kh 2s 9s,4c Th,1,0,1,9.997480634880012e-07,0.0010801489255863376,1.0009642243066156e-06,0.0011077473218879467,5,7,1.0,0.9999095403723886,0.0,9.045962761140281e-05,0.725957590767973,0.9931949709900768
7c 2h Kh 2s 9s,4c Ts,1,0,1,9.997480634880012e-07,0.0010801489255863376,1.0009642243066156e-06,0.0011063690962011695,5,7,1.0,0.9999095403723886,0.0,9.045962761140281e-05,1.0,0.9931949709900768
7c 2h Kh 2s 9s,4c Jc,1,0,1,9.997480634880012e-07,0.0010801489255863376,9.993919591831119e-07,0.0011055733205837944,6,3,1.0,0.9999116457517904,0.0,8.83542482096646e-05,1.0,0.9999593800444955
7c 2h Kh 2s 9s,4c Jd,1,0,1,9.997480634880012e-07,0.0010801489255863376,9.982136633409108e-07,0.00110358574741363,6,3,1.0,0.9999116457517904,0.0,8.83542482096646e-05,1.0,0.9999593800444955
7c 2h Kh 2s 9s,4c Jh,1,0,1,9.997480634880012e-07,0.0010801489255863376,9.982136633409108e-07,0.0011044576359164064,6,3,1.0,0.9999116457517904,0.0,8.83542482096646e-05,1.0,0.9999593800444955
7c 2h Kh 2s 9s,4c Js,1,0,1,9.997480634880012e-07,0.0010801489255863376,9.982136633409108e-07,0.001104573370140078,6,3,1.0,0.9999116457517904,0.0,8.83542482096646e-05,1.0,0.9999593800444955
7c 2h Kh 2s 9s,4c Qc,1,0,1,0.0010917611622158292,9.998580201611371e-07,0.0010807692062273996,9.996725668996673e-07,0,10,1.0,0.9999115887816343,0.0,8.841121836570131e-05,1.0,0.99999
7c 2h Kh 2s 9s,4c Qd,1,0,1,9.997480634880012e-07,0.0010801489255863374,9.920390958782127e-07,0.0010773489123881324,0,10,1.0,0.9999115887816343,0.0,8.841121836570131e-05,1.0,0.99999
7c 2h Kh 2s 9s,4c Qh,1,0,1,9.997480634880012e-07,0.0010801489255863374,9.924577274352e-07,0.0010815935455582033,0,10,1.0,0.9999115887816343,0.0,8.841121836570131e-05,1.0,0.99999
7c 2h Kh 2s 9s,4c Qs,1,0,1,9.997480634880012e-07,0.0010801489255863374,9.924577274352e-07,0.0010795415923899087,0,10,1.0,0.9999115887816343,0.0,8.841121836570131e-05,1.0,0.99999
7c 2h Kh 2s 9s,4c Kc,1,0,1,0.0005458805811079146,9.998580201611371e-07,0.0005455870835152831,1.0233561807583449e-06,11,11,0.0,1e-05,1.0,0.99999,1.0,0.99999
7c 2h Kh 2s 9s,4c Kd,1,0,1,0.0002679777398166126,0.0010801489255863376,0.0002683075604365221,0.0011051246329670747,11,11,0.0,1e-05,1.0,0.99999,1.0,0.99999
7c 2h Kh 2s 9s,4c Ks,1,0,1,0.0002679777398166126,0.0010801489255863376,0.0002683075604365221,0.0011051246329670747,11,11,0.0,1e-05,1.0,0.99999,1.0,0.99999
7c 2h Kh 2s 9s,4c Ac,1,0,1,0.0010917611622158292,9.998580201611371e-07,0.0010801172042873477,1.0053443547566119e-06,0,8,1.0,0.9999115887816343,0.0,8.841121836570131e-05,1.0,0.99999
7c 2h Kh 2s 9s,4c Ad,1,0,1,0.0002714239556064353,0.0010801489255863376,0.0002688490366005343,0.0010858698772887605,0,8,1.0,0.9999115887816343,0.0,8.841121836570131e-05,1.0,0.99999
7c 2h Kh 2s 9s,4c Ah,1,0,1,0.0002714239556064353,0.0010801489255863376,0.00026830949404225686,0.0010855340167256367,0,8,1.0,0.9999115887816343,0.0,8.841121836570131e-05,1.0,0.99999
7c 2h Kh 2s 9s,4c As,1,0,1,0.0002714239556064353,0.0010801489255863376,0.00026904016536909874,0.0010857027879896189,0,8,1.0,0.9999115887816343,0.0,8.841121836570131e-05,1.0,0.99999
7c 2h Kh 2s 9s,4d 4h,1,0,1,0.0006216096790650818,0.0010801489255863376,0.0006172888362777062,0.0011219314592337195,15,9,1.0,0.37497884270299303,0.0,0.625021157297007,1.0,0.9041822713461574
7c 2h Kh 2s 9s,4d 4s,1,0,1,0.0006216096790650818,0.0010801489255863376,0.0006180214609529259,0.001123526700074315,15,9,1.0,0.37497884270299303,0.0,0.625021157297007,1.0,0.9041822713461574
7c 2h Kh 2s 9s,4d 5c,1,0,1,0.0014257194301861636,0.0010801489255863374,0.0014170324907141997,0.0011106729775643162,2,1,1.0,0.37451114677812136,0.0,0.6254888532218786,0.0,1e-05
7c 2h Kh 2s 9s,4d 5d,1,0,1,0.0010917611622158292,0.0010801489255863376,0.0010851090377282145,0.0011086622007308938,2,1,0.0,0.37451114677812136,1.0,0.6254888532218786,0.0,1e-05
7c 2h Kh 2s 9s,4d 5h,1,0,1,0.0014257194301861636,0.0010801489255863374,0.0014170324907141997,0.0011083541328724875,2,1,0.0,0.37451114677812136,1.0,0.6254888532218786,0.0,1e-05
7c 2h Kh 2s 9s,4d 5s,1,0,1,0.0014257194301861636,0.0010801489255863374,0.0014170324907141997,0.0011094117198535006,2,1,0.3561826526306483,0.37451114677812136,0.6438173473693517,0.6254888532218786,0.0,1e-05
7c 2h Kh 2s 9s,4d 6c,1,0,1,9.997480634880012e-07,0.0010801489255863376,1.005070158439795e-06,0.0010941841120449452,2,1,0.0,0.37451114677812136,1.0,0.6254888532218786,0.0,1e-05
7c 2h Kh 2s 9s,4d 6d,1,0,1,9.997480634880012e-07,0.0010801489255863374,1.005070158439795e-06,0.0010975036353500956,2,1,0.0,0.37451114677812136,1.0,0.6254888532218786,0.0,1e-05
7c 2h Kh 2s 9s,4d 6h,1,0,1,9.997480634880012e-07,0.0010801489255863376,1.0059275376894842e-06,0.001100315646055452,2,1,0.0,0.37451114677812136,1.0,0.6254888532218786,0.0,1e-05
7c 2h Kh 2s 9s,4d 6s,1,0,1,9.997480634880012e-07,0.0010801489255863376,1.0071058335316855e-06,0.001100315646055452,2,1,0.0,0.37451114677812136,1.0,0.6254888532218786,0.0,1e-05
7c 2h Kh 2s 9s,4d 7d,1,0,1,0.0010917611622158292,0.0010801489255863374,0.0010886776554732067,0.001103140967493548,9,6,0.0,3.8165858961421845e-05,1.0,0.9999618341410386,1.0,0.99999
7c 2h Kh 2s 9s,4d 7h,1,0,1,0.0010917611622158292,0.0010801489255863376,0.0010899655894863482,0.001105338193989931,9,6,0.0,3.8165858961421845e-05,1.0,0.9999618341410386,1.0,0.99999
7c 2h Kh 2s 9s,4d 7s,1,0,1,0.0010917611622158292,0.0010801489255863376,0.0010886776554732067,0.001103140967493548,9,6,0.0,3.8165858961421845e-05,1.0,0.9999618341410386,1.0,0.99999
7c 2h Kh 2s 9s,4d 8c,1,0,1,9.997480634880012e-07,0.0010801489255863374,9.975119435322306e-07,0.0010978197916152624,3,12,1.0,0.9998566222964465,0.0,0.00014337770355357494,1.0,0.0043046552623303026
7c 2h Kh 2s 9s,4d 8d,1,0,1,0.0010917611622158292,0.0010801489255863374,0.0010893192380842152,0.001102626431001902,3,12,1.0,0.9998566222964465,0.0,0.00014337770355357494,1.0,0.0043046552623303026
7c 2h Kh 2s 9s,4d 8h,1,0,1,9.997480634880012e-07,0.0010801489255863374,9.998685352166328e-07,0.0010984258995930737,3,12,1.0,0.9998566222964465,0.0,0.00014337770355357494,1.0,0.0043046552623303026
7c 2h Kh 2s 9s,4d 8s,1,0,1,9.997480634880012e-07,0.0010801489255863374,9.986902393744317e-07,0.0011002183046723859,3,12,1.0,0.9998566222964465,0.0,0.00014337770355357494,1.0,0.0043046552623303026
7c 2h Kh 2s 9s,4d 9c,1,0,1,9.997480634880012e-07,0.0010801489255863374,9.909164711315961e-07,0.0011083571843112062,7,13,0.0,1.3605422139158381e-05,1.0,0.9999863945778609,1.0,0.99999
7c 2h Kh 2s 9s,4d 9d,1,0,1,0.0010917611622158292,0.0010801489255863374,0.001082116742899221,0.0011109306935623653,7,13,0.0,1.3605422139158381e-05,1.0,0.9999863945778609,1.0,0.99999
7c 2h Kh 2s 9s,4d 9h,1,0,1,9.997480634880012e-07,0.0010801489255863374,9.897381752893949e-07,0.001108330757778623,7,13,0.0,1.3605422139158381e-05,1.0,0.9999863945778609,1.0,0.99999
7c 2h Kh 2s 9s,4d Tc,1,0,1,9.997480634880012e-07,0.0010801489255863376,1.0004163797616243e-06,0.0011064481632580426,5,7,1.0,0.9999095403723886,0.0,9.045962761140281e-05,1.0,0.9931949709900768
7c 2h Kh 2s 9s,4d Td,1,0,1,0.0010917611622158292,0.0010801489255863374,0.0010937777296525294,0.0011064481632580426,5,7,1.0,0.9999095403723886,0.0,9.045962761140281e-05,1.0,0.9931949709900768
7c 2h Kh 2s 9s,4d Th,1,0,1,9.997480634880012e-07,0.0010801489255863376,1.0009642243066156e-06,0.0011083836458517626,5,7,1.0,0.9999095403723886,0.0,9.045962761140281e-05,0.725957590767973,0.9931949709900768
7c 2h Kh 2s 9s,4d Ts,1,0,1,9.997480634880012e-07,0.0010801489255863376,1.0009642243066156e-06,0.0011070054201649854,5,7,1.0,0.9999095403723886,0.0,9.045962761140281e-05,1.0,0.9931949709900768
7c 2h Kh 2s 9s,4d Jc,1,0,1,9.997480634880012e-07,0.0010801489255863376,9.993919591831119e-07,0.0011062096445476103,6,3,1.0,0.9999116457517904,0.0,8.83542482096646e-05,1.0,0.9999593800444955
7c 2h Kh 2s 9s,4d Jd,1,0,1,9.997480634880012e-07,0.0010801489255863376,9.982136633409108e-07,0.0011042220713774458,6,3,1.0,0.9999116457517904,0.0,8.83542482096646e-05,1.0,0.9999593800444955
7c 2h Kh 2s 9s,4d Jh,1,0,1,9.997480634880012e-07,0.0010801489255863376,9.982136633409108e-07,0.0011050939598802223,6,3,1.0,0.9999116457517904,0.0,8.83542482096646e-05,1.0,0.9999593800444955
7c 2h Kh 2s 9s,4d Js,1,0,1,9.997480634880012e-07,0.0010801489255863376,9.982136633409108e-07,0.001105209694103894,6,3,1.0,0.9999116457517904,0.0,8.83542482096646e-05,1.0,0.9999593800444955
7c 2h Kh 2s 9s,4d Qc,1,0,1,9.997480634880012e-07,0.0010801489255863374,9.908608000360116e-07,0.0010792981493384268,0,10,1.0,0.9999115887816343,0.0,8.841121836570131e-05,1.0,0.99999
7c 2h Kh 2s 9s,4d Qd,1,0,1,0.0010917611622158292,9.998580201611371e-07,0.00108205594804276,9.99046270891184e-07,0,10,1.0,0.9999115887816343,0.0,8.841121836570131e-05,1.0,0.99999
7c 2h Kh 2s 9s,4d Qh,1,0,1,9.997480634880012e-07,0.0010801489255863374,9.924577274352e-07,0.0010822298695220191,0,10,1.0,0.9999115887816343,0.0,8.841121836570131e-05,1.0,0.99999
7c 2h Kh 2s 9s,4d Qs,1,0,1,9.997480634880012e-07,0.0010801489255863374,9.924577274352e-07,0.0010801779163537245,0,10,1.0,0.9999115887816343,0.0,8.841121836570131e-05,1.0,0.99999
7c 2h Kh 2s 9s,4d Kc,1,0,1,0.0001339888699083063,0.0010801489255863376,0.00013407474790381823,0.0011056844642696431,11,11,0.0,1e-05,1.0,0.99999,1.0,0.99999
7c 2h Kh 2s 9s,4d Kd,1,0,1,0.0005458805811079146,9.998580201611371e-07,0.0005459090670185685,1.023869696274067e-06,11,11,0.0,1e-05,1.0,0.99999,1.0,0.99999
7c 2h Kh 2s 9s,4d Ks,1,0,1,0.0001339888699083063,0.0010801489255863376,0.00013415378021826104,0.001105602892302005,11,11,0.0,1e-05,1.0,0.99999,1.0,0.99999
7c 2h Kh 2s 9s,4d Ac,1,0,1,0.00013571197780321766,0.0010801489255863376,0.00013442451830026714,0.0010855843128090494,0,8,1.0,0.9999115887816343,0.0,8.841121836570131e-05,1.0,0.99999
7c 2h Kh 2s 9s,4d Ad,1,0,1,0.0010917611622158292,9.998580201611371e-07,0.0010801172042873477,1.0066385434717573e-06,0,8,1.0,0.9999115887816343,0.0,8.841121836570131e-05,1.0,0.99999
7c 2h Kh 2s 9s,4d Ah,1,0,1,0.0002714239556064353,0.0010801489255863376,0.0002683094940422569,0.0010861703406894526,0,8,1.0,0.9999115887816343,0.0,8.841121836570131e-05,1.0,0.99999
7c 2h Kh 2s 9s,4d As,1,0,1,0.00013571197780321766,0.0010801489255863376,0.00013452008268454937,0.0010861790146004123,0,8,1.0,0.9999115887816343,0.0,8.841121836570131e-05,1.0,0.99999
7c 2h Kh 2s 9s,4h 4s,1,0,1,0.0006216096790650818,0.0010801489255863376,0.0006172888362777062,0.001121992099390616,15,9,1.0,0.37497884270299303,0.0,0.625021157297007,1.0,0.9041822713461574
7c 2h Kh 2s 9s,4h 5c,1,0,1,0.0014257194301861636,0.0010801489255863374,0.0014153521480978085,0.0011091383768806172,2,1,0.0,0.37451114677812136,1.0,0.6254888532218786,0.0,1e-05
7c 2h Kh 2s 9s,4h 5d,1,0,1,0.0014257194301861636,0.0010801489255863374,0.0014153521480978085,0.001107521565529,2,1,0.7933640976708033,0.37451114677812136,0.20663590232919674,0.6254888532218786,0.0,1e-05
7c 2h Kh 2s 9s,4h 5h,1,0,1,0.0010917611622158292,0.0010801489255863376,0.001083822295912854,0.001106425566706983,2,1,0.0,0.37451114677812136,1.0,0.6254888532218786,0.0,1e-05
7c 2h Kh 2s 9s,4h 5s,1,0,1,0.0014257194301861636,0.0010801489255863374,0.0014153521480978083,0.0011078771191698016,2,1,0.48570702560662704,0.37451114677812136,0.514292974393373,0.6254888532218786,0.0,1e-05
7c 2h Kh 2s 9s,4h 6c,1,0,1,9.997480634880012e-07,0.0010801489255863376,1.0038918625975942e-06,0.001092649511361246,2,1,0.0,0.37451114677812136,1.0,0.6254888532218786,0.0,1e-05
7c 2h Kh 2s 9s,4h 6d,1,0,1,9.997480634880012e-07,0.0010801489255863376,1.0038918625975942e-06,0.0010959690346663963,2,1,0.0,0.37451114677812136,1.0,0.6254888532218786,0.0,1e-05
7c 2h Kh 2s 9s,4h 6h,1,0,1,9.997480634880012e-07,0.0010801489255863374,1.0047492418472833e-06,0.0010987810453717529,2,1,0.0,0.37451114677812136,1.0,0.6254888532218786,0.0,1e-05
7c 2h Kh 2s 9s,4h 6s,1,0,1,9.997480634880012e-07,0.0010801489255863376,1.0059275376894842e-06,0.0010987810453717529,2,1,0.0,0.37451114677812136,1.0,0.6254888532218786,0.0,1e-05
7c 2h Kh 2s 9s,4h 7d,1,0,1,0.0010917611622158292,0.0010801489255863376,0.0010873909136578464,0.001101606366809849,9,6,0.0,3.8165858961421845e-05,1.0,0.9999618341410386,1.0,0.99999
7c 2h Kh 2s 9s,4h 7h,1,0,1,0.0010917611622158292,0.0010801489255863374,0.001088678847670988,0.001103803593306232,9,6,0.0,3.8165858961421845e-05,1.0,0.9999618341410386,1.0,0.99999
7c 2h Kh 2s 9s,4h 7s,1,0,1,0.0010917611622158292,0.0010801489255863376,0.0010873909136578464,0.0011016063668098488,9,6,0.0,3.8165858961421845e-05,1.0,0.9999618341410386,1.0,0.99999
7c 2h Kh 2s 9s,4h 8c,1,0,1,9.997480634880012e-07,0.0010801489255863374,9.963336476900295e-07,0.001096285190931563,3,12,1.0,0.9998566222964465,0.0,0.00014337770355357494,1.0,0.0043046552623303026
7c 2h Kh 2s 9s,4h 8d,1,0,1,9.997480634880012e-07,0.0010801489255863374,9.963336476900295e-07,0.001099805075692623,3,12,1.0,0.9998566222964465,0.0,0.00014337770355357494,1.0,0.0043046552623303026
7c 2h Kh 2s 9s,4h 8h,1,0,1,0.0010917611622158292,0.0010801489255863374,0.0010906059798995752,0.001098178053534954,3,12,1.0,0.9998566222964465,0.0,0.00014337770355357494,1.0,0.0043046552623303026
7c 2h Kh 2s 9s,4h 8s,1,0,1,9.997480634880012e-07,0.0010801489255863374,9.975119435322306e-07,0.0010986837039886868,3,12,1.0,0.9998566222964465,0.0,0.00014337770355357494,1.0,0.0043046552623303026
7c 2h Kh 2s 9s,4h 9c,1,0,1,9.997480634880012e-07,0.0010801489255863374,9.89738175289395e-07,0.0011068225836275071,7,13,0.0,1.3605422139158381e-05,1.0,0.9999863945778609,1.0,0.99999
7c 2h Kh 2s 9s,4h 9d,1,0,1,9.997480634880012e-07,0.0010801489255863374,9.89738175289395e-07,0.0011081093382530865,7,13,0.0,1.3605422139158381e-05,1.0,0.9999863945778609,1.0,0.99999
7c 2h Kh 2s 9s,4h 9h,1,0,1,0.0010917611622158292,0.0010801489255863374,0.0010795432592685004,0.0011080829117205034,7,13,0.0,1.3605422139158381e-05,1.0,0.9999863945778609,1.0,0.99999
7c 2h Kh 2s 9s,4h Tc,1,0,1,9.997480634880012e-07,0.0010801489255863376,9.992380839194232e-07,0.0011049135625743433,5,7,1.0,0.9999095403723886,0.0,9.045962761140281e-05,1.0,0.9931949709900768
7c 2h Kh 2s 9s,4h Td,1,0,1,9.997480634880012e-07,0.0010801489255863376,1.000416379761624e-06,0.001103626807948764,5,7,1.0,0.9999095403723886,0.0,9.045962761140281e-05,1.0,0.9931949709900768
7c 2h Kh 2s 9s,4h Th,1,0,1,0.0010917611622158292,0.0010801489255863374,0.0010918025121440422,0.0011081357997936429,5,7,1.0,0.9999095403723886,0.0,9.045962761140281e-05,0.6192603318738913,0.9931949709900768
7c 2h Kh 2s 9s,4h Ts,1,0,1,9.997480634880012e-07,0.0010801489255863376,9.997859284644145e-07,0.001105470819481286,5,7,1.0,0.9999095403723886,0.0,9.045962761140281e-05,1.0,0.9931949709900768
7c 2h Kh 2s 9s,4h Jc,1,0,1,9.997480634880012e-07,0.0010801489255863376,9.98213663340911e-07,0.001104675043863911,6,3,1.0,0.9999116457517904,0.0,8.83542482096646e-05,1.0,0.9999593800444955
7c 2h Kh 2s 9s,4h Jd,1,0,1,9.997480634880012e-07,0.0010801489255863376,9.970353674987097e-07,0.0011026874706937468,6,3,1.0,0.9999116457517904,0.0,8.83542482096646e-05,1.0,0.9999593800444955
7c 2h Kh 2s 9s,4h Jh,1,0,1,9.997480634880012e-07,0.0010801489255863376,9.970353674987097e-07,0.001103559359196523,6,3,1.0,0.9999116457517904,0.0,8.83542482096646e-05,1.0,0.9999593800444955
7c 2h Kh 2s 9s,4h Js,1,0,1,9.997480634880012e-07,0.0010801489255863376,9.970353674987097e-07,0.0011036750934201947,6,3,1.0,0.9999116457517904,0.0,8.83542482096646e-05,1.0,0.9999593800444955
7c 2h Kh 2s 9s,4h Qc,1,0,1,9.997480634880012e-07,0.0010801489255863374,9.896825041938105e-07,0.0010777635486547278,0,10,1.0,0.9999115887816343,0.0,8.841121836570131e-05,1.0,0.99999
7c 2h Kh 2s 9s,4h Qd,1,0,1,9.997480634880012e-07,0.0010801489255863374,9.908608000360116e-07,0.0010764506356682492,0,10,1.0,0.9999115887816343,0.0,8.841121836570131e-05,1.0,0.99999
7c 2h Kh 2s 9s,4h Qh,1,0,1,0.0010917611622158292,9.998580201611371e-07,0.0010812263670781064,1.0015548580426504e-06,0,10,1.0,0.9999115887816343,0.0,8.841121836570131e-05,1.0,0.99999
7c 2h Kh 2s 9s,4h Qs,1,0,1,9.997480634880012e-07,0.0010801489255863374,9.912794315929988e-07,0.0010786433156700253,0,10,1.0,0.9999115887816343,0.0,8.841121836570131e-05,1.0,0.99999
7c 2h Kh 2s 9s,4h Kc,1,0,1,0.0002679777398166126,0.0010801489255863376,0.00026783365918022986,0.0011043079282148293,11,11,0.0,1e-05,1.0,0.99999,1.0,0.99999
7c 2h Kh 2s 9s,4h Kd,1,0,1,0.0002679777398166126,0.0010801489255863376,0.00026799172380911543,0.0011042263562471915,11,11,0.0,1e-05,1.0,0.99999,1.0,0.99999
7c 2h Kh 2s 9s,4h Ks,1,0,1,0.0002679777398166126,0.0010801489255863376,0.00026799172380911543,0.0011042263562471915,11,11,0.0,1e-05,1.0,0.99999,1.0,0.99999
7c 2h Kh 2s 9s,4h Ac,1,0,1,0.0002714239556064353,0.0010801489255863376,0.0002685291382881044,0.0010842098094783726,0,8,1.0,0.9999115887816343,0.0,8.841121836570131e-05,1.0,0.99999
7c 2h Kh 2s 9s,4h Ad,1,0,1,0.0002714239556064353,0.0010801489255863376,0.0002685291382881044,0.0010849716005688773,0,8,1.0,0.9999115887816343,0.0,8.841121836570131e-05,1.0,0.99999
7c 2h Kh 2s 9s,4h Ah,1,0,1,0.0010917611622158292,9.998580201611371e-07,0.001076660235421933,1.004907119559058e-06,0,8,1.0,0.9999115887816343,0.0,8.841121836570131e-05,1.0,0.99999
7c 2h Kh 2s 9s,4h As,1,0,1,0.0002714239556064353,0.0010801489255863376,0.0002687202670566689,0.0010848045112697357,0,8,1.0,0.9999115887816343,0.0,8.841121836570131e-05,1.0,0.99999
7c 2h Kh 2s 9s,4s 5c,1,0,1,0.0014257194301861636,0.0010801489255863374,0.0014170324907141997,0.0011107336177212128,2,1,0.0,0.37451114677812136,1.0,0.6254888532218786,0.0,1e-05
7c 2h Kh 2s 9s,4s 5d,1,0,1,0.0014257194301861636,0.0010801489255863374,0.0014170324907141997,0.0011091168063695955,2,1,0.0,0.37451114677812136,1.0,0.6254888532218786,0.0,1e-05
7c 2h Kh 2s 9s,4s 5h,1,0,1,0.0014257194301861636,0.0010801489255863374,0.0014170324907141997,0.001108414773029384,2,1,1.0,0.37451114677812136,0.0,0.6254888532218786,0.0,1e-05
7c 2h Kh 2s 9s,4s 5s,1,0,1,0.0010917611622158292,0.0010801489255863376,0.0010851090377282143,0.0011090783945285918,2,1,0.47016349490772547,0.37451114677812136,0.5298365050922745,0.6254888532218786,0.0,1e-05
7c 2h Kh 2s 9s,4s 6c,1,0,1,9.997480634880012e-07,0.0010801489255863376,1.005070158439795e-06,0.0010942447522018417,2,1,0.0,0.37451114677812136,1.0,0.6254888532218786,0.0,1e-05
7c 2h Kh 2s 9s,4s 6d,1,0,1,9.997480634880012e-07,0.0010801489255863376,1.005070158439795e-06,0.0010975642755069919,2,1,0.0,0.37451114677812136,1.0,0.6254888532218786,0.0,1e-05
7c 2h Kh 2s 9s,4s 6h,1,0,1,9.997480634880012e-07,0.0010801489255863376,1.0059275376894842e-06,0.0011003762862123484,2,1,0.0,0.37451114677812136,1.0,0.6254888532218786,0.0,1e-05
7c 2h Kh 2s 9s,4s 6s,1,0,1,9.997480634880012e-07,0.0010801489255863374,1.0071058335316855e-06,0.0011003762862123484,2,1,0.0,0.37451114677812136,1.0,0.6254888532218786,0.0,1e-05
7c 2h Kh 2s 9s,4s 7d,1,0,1,0.0010917611622158292,0.0010801489255863376,0.0010886776554732067,0.0011032016076504446,9,6,0.0,3.8165858961421845e-05,1.0,0.9999618341410386,1.0,0.99999
7c 2h Kh 2s 9s,4s 7h,1,0,1,0.0010917611622158292,0.0010801489255863376,0.0010899655894863482,0.0011053988341468276,9,6,0.0,3.8165858961421845e-05,1.0,0.9999618341410386,1.0,0.99999
7c 2h Kh 2s 9s,4s 7s,1,0,1,0.0010917611622158292,0.0010801489255863374,0.0010886776554732067,0.0011032016076504443,9,6,0.0,3.8165858961421845e-05,1.0,0.9999618341410386,1.0,0.99999
7c 2h Kh 2s 9s,4s 8c,1,0,1,9.997480634880012e-07,0.0010801489255863374,9.975119435322306e-07,0.001097880431772159,3,12,1.0,0.9998566222964465,0.0,0.00014337770355357494,1.0,0.0043046552623303026
7c 2h Kh 2s 9s,4s 8d,1,0,1,9.997480634880012e-07,0.0010801489255863374,9.975119435322306e-07,0.001101400316533219,3,12,1.0,0.9998566222964465,0.0,0.00014337770355357494,1.0,0.0043046552623303026
7c 2h Kh 2s 9s,4s 8h,1,0,1,9.997480634880012e-07,0.0010801489255863374,9.998685352166328e-07,0.0010984865397499703,3,12,1.0,0.9998566222964465,0.0,0.00014337770355357494,1.0,0.0043046552623303026
7c 2h Kh 2s 9s,4s 8s,1,0,1,0.0010917611622158292,0.0010801489255863374,0.0010906059798995752,0.0011015656994548617,3,12,1.0,0.9998566222964465,0.0,0.00014337770355357494,1.0,0.0043046552623303026
7c 2h Kh 2s 9s,4s 9c,1,0,1,9.997480634880012e-07,0.0010801489255863374,9.909164711315961e-07,0.0011084178244681027,7,13,0.0,1.3605422139158381e-05,1.0,0.9999863945778609,1.0,0.99999
7c 2h Kh 2s 9s,4s 9d,1,0,1,9.997480634880012e-07,0.0010801489255863374,9.909164711315961e-07,0.0011097045790936823,7,13,0.0,1.3605422139158381e-05,1.0,0.9999863945778609,1.0,0.99999
7c 2h Kh 2s 9s,4s 9h,1,0,1,9.997480634880012e-07,0.0010801489255863374,9.897381752893949e-07,0.0011083913979355196,7,13,0.0,1.3605422139158381e-05,1.0,0.9999863945778609,1.0,0.99999
7c 2h Kh 2s 9s,4s Tc,1,0,1,9.997480634880012e-07,0.0010801489255863376,1.0004163797616243e-06,0.001106508803414939,5,7,1.0,0.9999095403723886,0.0,9.045962761140281e-05,1.0,0.9931949709900768
7c 2h Kh 2s 9s,4s Td,1,0,1,9.997480634880012e-07,0.0010801489255863376,1.0015946756038251e-06,0.0011052220487893596,5,7,1.0,0.9999095403723886,0.0,9.045962761140281e-05,1.0,0.9931949709900768
7c 2h Kh 2s 9s,4s Th,1,0,1,9.997480634880012e-07,0.0010801489255863376,1.0009642243066156e-06,0.001108444286008659,5,7,1.0,0.9999095403723886,0.0,9.045962761140281e-05,0.725957590767973,0.9931949709900768
7c 2h Kh 2s 9s,4s Ts,1,0,1,0.0010917611622158292,0.0010801489255863374,0.0010930892539594025,0.0011083528149474612,5,7,1.0,0.9999095403723886,0.0,9.045962761140281e-05,1.0,0.9931949709900768
7c 2h Kh 2s 9s,4s Jc,1,0,1,9.997480634880012e-07,0.0010801489255863376,9.993919591831119e-07,0.0011062702847045068,6,3,1.0,0.9999116457517904,0.0,8.83542482096646e-05,1.0,0.9999593800444955
7c 2h Kh 2s 9s,4s Jd,1,0,1,9.997480634880012e-07,0.0010801489255863376,9.982136633409108e-07,0.0011042827115343423,6,3,1.0,0.9999116457517904,0.0,8.83542482096646e-05,1.0,0.9999593800444955
7c 2h Kh 2s 9s,4s Jh,1,0,1,9.997480634880012e-07,0.0010801489255863376,9.982136633409108e-07,0.0011051546000371186,6,3,1.0,0.9999116457517904,0.0,8.83542482096646e-05,1.0,0.9999593800444955
7c 2h Kh 2s 9s,4s Js,1,0,1,9.997480634880012e-07,0.0010801489255863376,9.982136633409108e-07,0.0011052703342607903,6,3,1.0,0.9999116457517904,0.0,8.83542482096646e-05,1.0,0.9999593800444955
7c 2h Kh 2s 9s,4s Qc,1,0,1,9.997480634880012e-07,0.0010801489255863374,9.908608000360114e-07,0.0010793587894953234,0,10,1.0,0.9999115887816343,0.0,8.841121836570131e-05,1.0,0.99999
7c 2h Kh 2s 9s,4s Qd,1,0,1,9.997480634880012e-07,0.0010801489255863374,9.920390958782127e-07,0.0010780458765088448,0,10,1.0,0.9999115887816343,0.0,8.841121836570131e-05,1.0,0.99999
7c 2h Kh 2s 9s,4s Qh,1,0,1,9.997480634880012e-07,0.0010801489255863374,9.924577274352e-07,0.0010822905096789157,0,10,1.0,0.9999115887816343,0.0,8.841121836570131e-05,1.0,0.99999
7c 2h Kh 2s 9s,4s Qs,1,0,1,0.0010917611622158292,9.998580201611371e-07,0.0010825131088934667,1.001132094595e-06,0,10,1.0,0.9999115887816343,0.0,8.841121836570131e-05,1.0,0.99999
7c 2h Kh 2s 9s,4s Kc,1,0,1,0.0001339888699083063,0.0010801489255863376,0.00013407474790381823,0.0011057451044265395,11,11,0.0,1e-05,1.0,0.99999,1.0,0.99999
7c 2h Kh 2s 9s,4s Kd,1,0,1,0.0001339888699083063,0.0010801489255863376,0.00013415378021826104,0.0011056635324589014,11,11,0.0,1e-05,1.0,0.99999,1.0,0.99999
7c 2h Kh 2s 9s,4s Ks,1,0,1,0.0005458805811079146,9.998580201611371e-07,0.0005459090670185685,1.0239258288552144e-06,11,11,0.0,1e-05,1.0,0.99999,1.0,0.99999
7c 2h Kh 2s 9s,4s Ac,1,0,1,0.00013571197780321766,0.0010801489255863376,0.00013442451830026714,0.001085644952965946,0,8,1.0,0.9999115887816343,0.0,8.841121836570131e-05,1.0,0.99999
7c 2h Kh 2s 9s,4s Ad,1,0,1,0.00013571197780321766,0.0010801489255863376,0.00013442451830026714,0.0010864067440564504,0,8,1.0,0.9999115887816343,0.0,8.841121836570131e-05,1.0,0.99999
7c 2h Kh 2s 9s,4s Ah,1,0,1,0.0002714239556064353,0.0010801489255863376,0.0002683094940422569,0.0010862309808463491,0,8,1.0,0.9999115887816343,0.0,8.841121836570131e-05,1.0,0.99999
7c 2h Kh 2s 9s,4s As,1,0,1,0.0010917611622158292,9.998580201611371e-07,0.0010808859903955398,1.0065400070328534e-06,0,8,1.0,0.9999115887816343,0.0,8.841121836570131e-05,1.0,0.99999
7c 2h Kh 2s 9s,5c 5d,1,0,1,0.0010917611622158292,0.0010801489255863374,0.0010847590628182946,0.0010949205223527542,5,15,1.0,0.9999095403723886,0.0,9.045962761140281e-05,0.0,0.5253447651931814
7c 2h Kh 2s 9s,5c 5h,1,0,1,0.0005458805811079146,0.0010801489255863374,0.0005423795314091474,0.001093574522005972,5,9,1.0,0.9999095403723886,0.0,9.045962761140281e-05,0.0,0.9041822713461574
7c 2h Kh 2s 9s,5c 5s,1,0,1,0.0010917611622158292,0.0010801489255863374,0.0010847590628182946,0.001095276075993556,5,15,1.0,0.9999095403723886,0.0,9.045962761140281e-05,0.7348218408774534,0.5253447651931814
7c 2h Kh 2s 9s,5c 6c,1,0,1,0.0010917611622158292,9.998580201611371e-07,0.0010959363662955985,1.0013208169136648e-06,2,1,1.0,0.37451114677812136,0.0,0.6254888532218786,0.0,1e-05
7c 2h Kh 2s 9s,5c 6d,1,0,1,0.0010917611622158292,0.0010801489255863376,0.0010972231081109588,0.0010850487115975356,2,1,0.0,0.37451114677812136,1.0,0.6254888532218786,0.0,1e-05
7c 2h Kh 2s 9s,5c 6h,1,0,1,0.0010917611622158292,0.0010801489255863376,0.0010981593973625075,0.001087860722302892,2,1,0.0,0.37451114677812136,1.0,0.6254888532218786,0.0,1e-05
7c 2h Kh 2s 9s,5c 6s,1,0,1,0.0010917611622158292,0.0010801489255863376,0.0010994461391778678,0.001087860722302892,2,1,0.1275078846288431,0.37451114677812136,0.8724921153711569,0.6254888532218786,0.0,1e-05
7c 2h Kh 2s 9s,5c 7d,1,0,1,0.0010917611622158292,0.0010801489255863374,0.0010883276805632872,0.0010893992891154087,9,6,0.0,3.8165858961421845e-05,1.0,0.9999618341410386,1.0,0.99999
7c 2h Kh 2s 9s,5c 7h,1,0,1,0.0010917611622158292,0.0010801489255863374,0.0010896156145764288,0.0010915965156117918,9,6,0.0,3.8165858961421845e-05,1.0,0.9999618341410386,1.0,0.99999
7c 2h Kh 2s 9s,5c 7s,1,0,1,0.0010917611622158292,0.0010801489255863374,0.0010883276805632872,0.0010893992891154085,9,6,0.0,3.8165858961421845e-05,1.0,0.9999618341410386,1.0,0.99999
7c 2h Kh 2s 9s,5c 8c,1,0,1,0.0010917611622158292,9.998580201611371e-07,0.0010876825213589352,1.0046862448569866e-06,3,12,1.0,0.9998566222964465,0.0,0.00014337770355357494,1.0,0.0043046552623303026
7c 2h Kh 2s 9s,5c 8d,1,0,1,0.0003381426932974026,0.0010801489255863374,0.00033727798012203863,0.0010879957203952467,3,12,1.0,0.9998566222964465,0.0,0.00014337770355357494,1.0,0.0043046552623303026
7c 2h Kh 2s 9s,5c 8h,1,0,1,0.0003381426932974026,0.0010801489255863374,0.00033807504519099793,0.0010850819436119981,3,12,1.0,0.9998566222964465,0.0,0.00014337770355357494,1.0,0.0043046552623303026
7c 2h Kh 2s 9s,5c 8s,1,0,1,0.0003381426932974026,0.0010801489255863374,0.0003376765126565183,0.0010868743486913102,3,12,1.0,0.9998566222964465,0.0,0.00014337770355357494,1.0,0.0043046552623303026
7c 2h Kh 2s 9s,5c 9c,1,0,1,0.00039867682889903875,0.0010801489255863374,0.0003950271905578909,0.0010950846395278318,7,13,0.0,1.3605422139158381e-05,1.0,0.9999863945778609,1.0,0.99999
7c 2h Kh 2s 9s,5c 9d,1,0,1,9.997480634880012e-07,0.0010801489255863374,9.905959919365388e-07,0.0010959022605586464,7,13,0.0,1.3605422139158381e-05,1.0,0.9999863945778609,1.0,0.99999
7c 2h Kh 2s 9s,5c 9h,1,0,1,9.997480634880012e-07,0.0010801489255863374,9.89417696094338e-07,0.0010945890794004838,7,13,0.0,1.3605422139158381e-05,1.0,0.9999863945778609,1.0,0.99999
7c 2h Kh 2s 9s,5c Tc,1,0,1,0.0010917611622158292,0.0010801489255863374,0.0010921410129272496,0.0010939932395054826,5,7,1.0,0.9999095403723886,0.0,9.045962761140281e-05,0.0,0.9931949709900768
7c 2h Kh 2s 9s,5c Td,1,0,1,0.0010917611622158292,0.0010801489255863374,0.0010934277547426097,0.001092706484879903,5,7,1.0,0.9999095403723886,0.0,9.045962761140281e-05,0.0,0.9931949709900768
7c 2h Kh 2s 9s,5c Th,1,0,1,0.0010917611622158292,0.0010801489255863374,0.0010927392790494829,0.0010959287220992026,5,7,1.0,0.9999095403723886,0.0,9.045962761140281e-05,0.0,0.9931949709900768
7c 2h Kh 2s 9s,5c Ts,1,0,1,0.0010917611622158292,0.0010801489255863374,0.0010927392790494829,0.0010945504964124254,5,7,1.0,0.9999095403723886,0.0,9.045962761140281e-05,0.0,0.9931949709900768
7c 2h Kh 2s 9s,5c Jc,1,0,1,0.0005458805811079146,0.0010801489255863374,0.0005455111542416798,0.0010931107537884796,6,3,1.0,0.9999116457517904,0.0,8.83542482096646e-05,1.0,0.9999593800444955
7c 2h Kh 2s 9s,5c Jd,1,0,1,0.0010143827409735114,0.0010801489255863374,0.0010125007092297356,0.00109167586547999,6,3,1.0,0.9999116457517904,0.0,8.83542482096646e-05,1.0,0.9999593800444955
7c 2h Kh 2s 9s,5c Jh,1,0,1,0.0010143827409735114,0.0010801489255863374,0.0010125007092297356,0.0010925477539827663,6,3,1.0,0.9999116457517904,0.0,8.83542482096646e-05,1.0,0.9999593800444955
7c 2h Kh 2s 9s,5c Js,1,0,1,0.0010143827409735114,0.0010801489255863374,0.0010125007092297356,0.001092663488206438,6,3,1.0,0.9999116457517904,0.0,8.83542482096646e-05,1.0,0.9999593800444955
7c 2h Kh 2s 9s,5c Qc,1,0,1,0.0005458805811079146,0.0010801489255863374,0.0005408529865664201,0.001066199258579296,0,10,1.0,0.9999115887816343,0.0,8.841121836570131e-05,1.0,0.99999
7c 2h Kh 2s 9s,5c Qd,1,0,1,0.0016473298359127226,0.0010801489255863374,0.00163409935538411,0.0010661857085012155,0,10,1.0,0.9999115887816343,0.0,8.841121836570131e-05,0.040001951925712625,0.99999
7c 2h Kh 2s 9s,5c Qh,1,0,1,0.0008236649179563613,0.0010801489255863374,0.0008173945767117509,0.0010694586767138019,0,10,1.0,0.9999115887816343,0.0,8.841121836570131e-05,0.0,0.99999
7c 2h Kh 2s 9s,5c Qs,1,0,1,0.0016473298359127226,0.0010801489255863374,0.0016347891534235018,0.0010683783885029913,0,10,1.0,0.9999115887816343,0.0,8.841121836570131e-05,0.6098834732553229,0.99999
7c 2h Kh 2s 9s,5c Kc,1,0,1,0.0001801674824346319,0.0010801489255863376,0.00018022520338352818,0.001091997262097299,11,11,0.0,1e-05,1.0,0.99999,1.0,0.99999
7c 2h Kh 2s 9s,5c Kd,1,0,1,0.0005458805811079146,0.0010801489255863374,0.0005463774504712888,0.001092347116301551,11,11,0.0,1e-05,1.0,0.99999,1.0,0.99999
7c 2h Kh 2s 9s,5c Ks,1,0,1,0.0005458805811079146,0.0010801489255863374,0.0005463774504712888,0.001092347116301551,11,11,0.0,1e-05,1.0,0.99999,1.0,0.99999
7c 2h Kh 2s 9s,5c Ac,1,0,1,0.0002699735482653274,0.0010801489255863374,0.00026732584613734715,0.001072001020760485,0,8,1.0,0.9999115887816343,0.0,8.841121836570131e-05,1.0,0.99999
7c 2h Kh 2s 9s,5c Ad,1,0,1,9.997480634880012e-07,0.0004585537891640112,9.892645651435694e-07,0.00045528347018884555,0,8,1.0,0.9999115887816343,0.0,8.841121836570131e-05,1.0,0.99999
7c 2h Kh 2s 9s,5c Ah,1,0,1,9.997480634880012e-07,0.0004585537891640112,9.872772437717251e-07,0.0004551408878743119,0,8,1.0,0.9999115887816343,0.0,8.841121836570131e-05,1.0,0.99999
7c 2h Kh 2s 9s,5c As,1,0,1,9.997480634880012e-07,0.0004585537891640112,9.899685583331988e-07,0.00045521253605241755,0,8,1.0,0.9999115887816343,0.0,8.841121836570131e-05,1.0,0.99999
7c 2h Kh 2s 9s,5d 5h,1,0,1,0.0010917611622158292,0.0010801489255863374,0.0010847590628182946,0.0010926016776609255,5,15,1.0,0.9999095403723886,0.0,9.045962761140281e-05,0.3847072660584231,0.5253447651931814
7c 2h Kh 2s 9s,5d 5s,1,0,1,0.0010917611622158292,0.0010801489255863374,0.0010847590628182946,0.0010936592646419387,5,15,1.0,0.9999095403723886,0.0,9.045962761140281e-05,0.0,0.5253447651931814
7c 2h Kh 2s 9s,5d 6c,1,0,1,0.0010917611622158292,0.0010801489255863376,0.0010972231081109588,0.0010801123769407681,2,1,0.0,0.37451114677812136,1.0,0.6254888532218786,0.0,1e-05
7c 2h Kh 2s 9s,5d 6d,1,0,1,0.0010917611622158292,9.998580201611371e-07,0.0010959363662955985,1.0028969608716288e-06,2,1,1.0,0.37451114677812136,0.0,0.6254888532218786,0.0,1e-05
7c 2h Kh 2s 9s,5d 6h,1,0,1,0.0010917611622158292,0.0010801489255863376,0.0010981593973625075,0.0010862439109512749,2,1,0.0,0.37451114677812136,1.0,0.6254888532218786,0.0,1e-05
7c 2h Kh 2s 9s,5d 6s,1,0,1,0.0010917611622158292,0.0010801489255863376,0.0010994461391778678,0.0010862439109512749,2,1,0.1981603667731524,0.37451114677812136,0.8018396332268476,0.6254888532218786,0.0,1e-05
7c 2h Kh 2s 9s,5d 7d,1,0,1,9.997480634880012e-07,0.0010801489255863374,9.966039539959728e-07,0.001086495723138212,9,6,0.0,3.8165858961421845e-05,1.0,0.9999618341410386,1.0,0.99999
7c 2h Kh 2s 9s,5d 7h,1,0,1,0.0010917611622158292,0.0010801489255863374,0.0010896156145764288,0.0010899797042601745,9,6,0.0,3.8165858961421845e-05,1.0,0.9999618341410386,1.0,0.99999
7c 2h Kh 2s 9s,5d 7s,1,0,1,0.0010917611622158292,0.0010801489255863374,0.0010883276805632872,0.0010877824777637912,9,6,0.0,3.8165858961421845e-05,1.0,0.9999618341410386,1.0,0.99999
7c 2h Kh 2s 9s,5d 8c,1,0,1,0.0003381426932974026,0.0010801489255863374,0.00033727798012203863,0.0010828590242825695,3,12,1.0,0.9998566222964465,0.0,0.00014337770355357494,1.0,0.0043046552623303026
7c 2h Kh 2s 9s,5d 8d,1,0,1,0.0010917611622158292,9.998580201611371e-07,0.0010876825213589352,1.0064478567665241e-06,3,12,1.0,0.9998566222964465,0.0,0.00014337770355357494,1.0,0.0043046552623303026
7c 2h Kh 2s 9s,5d 8h,1,0,1,0.0003381426932974026,0.0010801489255863374,0.00033807504519099793,0.0010834651322603809,3,12,1.0,0.9998566222964465,0.0,0.00014337770355357494,1.0,0.0043046552623303026
7c 2h Kh 2s 9s,5d 8s,1,0,1,0.0003381426932974026,0.0010801489255863374,0.0003376765126565183,0.001085257537339693,3,12,1.0,0.9998566222964465,0.0,0.00014337770355357494,1.0,0.0043046552623303026
7c 2h Kh 2s 9s,5d 9c,1,0,1,9.997480634880012e-07,0.0010801489255863374,9.905959919365388e-07,0.0010929986945814496,7,13,0.0,1.3605422139158381e-05,1.0,0.9999863945778609,1.0,0.99999
7c 2h Kh 2s 9s,5d 9d,1,0,1,0.00039867682889903875,0.0010801489255863374,0.0003950271905578909,0.001094754582801794,7,13,0.0,1.3605422139158381e-05,1.0,0.9999863945778609,1.0,0.99999
7c 2h Kh 2s 9s,5d 9h,1,0,1,9.997480634880012e-07,0.0010801489255863374,9.89417696094338e-07,0.0010929722680488665,7,13,0.0,1.3605422139158381e-05,1.0,0.9999863945778609,1.0,0.99999
7c 2h Kh 2s 9s,5d Tc,1,0,1,0.0010917611622158292,0.0010801489255863374,0.0010921410129272496,0.0010923764281538654,5,7,1.0,0.9999095403723886,0.0,9.045962761140281e-05,0.0,0.9931949709900768
7c 2h Kh 2s 9s,5d Td,1,0,1,0.0010917611622158292,0.0010801489255863374,0.0010934277547426097,0.001091089673528286,5,7,1.0,0.9999095403723886,0.0,9.045962761140281e-05,0.0,0.9931949709900768
7c 2h Kh 2s 9s,5d Th,1,0,1,0.0010917611622158292,0.0010801489255863374,0.0010927392790494829,0.0010943119107475854,5,7,1.0,0.9999095403723886,0.0,9.045962761140281e-05,0.0,0.9931949709900768
7c 2h Kh 2s 9s,5d Ts,1,0,1,0.0010917611622158292,0.0010801489255863374,0.0010927392790494829,0.0010929336850608081,5,7,1.0,0.9999095403723886,0.0,9.045962761140281e-05,0.0,0.9931949709900768
7c 2h Kh 2s 9s,5d Jc,1,0,1,0.0010143827409735114,0.0010801489255863374,0.0010136962533970526,0.001092046627298537,6,3,1.0,0.9999116457517904,0.0,8.83542482096646e-05,1.0,0.9999593800444955
7c 2h Kh 2s 9s,5d Jd,1,0,1,0.0010917611622158292,0.0010801489255863374,0.001089735566667999,0.0010901503362732688,6,3,1.0,0.9999116457517904,0.0,8.83542482096646e-05,1.0,0.9999593800444955
7c 2h Kh 2s 9s,5d Jh,1,0,1,0.0010143827409735114,0.0010801489255863374,0.0010125007092297356,0.001090930942631149,6,3,1.0,0.9999116457517904,0.0,8.83542482096646e-05,1.0,0.9999593800444955
7c 2h Kh 2s 9s,5d Js,1,0,1,0.0010143827409735114,0.0010801489255863374,0.0010125007092297356,0.0010910466768548207,6,3,1.0,0.9999116457517904,0.0,8.83542482096646e-05,1.0,0.9999593800444955
7c 2h Kh 2s 9s,5d Qc,1,0,1,0.0016473298359127226,0.0010801489255863374,0.0016321578243451624,0.0010658818101360768,0,10,1.0,0.9999115887816343,0.0,8.841121836570131e-05,1.0,0.99999
7c 2h Kh 2s 9s,5d Qd,1,0,1,0.0010917611622158292,0.0010801489255863374,0.0010829927149482005,0.0010639135012477713,0,10,1.0,0.9999115887816343,0.0,8.841121836570131e-05,1.0,0.99999
7c 2h Kh 2s 9s,5d Qh,1,0,1,0.0016473298359127226,0.0010801489255863374,0.0016347891534235015,0.0010688135303196689,0,10,1.0,0.9999115887816343,0.0,8.841121836570131e-05,0.0,0.99999
7c 2h Kh 2s 9s,5d Qs,1,0,1,0.0016473298359127226,0.0010801489255863374,0.0016347891534235018,0.001066761577151374,0,10,1.0,0.9999115887816343,0.0,8.841121836570131e-05,0.0,0.99999
7c 2h Kh 2s 9s,5d Kc,1,0,1,0.0005458805811079146,0.0010801489255863374,0.0005460554669680034,0.0010908118769175719,11,11,0.0,1e-05,1.0,0.99999,1.0,0.99999
7c 2h Kh 2s 9s,5d Kd,1,0,1,0.0001801674824346319,0.0010801489255863376,0.0001803314738008687,0.0010902988787780442,11,11,0.0,1e-05,1.0,0.99999,1.0,0.99999
7c 2h Kh 2s 9s,5d Ks,1,0,1,0.0005458805811079146,0.0010801489255863374,0.0005463774504712888,0.0010907303049499338,11,11,0.0,1e-05,1.0,0.99999,1.0,0.99999
7c 2h Kh 2s 9s,5d Ac,1,0,1,9.997480634880012e-07,0.0004585537891640112,9.892645651435694e-07,0.00045427368613322786,0,8,1.0,0.9999115887816343,0.0,8.841121836570131e-05,1.0,0.99999
7c 2h Kh 2s 9s,5d Ad,1,0,1,0.0002699735482653274,0.0010801489255863374,0.00026732584613734715,0.0010711460004993723,0,8,1.0,0.9999115887816343,0.0,8.841121836570131e-05,1.0,0.99999
7c 2h Kh 2s 9s,5d Ah,1,0,1,9.997480634880012e-07,0.0004585537891640112,9.872772437717251e-07,0.00045445450569673863,0,8,1.0,0.9999115887816343,0.0,8.841121836570131e-05,1.0,0.99999
7c 2h Kh 2s 9s,5d As,1,0,1,9.997480634880012e-07,0.0004585537891640112,9.899685583331988e-07,0.0004545261538748442,0,8,1.0,0.9999115887816343,0.0,8.841121836570131e-05,1.0,0.99999
7c 2h Kh 2s 9s,5h 5s,1,0,1,0.0010917611622158292,0.0010801489255863374,0.0010847590628182946,0.0010929572313017272,5,15,1.0,0.9999095403723886,0.0,9.045962761140281e-05,0.38056631486692793,0.5253447651931814
7c 2h Kh 2s 9s,5h 6c,1,0,1,0.0010917611622158292,0.0010801489255863376,0.0010972231081109588,0.0010794103436005567,2,1,1.0,0.37451114677812136,0.0,0.6254888532218786,0.0,1e-05
7c 2h Kh 2s 9s,5h 6d,1,0,1,0.0010917611622158292,0.0010801489255863376,0.0010972231081109588,0.0010827298669057067,2,1,0.02881985722528646,0.37451114677812136,0.9711801427747135,0.6254888532218786,0.0,1e-05
7c 2h Kh 2s 9s,5h 6h,1,0,1,0.0010917611622158292,9.998580201611371e-07,0.0010968726555471472,1.0048500969077113e-06,2,1,1.0,0.37451114677812136,0.0,0.6254888532218786,0.0,1e-05
7c 2h Kh 2s 9s,5h 6s,1,0,1,0.0010917611622158292,0.0010801489255863376,0.0010994461391778678,0.0010855418776110632,2,1,0.0,0.37451114677812136,1.0,0.6254888532218786,0.0,1e-05
7c 2h Kh 2s 9s,5h 7d,1,0,1,0.0010917611622158292,0.0010801489255863374,0.0010883276805632872,0.0010870804444235798,9,6,0.0,3.8165858961421845e-05,1.0,0.9999618341410386,1.0,0.99999
7c 2h Kh 2s 9s,5h 7h,1,0,1,9.997480634880012e-07,0.0010801489255863374,9.97783341558107e-07,0.0010879909162943835,9,6,0.0,3.8165858961421845e-05,1.0,0.9999618341410386,1.0,0.99999
7c 2h Kh 2s 9s,5h 7s,1,0,1,0.0010917611622158292,0.0010801489255863374,0.0010883276805632872,0.0010870804444235798,9,6,0.0,3.8165858961421845e-05,1.0,0.9999618341410386,1.0,0.99999
7c 2h Kh 2s 9s,5h 8c,1,0,1,0.0003381426932974026,0.0010801489255863374,0.00033727798012203863,0.001082156990942358,3,12,1.0,0.9998566222964465,0.0,0.00014337770355357494,1.0,0.0043046552623303026
7c 2h Kh 2s 9s,5h 8d,1,0,1,0.0003381426932974026,0.0010801489255863374,0.00033727798012203863,0.001085676875703418,3,12,1.0,0.9998566222964465,0.0,0.00014337770355357494,1.0,0.0043046552623303026
7c 2h Kh 2s 9s,5h 8h,1,0,1,0.0010917611622158292,9.998580201611371e-07,0.0010902560049896558,1.0031008213108722e-06,3,12,1.0,0.9998566222964465,0.0,0.00014337770355357494,1.0,0.0043046552623303026
7c 2h Kh 2s 9s,5h 8s,1,0,1,0.0003381426932974026,0.0010801489255863374,0.0003376765126565183,0.0010845555039994815,3,12,1.0,0.9998566222964465,0.0,0.00014337770355357494,1.0,0.0043046552623303026
7c 2h Kh 2s 9s,5h 9c,1,0,1,9.997480634880012e-07,0.0010801489255863374,9.905959919365388e-07,0.0010922966612412382,7,13,0.0,1.3605422139158381e-05,1.0,0.9999863945778609,1.0,0.99999
7c 2h Kh 2s 9s,5h 9d,1,0,1,9.997480634880012e-07,0.0010801489255863374,9.905959919365388e-07,0.0010935834158668175,7,13,0.0,1.3605422139158381e-05,1.0,0.9999863945778609,1.0,0.99999
7c 2h Kh 2s 9s,5h 9h,1,0,1,0.00039867682889903875,0.0010801489255863374,0.0003945573129286863,0.0010927393683034198,7,13,0.0,1.3605422139158381e-05,1.0,0.9999863945778609,1.0,0.99999
7c 2h Kh 2s 9s,5h Tc,1,0,1,0.0010917611622158292,0.0010801489255863374,0.0010921410129272496,0.001091674394813654,5,7,1.0,0.9999095403723886,0.0,9.045962761140281e-05,0.0,0.9931949709900768
7c 2h Kh 2s 9s,5h Td,1,0,1,0.0010917611622158292,0.0010801489255863374,0.0010934277547426097,0.0010903876401880744,5,7,1.0,0.9999095403723886,0.0,9.045962761140281e-05,0.0,0.9931949709900768
7c 2h Kh 2s 9s,5h Th,1,0,1,0.0010917611622158292,0.0010801489255863374,0.0010927392790494829,0.0010936098774073737,5,7,1.0,0.9999095403723886,0.0,9.045962761140281e-05,0.0,0.9931949709900768
7c 2h Kh 2s 9s,5h Ts,1,0,1,0.0010917611622158292,0.0010801489255863374,0.0010927392790494829,0.0010922316517205965,5,7,1.0,0.9999095403723886,0.0,9.045962761140281e-05,0.0,0.9931949709900768
7c 2h Kh 2s 9s,5h Jc,1,0,1,0.0010143827409735114,0.0010801489255863374,0.0010136962533970526,0.0010913445939583256,6,3,1.0,0.9999116457517904,0.0,8.83542482096646e-05,1.0,0.9999593800444955
7c 2h Kh 2s 9s,5h Jd,1,0,1,0.0010143827409735114,0.0010801489255863374,0.0010125007092297356,0.0010893570207881613,6,3,1.0,0.9999116457517904,0.0,8.83542482096646e-05,1.0,0.9999593800444955
7c 2h Kh 2s 9s,5h Jh,1,0,1,0.0010917611622158292,0.0010801489255863374,0.001089735566667999,0.0010903201914358336,6,3,1.0,0.9999116457517904,0.0,8.83542482096646e-05,1.0,0.9999593800444955
7c 2h Kh 2s 9s,5h Js,1,0,1,0.0010143827409735114,0.0010801489255863374,0.0010125007092297356,0.0010903446435146093,6,3,1.0,0.9999116457517904,0.0,8.83542482096646e-05,1.0,0.9999593800444955
7c 2h Kh 2s 9s,5h Qc,1,0,1,0.0008236649179563613,0.0010801489255863374,0.0008160789121725812,0.0010642081118383809,0,10,1.0,0.9999115887816343,0.0,8.841121836570131e-05,0.6194336851331376,0.99999
7c 2h Kh 2s 9s,5h Qd,1,0,1,0.0016473298359127226,0.0010801489255863374,0.0016340993553841097,0.0010638668638093866,0,10,1.0,0.9999115887816343,0.0,8.841121836570131e-05,1.0,0.99999
7c 2h Kh 2s 9s,5h Qh,1,0,1,0.0010917611622158292,0.0010801489255863374,0.0010834498757989076,0.0010674561010776305,0,10,1.0,0.9999115887816343,0.0,8.841121836570131e-05,0.0,0.99999
7c 2h Kh 2s 9s,5h Qs,1,0,1,0.0016473298359127226,0.0010801489255863374,0.0016347891534235018,0.0010660595438111626,0,10,1.0,0.9999115887816343,0.0,8.841121836570131e-05,0.0,0.99999
7c 2h Kh 2s 9s,5h Kc,1,0,1,0.0010917611622158292,0.0010801489255863374,0.0010921109339360067,0.001090753810583931,11,11,0.0,1e-05,1.0,0.99999,1.0,0.99999
7c 2h Kh 2s 9s,5h Kd,1,0,1,0.0010917611622158292,0.0010801489255863374,0.0010927549009425775,0.0010906722386162932,11,11,0.0,1e-05,1.0,0.99999,1.0,0.99999
7c 2h Kh 2s 9s,5h Ks,1,0,1,0.0010917611622158292,0.0010801489255863374,0.0010927549009425775,0.0010906722386162932,11,11,0.0,1e-05,1.0,0.99999,1.0,0.99999
7c 2h Kh 2s 9s,5h Ac,1,0,1,9.997480634880012e-07,0.0004585537891640112,9.892645651435694e-07,0.00045397565311143995,0,8,1.0,0.9999115887816343,0.0,8.841121836570131e-05,1.0,0.99999
7c 2h Kh 2s 9s,5h Ad,1,0,1,9.997480634880012e-07,0.0004585537891640112,9.892645651435694e-07,0.0004542990549894843,0,8,1.0,0.9999115887816343,0.0,8.841121836570131e-05,1.0,0.99999
7c 2h Kh 2s 9s,5h Ah,1,0,1,0.0001349867741326637,0.0010801489255863374,0.00013339459336547395,0.0010699488647547383,0,8,1.0,0.9999115887816343,0.0,8.841121836570131e-05,1.0,0.99999
7c 2h Kh 2s 9s,5h As,1,0,1,9.997480634880012e-07,0.0004585537891640112,9.899685583331988e-07,0.00045422812085305634,0,8,1.0,0.9999115887816343,0.0,8.841121836570131e-05,1.0,0.99999
7c 2h Kh 2s 9s,5s 6c,1,0,1,0.0010917611622158292,0.0010801489255863376,0.001097223108110959,0.0010804679305815698,2,1,0.0,0.37451114677812136,1.0,0.6254888532218786,0.0,1e-05
7c 2h Kh 2s 9s,5s 6d,1,0,1,0.0010917611622158292,0.0010801489255863376,0.001097223108110959,0.0010837874538867198,2,1,1.0,0.37451114677812136,0.0,0.6254888532218786,0.0,1e-05
7c 2h Kh 2s 9s,5s 6h,1,0,1,0.0010917611622158292,0.0010801489255863376,0.0010981593973625075,0.0010865994645920763,2,1,0.0,0.37451114677812136,1.0,0.6254888532218786,0.0,1e-05
7c 2h Kh 2s 9s,5s 6s,1,0,1,0.0010917611622158292,9.998580201611371e-07,0.0010981593973625075,1.0058290700844055e-06,2,1,1.0,0.37451114677812136,0.0,0.6254888532218786,0.0,1e-05
7c 2h Kh 2s 9s,5s 7d,1,0,1,0.0010917611622158292,0.0010801489255863374,0.001088327680563287,0.001088138031404593,9,6,0.0,3.8165858961421845e-05,1.0,0.9999618341410386,1.0,0.99999
7c 2h Kh 2s 9s,5s 7h,1,0,1,0.0010917611622158292,0.0010801489255863374,0.0010896156145764285,0.001090335257900976,9,6,0.0,3.8165858961421845e-05,1.0,0.9999618341410386,1.0,0.99999
7c 2h Kh 2s 9s,5s 7s,1,0,1,9.997480634880012e-07,0.0010801489255863374,9.966039539959726e-07,0.0010868512767790133,9,6,0.0,3.8165858961421845e-05,1.0,0.9999618341410386,1.0,0.99999
7c 2h Kh 2s 9s,5s 8c,1,0,1,0.0003381426932974026,0.0010801489255863374,0.00033727798012203863,0.001083214577923371,3,12,1.0,0.9998566222964465,0.0,0.00014337770355357494,1.0,0.0043046552623303026
7c 2h Kh 2s 9s,5s 8d,1,0,1,0.0003381426932974026,0.0010801489255863374,0.00033727798012203863,0.001086734462684431,3,12,1.0,0.9998566222964465,0.0,0.00014337770355357494,1.0,0.0043046552623303026
7c 2h Kh 2s 9s,5s 8h,1,0,1,0.0003381426932974026,0.0010801489255863374,0.00033807504519099793,0.0010838206859011825,3,12,1.0,0.9998566222964465,0.0,0.00014337770355357494,1.0,0.0043046552623303026
7c 2h Kh 2s 9s,5s 8s,1,0,1,0.0010917611622158292,9.998580201611371e-07,0.0010889692631742953,1.0057389643959708e-06,3,12,1.0,0.9998566222964465,0.0,0.00014337770355357494,1.0,0.0043046552623303026
7c 2h Kh 2s 9s,5s 9c,1,0,1,9.997480634880012e-07,0.0010801489255863374,9.905959919365388e-07,0.0010933542482222513,7,13,0.0,1.3605422139158381e-05,1.0,0.9999863945778609,1.0,0.99999
7c 2h Kh 2s 9s,5s 9d,1,0,1,9.997480634880012e-07,0.0010801489255863374,9.905959919365388e-07,0.0010946410028478306,7,13,0.0,1.3605422139158381e-05,1.0,0.9999863945778609,1.0,0.99999
7c 2h Kh 2s 9s,5s 9h,1,0,1,9.997480634880012e-07,0.0010801489255863374,9.89417696094338e-07,0.0010933278216896682,7,13,0.0,1.3605422139158381e-05,1.0,0.9999863945778609,1.0,0.99999
7c 2h Kh 2s 9s,5s Tc,1,0,1,0.0010917611622158292,0.0010801489255863374,0.0010921410129272494,0.001092731981794667,5,7,1.0,0.9999095403723886,0.0,9.045962761140281e-05,0.0,0.9931949709900768
7c 2h Kh 2s 9s,5s Td,1,0,1,0.0010917611622158292,0.0010801489255863374,0.0010934277547426097,0.0010914452271690875,5,7,1.0,0.9999095403723886,0.0,9.045962761140281e-05,0.0,0.9931949709900768
7c 2h Kh 2s 9s,5s Th,1,0,1,0.0010917611622158292,0.0010801489255863374,0.0010927392790494829,0.0010946674643883868,5,7,1.0,0.9999095403723886,0.0,9.045962761140281e-05,0.0,0.9931949709900768
7c 2h Kh 2s 9s,5s Ts,1,0,1,0.0010917611622158292,0.0010801489255863374,0.0010927392790494829,0.0010932892387016096,5,7,1.0,0.9999095403723886,0.0,9.045962761140281e-05,0.0,0.9931949709900768
7c 2h Kh 2s 9s,5s Jc,1,0,1,0.0010143827409735114,0.0010801489255863374,0.0010136962533970526,0.0010924021809393387,6,3,1.0,0.9999116457517904,0.0,8.83542482096646e-05,1.0,0.9999593800444955
7c 2h Kh 2s 9s,5s Jd,1,0,1,0.0010143827409735114,0.0010801489255863374,0.0010125007092297356,0.0010904146077691742,6,3,1.0,0.9999116457517904,0.0,8.83542482096646e-05,1.0,0.9999593800444955
7c 2h Kh 2s 9s,5s Jh,1,0,1,0.0010143827409735114,0.0010801489255863374,0.0010125007092297356,0.0010912864962719507,6,3,1.0,0.9999116457517904,0.0,8.83542482096646e-05,1.0,0.9999593800444955
7c 2h Kh 2s 9s,5s Js,1,0,1,0.0010917611622158292,0.0010801489255863374,0.001089735566667999,0.0010914935126405182,6,3,1.0,0.9999116457517904,0.0,8.83542482096646e-05,1.0,0.9999593800444955
7c 2h Kh 2s 9s,5s Qc,1,0,1,0.0016473298359127226,0.0010801489255863374,0.0016321578243451622,0.0010662373637768782,0,10,1.0,0.9999115887816343,0.0,8.841121836570131e-05,0.2693191103139968,0.99999
7c 2h Kh 2s 9s,5s Qd,1,0,1,0.0016473298359127226,0.0010801489255863374,0.0016340993553841097,0.0010649244507903997,0,10,1.0,0.9999115887816343,0.0,8.841121836570131e-05,0.0,0.99999
7c 2h Kh 2s 9s,5s Qh,1,0,1,0.0016473298359127226,0.0010801489255863374,0.0016347891534235015,0.0010691690839604705,0,10,1.0,0.9999115887816343,0.0,8.841121836570131e-05,0.0,0.99999
7c 2h Kh 2s 9s,5s Qs,1,0,1,0.0010917611622158292,0.0010801489255863374,0.0010834498757989074,0.0010664617348903488,0,10,1.0,0.9999115887816343,0.0,8.841121836570131e-05,1.0,0.99999
7c 2h Kh 2s 9s,5s Kc,1,0,1,0.0005458805811079146,0.0010801489255863374,0.0005460554669680034,0.0010911674305583733,11,11,0.0,1e-05,1.0,0.99999,1.0,0.99999
7c 2h Kh 2s 9s,5s Kd,1,0,1,0.0005458805811079146,0.0010801489255863374,0.0005463774504712888,0.0010910858585907355,11,11,0.0,1e-05,1.0,0.99999,1.0,0.99999
7c 2h Kh 2s 9s,5s Ks,1,0,1,0.0001801674824346319,0.0010801489255863376,0.0001803314738008687,0.0010906544324188457,11,11,0.0,1e-05,1.0,0.99999,1.0,0.99999
7c 2h Kh 2s 9s,5s Ac,1,0,1,9.997480634880012e-07,0.0004585537891640112,9.892645651435694e-07,0.000454424628716587,0,8,1.0,0.9999115887816343,0.0,8.841121836570131e-05,1.0,0.99999
7c 2h Kh 2s 9s,5s Ad,1,0,1,9.997480634880012e-07,0.0004585537891640112,9.892645651435694e-07,0.00045474803059463137,0,8,1.0,0.9999115887816343,0.0,8.841121836570131e-05,1.0,0.99999
7c 2h Kh 2s 9s,5s Ah,1,0,1,9.997480634880012e-07,0.0004585537891640112,9.872772437717251e-07,0.0004546054482800978,0,8,1.0,0.9999115887816343,0.0,8.841121836570131e-05,1.0,0.99999
7c 2h Kh 2s 9s,5s As,1,0,1,0.0002699735482653274,0.0010801489255863374,0.00026751595357170984,0.0010713344648410324,0,8,1.0,0.9999115887816343,0.0,8.841121836570131e-05,1.0,0.99999
7c 2h Kh 2s 9s,6c 6d,1,0,1,0.0010917611622158292,9.998580201611371e-07,0.0011084004115882629,9.906861806315562e-07,5,9,1.0,0.9999095403723886,0.0,9.045962761140281e-05,1.0,0.9041822713461574
7c 2h Kh 2s 9s,6c 6h,1,0,1,0.0010917611622158292,9.998580201611371e-07,0.0011093367008398114,9.932891656366133e-07,5,9,1.0,0.9999095403723886,0.0,9.045962761140281e-05,1.0,0.9041822713461574
7c 2h Kh 2s 9s,6c 6s,1,0,1,0.0010917611622158292,9.998580201611371e-07,0.0011106234426551719,9.932891656366133e-07,5,9,1.0,0.9999095403723886,0.0,9.045962761140281e-05,1.0,0.9041822713461574
7c 2h Kh 2s 9s,6c 7d,1,0,1,0.0033597876482824108,0.0010801489255863376,0.003387578320111706,0.0010772667000020018,9,6,0.0,3.8165858961421845e-05,1.0,0.9999618341410386,1.0,0.99999
7c 2h Kh 2s 9s,6c 7h,1,0,1,0.0033597876482824108,0.0010801489255863376,0.003391541810423427,0.0010794639264983849,9,6,0.0,3.8165858961421845e-05,1.0,0.9999618341410386,1.0,0.99999
7c 2h Kh 2s 9s,6c 7s,1,0,1,0.0033597876482824108,0.0010801489255863376,0.003387578320111706,0.0010772667000020018,9,6,0.0,3.8165858961421845e-05,1.0,0.9999618341410386,1.0,0.99999
7c 2h Kh 2s 9s,6c 8c,1,0,1,0.0010917611622158292,9.998580201611371e-07,0.001100146566651599,9.90978835995889e-07,3,12,1.0,0.9998566222964465,0.0,0.00014337770355357494,1.0,0.0043046552623303026
7c 2h Kh 2s 9s,6c 8d,1,0,1,0.002555617530763931,0.0010801489255863374,0.0025782582944904346,0.0010758034962719991,3,12,1.0,0.9998566222964465,0.0,0.00014337770355357494,1.0,0.0043046552623303026
7c 2h Kh 2s 9s,6c 8h,1,0,1,0.002555617530763931,0.0010801489255863374,0.002584282359193794,0.0010728897194887505,3,12,1.0,0.9998566222964465,0.0,0.00014337770355357494,1.0,0.0043046552623303026
7c 2h Kh 2s 9s,6c 8s,1,0,1,0.002555617530763931,0.0010801489255863374,0.0025812703268421142,0.0010746821245680627,3,12,1.0,0.9998566222964465,0.0,0.00014337770355357494,1.0,0.0043046552623303026
7c 2h Kh 2s 9s,6c 9c,1,0,1,0.0010917611622158292,0.0010801489255863374,0.0010942308132819657,0.00108109411514666,7,13,0.0,1.3605422139158381e-05,1.0,0.9999863945778609,1.0,0.99999
7c 2h Kh 2s 9s,6c 9d,1,0,1,9.997480634880012e-07,0.0010801489255863376,1.0020095735657638e-06,0.00108109411514666,7,13,0.0,1.3605422139158381e-05,1.0,0.9999863945778609,1.0,0.99999
7c 2h Kh 2s 9s,6c 9h,1,0,1,9.997480634880012e-07,0.0010801489255863376,1.0008312777235627e-06,0.0010797809339884975,7,13,0.0,1.3605422139158381e-05,1.0,0.9999863945778609,1.0,0.99999
7c 2h Kh 2s 9s,6c Tc,1,0,1,0.0003755658398022453,9.998580201611371e-07,0.00037954150084316637,9.98183751584464e-07,5,7,1.0,0.9999095403723886,0.0,9.045962761140281e-05,1.0,0.9931949709900768
7c 2h Kh 2s 9s,6c Td,1,0,1,0.0010917611622158292,0.0010801489255863376,0.001105891800035274,0.0010778983394679168,5,7,1.0,0.9999095403723886,0.0,9.045962761140281e-05,1.0,0.9931949709900768
7c 2h Kh 2s 9s,6c Th,1,0,1,0.0010917611622158292,0.0010801489255863376,0.0011052033243421472,0.0010811205766872159,5,7,1.0,0.9999095403723886,0.0,9.045962761140281e-05,0.0,0.9931949709900768
7c 2h Kh 2s 9s,6c Ts,1,0,1,0.0010917611622158292,0.0010801489255863376,0.0011052033243421472,0.0010797423510004386,5,7,1.0,0.9999095403723886,0.0,9.045962761140281e-05,0.5189190308898799,0.9931949709900768
7c 2h Kh 2s 9s,6c Jc,1,0,1,0.0010917611622158292,0.0010801489255863376,0.0011034863537760235,0.0010789465753830638,6,3,1.0,0.9999116457517904,0.0,8.83542482096646e-05,1.0,0.9999593800444955
7c 2h Kh 2s 9s,6c Jd,1,0,1,9.997480634880012e-07,0.00017931326037401655,1.0083231658714804e-06,0.00017857009643741962,6,3,1.0,0.9999116457517904,0.0,8.83542482096646e-05,1.0,0.9999593800444955
7c 2h Kh 2s 9s,6c Jh,1,0,1,9.997480634880012e-07,0.00017931326037401655,1.0083231658714804e-06,0.00017871483682127973,6,3,1.0,0.9999116457517904,0.0,8.83542482096646e-05,1.0,0.9999593800444955
7c 2h Kh 2s 9s,6c Js,1,0,1,9.997480634880012e-07,0.00017931326037401655,1.0083231658714804e-06,0.00017873404961730427,6,3,1.0,0.9999116457517904,0.0,8.83542482096646e-05,1.0,0.9999593800444955
7c 2h Kh 2s 9s,6c Qc,1,0,1,0.0010917611622158292,0.0010801489255863374,0.0010941700184255044,0.0010520350801738805,0,10,1.0,0.9999115887816343,0.0,8.841121836570131e-05,1.0,0.99999
7c 2h Kh 2s 9s,6c Qd,1,0,1,0.0010917611622158292,0.0010801489255863374,0.0010954567602408647,0.001050722167187402,0,10,1.0,0.9999115887816343,0.0,8.841121836570131e-05,1.0,0.99999
7c 2h Kh 2s 9s,6c Qh,1,0,1,0.0010917611622158292,0.0010801489255863374,0.0010959139210915715,0.001054966800357473,0,10,1.0,0.9999115887816343,0.0,8.841121836570131e-05,1.0,0.99999
7c 2h Kh 2s 9s,6c Qs,1,0,1,0.0010917611622158292,0.0010801489255863374,0.0010959139210915715,0.0010529148471891782,0,10,1.0,0.9999115887816343,0.0,8.841121836570131e-05,1.0,0.99999
7c 2h Kh 2s 9s,6c Kc,1,0,1,0.0010917611622158292,9.998580201611371e-07,0.0011032882374133108,9.981136790532568e-07,11,11,0.0,1e-05,1.0,0.99999,1.0,0.99999
7c 2h Kh 2s 9s,6c Kd,1,0,1,9.997480634880012e-07,0.0010801489255863376,1.0120716320283405e-06,0.0010768961832705558,11,11,0.0,1e-05,1.0,0.99999,1.0,0.99999
7c 2h Kh 2s 9s,6c Ks,1,0,1,9.997480634880012e-07,0.0010801489255863376,1.0120716320283405e-06,0.0010768961832705558,11,11,0.0,1e-05,1.0,0.99999,1.0,0.99999
7c 2h Kh 2s 9s,6c Ac,1,0,1,0.0010917611622158292,0.0010801489255863374,0.0010935180164854525,0.0010581623256790424,0,8,1.0,0.9999115887816343,0.0,8.841121836570131e-05,1.0,0.99999
7c 2h Kh 2s 9s,6c Ad,1,0,1,0.0010917611622158292,0.0010801489255863374,0.0010935180164854525,0.001058924116769547,0,8,1.0,0.9999115887816343,0.0,8.841121836570131e-05,1.0,0.99999
7c 2h Kh 2s 9s,6c Ah,1,0,1,0.0010917611622158292,0.0010801489255863374,0.0010913477894353982,0.0010585882562064235,0,8,1.0,0.9999115887816343,0.0,8.841121836570131e-05,1.0,0.99999
7c 2h Kh 2s 9s,6c As,1,0,1,0.0010917611622158292,0.0010801489255863374,0.0010942868025936446,0.0010587570274704057,0,8,1.0,0.9999115887816343,0.0,8.841121836570131e-05,1.0,0.99999
7c 2h Kh 2s 9s,6d 6h,1,0,1,0.0010917611622158292,9.998580201611371e-07,0.0011093367008398114,9.963619382156026e-07,5,9,1.0,0.9999095403723886,0.0,9.045962761140281e-05,1.0,0.9041822713461574
7c 2h Kh 2s 9s,6d 6s,1,0,1,0.0010917611622158292,9.998580201611371e-07,0.0011106234426551719,9.963619382156024e-07,5,9,1.0,0.9999095403723886,0.0,9.045962761140281e-05,1.0,0.9041822713461574
7c 2h Kh 2s 9s,6d 7d,1,0,1,0.0010917611622158292,0.0010801489255863374,0.0011007917258559511,0.0010779106670085726,9,6,0.0,3.8165858961421845e-05,1.0,0.9999618341410386,1.0,0.99999
7c 2h Kh 2s 9s,6d 7h,1,0,1,0.0033597876482824108,0.0010801489255863376,0.0033915418104234272,0.001082783449803535,9,6,0.0,3.8165858961421845e-05,1.0,0.9999618341410386,1.0,0.99999
7c 2h Kh 2s 9s,6d 7s,1,0,1,0.0033597876482824108,0.0010801489255863376,0.003387578320111706,0.001080586223307152,9,6,0.0,3.8165858961421845e-05,1.0,0.9999618341410386,1.0,0.99999
7c 2h Kh 2s 9s,6d 8c,1,0,1,0.002555617530763931,0.0010801489255863374,0.002578258294490434,0.0010756031348160893,3,12,1.0,0.9998566222964465,0.0,0.00014337770355357494,1.0,0.0043046552623303026
7c 2h Kh 2s 9s,6d 8d,1,0,1,0.0010917611622158292,9.998580201611371e-07,0.001100146566651599,9.973098491054406e-07,3,12,1.0,0.9998566222964465,0.0,0.00014337770355357494,1.0,0.0043046552623303026
7c 2h Kh 2s 9s,6d 8h,1,0,1,0.002555617530763931,0.0010801489255863374,0.002584282359193794,0.0010762092427939007,3,12,1.0,0.9998566222964465,0.0,0.00014337770355357494,1.0,0.0043046552623303026
7c 2h Kh 2s 9s,6d 8s,1,0,1,0.002555617530763931,0.0010801489255863374,0.0025812703268421142,0.0010780016478732128,3,12,1.0,0.9998566222964465,0.0,0.00014337770355357494,1.0,0.0043046552623303026
7c 2h Kh 2s 9s,6d 9c,1,0,1,9.997480634880012e-07,0.0010801489255863376,1.0020095735657638e-06,0.0010831268838262305,7,13,0.0,1.3605422139158381e-05,1.0,0.9999863945778609,1.0,0.99999
7c 2h Kh 2s 9s,6d 9d,1,0,1,0.0010917611622158292,0.0010801489255863374,0.0010942308132819657,0.0010857003930773894,7,13,0.0,1.3605422139158381e-05,1.0,0.9999863945778609,1.0,0.99999
7c 2h Kh 2s 9s,6d 9h,1,0,1,9.997480634880012e-07,0.0010801489255863376,1.0008312777235627e-06,0.0010831004572936476,7,13,0.0,1.3605422139158381e-05,1.0,0.9999863945778609,1.0,0.99999
7c 2h Kh 2s 9s,6d Tc,1,0,1,0.0010917611622158292,0.0010801489255863376,0.0011046050582199135,0.0010825046173986463,5,7,1.0,0.9999095403723886,0.0,9.045962761140281e-05,1.0,0.9931949709900768
7c 2h Kh 2s 9s,6d Td,1,0,1,0.0003755658398022453,9.998580201611371e-07,0.00037998414002765027,1.0000654181021603e-06,5,7,1.0,0.9999095403723886,0.0,9.045962761140281e-05,1.0,0.9931949709900768
7c 2h Kh 2s 9s,6d Th,1,0,1,0.0010917611622158292,0.0010801489255863376,0.0011052033243421472,0.001084440099992366,5,7,1.0,0.9999095403723886,0.0,9.045962761140281e-05,0.0,0.9931949709900768
7c 2h Kh 2s 9s,6d Ts,1,0,1,0.0010917611622158292,0.0010801489255863376,0.0011052033243421472,0.0010830618743055888,5,7,1.0,0.9999095403723886,0.0,9.045962761140281e-05,0.518919030889828,0.9931949709900768
7c 2h Kh 2s 9s,6d Jc,1,0,1,9.997480634880012e-07,0.00017931326037401655,1.0095014617136815e-06,0.0001794511164056537,6,3,1.0,0.9999116457517904,0.0,8.83542482096646e-05,1.0,0.9999593800444955
7c 2h Kh 2s 9s,6d Jd,1,0,1,0.0010917611622158292,0.0010801489255863376,0.0011021996119606632,0.0010802785255180497,6,3,1.0,0.9999116457517904,0.0,8.83542482096646e-05,1.0,0.9999593800444955
7c 2h Kh 2s 9s,6d Jh,1,0,1,9.997480634880012e-07,0.00017931326037401655,1.0083231658714804e-06,0.00017926590393122565,6,3,1.0,0.9999116457517904,0.0,8.83542482096646e-05,1.0,0.9999593800444955
7c 2h Kh 2s 9s,6d Js,1,0,1,9.997480634880012e-07,0.00017931326037401655,1.0083231658714804e-06,0.0001792851167272502,6,3,1.0,0.9999116457517904,0.0,8.83542482096646e-05,1.0,0.9999593800444955
7c 2h Kh 2s 9s,6d Qc,1,0,1,0.0010917611622158292,0.0010801489255863374,0.0010941700184255044,0.001055354603479031,0,10,1.0,0.9999115887816343,0.0,8.841121836570131e-05,1.0,0.99999
7c 2h Kh 2s 9s,6d Qd,1,0,1,0.0010917611622158292,0.0010801489255863374,0.0010954567602408647,0.0010540416904925524,0,10,1.0,0.9999115887816343,0.0,8.841121836570131e-05,1.0,0.99999
7c 2h Kh 2s 9s,6d Qh,1,0,1,0.0010917611622158292,0.0010801489255863374,0.0010959139210915715,0.0010582863236626233,0,10,1.0,0.9999115887816343,0.0,8.841121836570131e-05,1.0,0.99999
7c 2h Kh 2s 9s,6d Qs,1,0,1,0.0010917611622158292,0.0010801489255863374,0.0010959139210915715,0.0010562343704943287,0,10,1.0,0.9999115887816343,0.0,8.841121836570131e-05,1.0,0.99999
7c 2h Kh 2s 9s,6d Kc,1,0,1,9.997480634880012e-07,0.0010801489255863376,1.0114819382472734e-06,0.001080297278543344,11,11,0.0,1e-05,1.0,0.99999,1.0,0.99999
7c 2h Kh 2s 9s,6d Kd,1,0,1,0.0005458805811079146,9.998580201611371e-07,0.0005519661022099407,1.0005148442778173e-06,11,11,0.0,1e-05,1.0,0.99999,1.0,0.99999
7c 2h Kh 2s 9s,6d Ks,1,0,1,9.997480634880012e-07,0.0010801489255863376,1.0120716320283405e-06,0.0010802157065757062,11,11,0.0,1e-05,1.0,0.99999,1.0,0.99999
7c 2h Kh 2s 9s,6d Ac,1,0,1,0.0010917611622158292,0.0010801489255863374,0.0010935180164854525,0.0010614818489841928,0,8,1.0,0.9999115887816343,0.0,8.841121836570131e-05,1.0,0.99999
7c 2h Kh 2s 9s,6d Ad,1,0,1,0.0010917611622158292,0.0010801489255863374,0.0010935180164854525,0.0010622436400746973,0,8,1.0,0.9999115887816343,0.0,8.841121836570131e-05,1.0,0.99999
7c 2h Kh 2s 9s,6d Ah,1,0,1,0.0010917611622158292,0.0010801489255863374,0.0010913477894353982,0.0010619077795115737,0,8,1.0,0.9999115887816343,0.0,8.841121836570131e-05,1.0,0.99999
7c 2h Kh 2s 9s,6d As,1,0,1,0.0010917611622158292,0.0010801489255863374,0.0010942868025936446,0.001062076550775556,0,8,1.0,0.9999115887816343,0.0,8.841121836570131e-05,1.0,0.99999
7c 2h Kh 2s 9s,6h 6s,1,0,1,0.0010917611622158292,9.998580201611371e-07,0.0011115597319067204,9.989649232206595e-07,5,15,1.0,0.9999095403723886,0.0,9.045962761140281e-05,1.0,0.5253447651931814
7c 2h Kh 2s 9s,6h 7d,1,0,1,0.0033597876482824108,0.0010801489255863376,0.0033904596582389826,0.0010833982340125083,9,6,0.0,3.8165858961421845e-05,1.0,0.9999618341410386,1.0,0.99999
7c 2h Kh 2s 9s,6h 7h,1,0,1,0.0010917611622158292,0.0010801489255863374,0.0011030159491206414,0.001082919904210312,9,6,0.0,3.8165858961421845e-05,1.0,0.9999618341410386,1.0,0.99999
7c 2h Kh 2s 9s,6h 7s,1,0,1,0.0033597876482824108,0.0010801489255863376,0.0033904596582389826,0.0010833982340125083,9,6,0.0,3.8165858961421845e-05,1.0,0.9999618341410386,1.0,0.99999
7c 2h Kh 2s 9s,6h 8c,1,0,1,0.002555617530763931,0.0010801489255863374,0.00258044998009708,0.0010784151455214457,3,12,1.0,0.9998566222964465,0.0,0.00014337770355357494,1.0,0.0043046552623303026
7c 2h Kh 2s 9s,6h 8d,1,0,1,0.002555617530763931,0.0010801489255863374,0.00258044998009708,0.0010819350302825055,3,12,1.0,0.9998566222964465,0.0,0.00014337770355357494,1.0,0.0043046552623303026
7c 2h Kh 2s 9s,6h 8h,1,0,1,0.0010917611622158292,9.998580201611371e-07,0.0011036563395338684,9.972156476238204e-07,3,12,1.0,0.9998566222964465,0.0,0.00014337770355357494,1.0,0.0043046552623303026
7c 2h Kh 2s 9s,6h 8s,1,0,1,0.002555617530763931,0.0010801489255863374,0.00258346201244876,0.0010808136585785694,3,12,1.0,0.9998566222964465,0.0,0.00014337770355357494,1.0,0.0043046552623303026
7c 2h Kh 2s 9s,6h 9c,1,0,1,9.997480634880012e-07,0.0010801489255863376,1.002866952815453e-06,0.001085938894531587,7,13,0.0,1.3605422139158381e-05,1.0,0.9999863945778609,1.0,0.99999
7c 2h Kh 2s 9s,6h 9d,1,0,1,9.997480634880012e-07,0.0010801489255863376,1.002866952815453e-06,0.0010872256491571666,7,13,0.0,1.3605422139158381e-05,1.0,0.9999863945778609,1.0,0.99999
7c 2h Kh 2s 9s,6h 9h,1,0,1,0.0010917611622158292,0.0010801489255863374,0.0010938803607181541,0.0010871992226245835,7,13,0.0,1.3605422139158381e-05,1.0,0.9999863945778609,1.0,0.99999
7c 2h Kh 2s 9s,6h Tc,1,0,1,0.0010917611622158292,0.0010801489255863376,0.0011055413474714624,0.0010853166281040026,5,7,1.0,0.9999095403723886,0.0,9.045962761140281e-05,0.596556592263491,0.9931949709900768
7c 2h Kh 2s 9s,6h Td,1,0,1,0.0010917611622158292,0.0010801489255863376,0.0011068280892868225,0.001084029873478423,5,7,1.0,0.9999095403723886,0.0,9.045962761140281e-05,1.0,0.9931949709900768
7c 2h Kh 2s 9s,6h Th,1,0,1,0.0003755658398022453,9.998580201611371e-07,0.0003800693878917474,1.005651121184569e-06,5,7,1.0,0.9999095403723886,0.0,9.045962761140281e-05,1.0,0.9931949709900768
7c 2h Kh 2s 9s,6h Ts,1,0,1,0.0010917611622158292,0.0010801489255863376,0.0011061396135936957,0.0010858738850109452,5,7,1.0,0.9999095403723886,0.0,9.045962761140281e-05,0.0,0.9931949709900768
7c 2h Kh 2s 9s,6h Jc,1,0,1,9.997480634880012e-07,0.00017931326037401655,1.0103588409633707e-06,0.00017991793241207654,6,3,1.0,0.9999116457517904,0.0,8.83542482096646e-05,1.0,0.9999593800444955
7c 2h Kh 2s 9s,6h Jd,1,0,1,9.997480634880012e-07,0.00017931326037401655,1.0091805451211696e-06,0.00017958797955378836,6,3,1.0,0.9999116457517904,0.0,8.83542482096646e-05,1.0,0.9999593800444955
7c 2h Kh 2s 9s,6h Jh,1,0,1,0.0010917611622158292,0.0010801489255863376,0.001103135901212212,0.0010839624247261823,6,3,1.0,0.9999116457517904,0.0,8.83542482096646e-05,1.0,0.9999593800444955
7c 2h Kh 2s 9s,6h Js,1,0,1,9.997480634880012e-07,0.00017931326037401655,1.0091805451211696e-06,0.000179751932733673,6,3,1.0,0.9999116457517904,0.0,8.83542482096646e-05,1.0,0.9999593800444955
7c 2h Kh 2s 9s,6h Qc,1,0,1,0.0010917611622158292,0.0010801489255863374,0.001095106307677053,0.0010581666141843873,0,10,1.0,0.9999115887816343,0.0,8.841121836570131e-05,1.0,0.99999
7c 2h Kh 2s 9s,6h Qd,1,0,1,0.0010917611622158292,0.0010801489255863374,0.0010963930494924134,0.0010568537011979087,0,10,1.0,0.9999115887816343,0.0,8.841121836570131e-05,1.0,0.99999
7c 2h Kh 2s 9s,6h Qh,1,0,1,0.0010917611622158292,0.0010801489255863374,0.0010968502103431202,0.0010610983343679796,0,10,1.0,0.9999115887816343,0.0,8.841121836570131e-05,1.0,0.99999
7c 2h Kh 2s 9s,6h Qs,1,0,1,0.0010917611622158292,0.0010801489255863374,0.00109685021034312,0.001059046381199685,0,10,1.0,0.9999115887816343,0.0,8.841121836570131e-05,1.0,0.99999
7c 2h Kh 2s 9s,6h Kc,1,0,1,9.997480634880012e-07,0.0010801489255863376,1.0123393174969625e-06,0.0010831092892487004,11,11,0.0,1e-05,1.0,0.99999,1.0,0.99999
7c 2h Kh 2s 9s,6h Kd,1,0,1,9.997480634880012e-07,0.0010801489255863376,1.0129290112780296e-06,0.0010830277172810625,11,11,0.0,1e-05,1.0,0.99999,1.0,0.99999
7c 2h Kh 2s 9s,6h Ks,1,0,1,9.997480634880012e-07,0.0010801489255863376,1.0129290112780296e-06,0.0010830277172810625,11,11,0.0,1e-05,1.0,0.99999,1.0,0.99999
7c 2h Kh 2s 9s,6h Ac,1,0,1,0.0010917611622158292,0.0010801489255863374,0.0010944543057370012,0.0010642938596895492,0,8,1.0,0.9999115887816343,0.0,8.841121836570131e-05,1.0,0.99999
7c 2h Kh 2s 9s,6h Ad,1,0,1,0.0010917611622158292,0.0010801489255863374,0.0010944543057370012,0.0010650556507800536,0,8,1.0,0.9999115887816343,0.0,8.841121836570131e-05,1.0,0.99999
7c 2h Kh 2s 9s,6h Ah,1,0,1,0.0005458805811079146,0.0010801489255863374,0.0005461420393434735,0.0010640758232103593,0,8,1.0,0.9999115887816343,0.0,8.841121836570131e-05,1.0,0.99999
7c 2h Kh 2s 9s,6h As,1,0,1,0.0010917611622158292,0.0010801489255863374,0.0010952230918451933,0.0010648885614809123,0,8,1.0,0.9999115887816343,0.0,8.841121836570131e-05,1.0,0.99999
7c 2h Kh 2s 9s,6s 7d,1,0,1,0.0033597876482824108,0.0010801489255863376,0.003394419479679234,0.0010833982340125083,9,6,0.0,3.8165858961421845e-05,1.0,0.9999618341410386,1.0,0.99999
7c 2h Kh 2s 9s,6s 7h,1,0,1,0.0033597876482824108,0.0010801489255863376,0.003398382969990955,0.0010855954605088914,9,6,0.0,3.8165858961421845e-05,1.0,0.9999618341410386,1.0,0.99999
7c 2h Kh 2s 9s,6s 7s,1,0,1,0.0010917611622158292,0.0010801489255863374,0.0011030147569228601,0.001080722677713929,9,6,0.0,3.8165858961421845e-05,1.0,0.9999618341410386,1.0,0.99999
7c 2h Kh 2s 9s,6s 8c,1,0,1,0.002555617530763931,0.0010801489255863374,0.0025834620124487602,0.001078415145521446,3,12,1.0,0.9998566222964465,0.0,0.00014337770355357494,1.0,0.0043046552623303026
7c 2h Kh 2s 9s,6s 8d,1,0,1,0.002555617530763931,0.0010801489255863374,0.0025834620124487602,0.0010819350302825057,3,12,1.0,0.9998566222964465,0.0,0.00014337770355357494,1.0,0.0043046552623303026
7c 2h Kh 2s 9s,6s 8h,1,0,1,0.002555617530763931,0.0010801489255863374,0.00258948607715212,0.0010790212534992573,3,12,1.0,0.9998566222964465,0.0,0.00014337770355357494,1.0,0.0043046552623303026
7c 2h Kh 2s 9s,6s 8s,1,0,1,0.0010917611622158292,9.998580201611371e-07,0.0011036563395338686,9.988748175322244e-07,3,12,1.0,0.9998566222964465,0.0,0.00014337770355357494,1.0,0.0043046552623303026
7c 2h Kh 2s 9s,6s 9c,1,0,1,9.997480634880012e-07,0.0010801489255863376,1.004045248657654e-06,0.001085938894531587,7,13,0.0,1.3605422139158381e-05,1.0,0.9999863945778609,1.0,0.99999
7c 2h Kh 2s 9s,6s 9d,1,0,1,9.997480634880012e-07,0.0010801489255863376,1.004045248657654e-06,0.0010872256491571666,7,13,0.0,1.3605422139158381e-05,1.0,0.9999863945778609,1.0,0.99999
7c 2h Kh 2s 9s,6s 9h,1,0,1,9.997480634880012e-07,0.0010801489255863376,1.002866952815453e-06,0.001085912467999004,7,13,0.0,1.3605422139158381e-05,1.0,0.9999863945778609,1.0,0.99999
7c 2h Kh 2s 9s,6s Tc,1,0,1,0.0010917611622158292,0.0010801489255863376,0.0011068280892868225,0.0010853166281040026,5,7,1.0,0.9999095403723886,0.0,9.045962761140281e-05,0.7032538511468203,0.9931949709900768
7c 2h Kh 2s 9s,6s Td,1,0,1,0.0010917611622158292,0.0010801489255863376,0.001108114831102183,0.0010840298734784233,5,7,1.0,0.9999095403723886,0.0,9.045962761140281e-05,1.0,0.9931949709900768
7c 2h Kh 2s 9s,6s Th,1,0,1,0.0010917611622158292,0.0010801489255863376,0.001107426355409056,0.0010872521106977226,5,7,1.0,0.9999095403723886,0.0,9.045962761140281e-05,0.0,0.9931949709900768
7c 2h Kh 2s 9s,6s Ts,1,0,1,0.0003755658398022453,9.998580201611371e-07,0.0003805120270762313,1.004375343397012e-06,5,7,1.0,0.9999095403723886,0.0,9.045962761140281e-05,1.0,0.9931949709900768
7c 2h Kh 2s 9s,6s Jc,1,0,1,9.997480634880012e-07,0.00017931326037401655,1.0115371368055717e-06,0.00017991793241207654,6,3,1.0,0.9999116457517904,0.0,8.83542482096646e-05,1.0,0.9999593800444955
7c 2h Kh 2s 9s,6s Jd,1,0,1,9.997480634880012e-07,0.00017931326037401655,1.0103588409633707e-06,0.00017958797955378836,6,3,1.0,0.9999116457517904,0.0,8.83542482096646e-05,1.0,0.9999593800444955
7c 2h Kh 2s 9s,6s Jh,1,0,1,9.997480634880012e-07,0.00017931326037401655,1.0103588409633707e-06,0.00017973271993764844,6,3,1.0,0.9999116457517904,0.0,8.83542482096646e-05,1.0,0.9999593800444955
7c 2h Kh 2s 9s,6s Js,1,0,1,0.0010917611622158292,0.0010801489255863376,0.0011044226430275722,0.001084078158949854,6,3,1.0,0.9999116457517904,0.0,8.83542482096646e-05,1.0,0.9999593800444955
7c 2h Kh 2s 9s,6s Qc,1,0,1,0.0010917611622158292,0.0010801489255863374,0.0010963930494924134,0.0010581666141843873,0,10,1.0,0.9999115887816343,0.0,8.841121836570131e-05,1.0,0.99999
7c 2h Kh 2s 9s,6s Qd,1,0,1,0.0010917611622158292,0.0010801489255863374,0.0010976797913077737,0.001056853701197909,0,10,1.0,0.9999115887816343,0.0,8.841121836570131e-05,1.0,0.99999
7c 2h Kh 2s 9s,6s Qh,1,0,1,0.0010917611622158292,0.0010801489255863374,0.0010981369521584805,0.0010610983343679798,0,10,1.0,0.9999115887816343,0.0,8.841121836570131e-05,1.0,0.99999
7c 2h Kh 2s 9s,6s Qs,1,0,1,0.0010917611622158292,0.0010801489255863374,0.0010981369521584805,0.001059046381199685,0,10,1.0,0.9999115887816343,0.0,8.841121836570131e-05,1.0,0.99999
7c 2h Kh 2s 9s,6s Kc,1,0,1,9.997480634880012e-07,0.0010801489255863376,1.0135176133391636e-06,0.0010831092892487004,11,11,0.0,1e-05,1.0,0.99999,1.0,0.99999
7c 2h Kh 2s 9s,6s Kd,1,0,1,9.997480634880012e-07,0.0010801489255863376,1.0141073071202307e-06,0.0010830277172810625,11,11,0.0,1e-05,1.0,0.99999,1.0,0.99999
7c 2h Kh 2s 9s,6s Ks,1,0,1,0.0005458805811079146,9.998580201611371e-07,0.0005530776177433952,1.0031178292828744e-06,11,11,0.0,1e-05,1.0,0.99999,1.0,0.99999
7c 2h Kh 2s 9s,6s Ac,1,0,1,0.0010917611622158292,0.0010801489255863374,0.0010957410475523615,0.0010642938596895492,0,8,1.0,0.9999115887816343,0.0,8.841121836570131e-05,1.0,0.99999
7c 2h Kh 2s 9s,6s Ad,1,0,1,0.0010917611622158292,0.0010801489255863374,0.0010957410475523615,0.0010650556507800536,0,8,1.0,0.9999115887816343,0.0,8.841121836570131e-05,1.0,0.99999
7c 2h Kh 2s 9s,6s Ah,1,0,1,0.0010917611622158292,0.0010801489255863374,0.001093570820502307,0.00106471979021693,0,8,1.0,0.9999115887816343,0.0,8.841121836570131e-05,1.0,0.99999
7c 2h Kh 2s 9s,6s As,1,0,1,0.0010917611622158292,0.0010801489255863374,0.0010965098336605536,0.0010648885614809123,0,8,1.0,0.9999115887816343,0.0,8.841121836570131e-05,1.0,0.99999
7c 2h Kh 2s 9s,7d 7h,1,0,1,9.997480634880012e-07,0.0005400744627931687,1.0004615041574995e-06,0.0005415858581986246,1,4,0.0,1e-05,1.0,0.99999,1.0,0.99999
7c 2h Kh 2s 9s,7d 7s,1,0,1,9.997480634880012e-07,0.0005400744627931687,9.992821165953653e-07,0.0005404872449504331,1,4,0.0,1e-05,1.0,0.99999,1.0,0.99999
7c 2h Kh 2s 9s,7d 8c,1,0,1,0.002019358274856903,0.0010801489255863376,0.0020207949199724713,0.0010793210954581772,9,6,0.0,3.8165858961421845e-05,1.0,0.9999618341410386,1.0,0.99999
7c 2h Kh 2s 9s,7d 8d,1,0,1,0.0003201799562267576,0.0010801489255863376,0.00032040774392344486,0.0010808364854389733,9,6,0.0,3.8165858961421845e-05,1.0,0.9999618341410386,1.0,0.99999
7c 2h Kh 2s 9s,7d 8h,1,0,1,0.002019358274856903,0.0010801489255863376,0.002025554922109163,0.0010799272034359886,9,6,0.0,3.8165858961421845e-05,1.0,0.9999618341410386,1.0,0.99999
7c 2h Kh 2s 9s,7d 8s,1,0,1,0.002019358274856903,0.0010801489255863376,0.0020231749210408174,0.0010817196085153007,9,6,0.0,3.8165858961421845e-05,1.0,0.9999618341410386,1.0,0.99999
7c 2h Kh 2s 9s,7d 9c,1,0,1,0.0010917611622158292,0.0010801489255863376,0.0010853353857342937,0.0010887642159696832,12,0,0.0,1e-05,1.0,0.99999,1.0,0.99999
7c 2h Kh 2s 9s,7d 9d,1,0,1,9.997480634880012e-07,0.0010801489255863374,9.938638483169983e-07,0.0010887642159696832,12,0,0.0,1e-05,1.0,0.99999,1.0,0.99999
7c 2h Kh 2s 9s,7d 9h,1,0,1,0.0010917611622158292,0.0010801489255863376,0.0010840486439189336,0.0010887377894371,12,0,0.0,1e-05,1.0,0.99999,1.0,0.99999
7c 2h Kh 2s 9s,7d Tc,1,0,1,9.997480634880012e-07,0.0010801489255863374,1.0033637569470267e-06,0.0010855684402909399,9,6,0.0,3.8165858961421845e-05,1.0,0.9999618341410386,1.0,0.99999
7c 2h Kh 2s 9s,7d Td,1,0,1,0.0010917611622158292,9.998580201611371e-07,0.0010957096306722417,1.004874685099101e-06,9,6,0.0,3.8165858961421845e-05,1.0,0.9999618341410386,1.0,0.99999
7c 2h Kh 2s 9s,7d Th,1,0,1,9.997480634880012e-07,0.0010801489255863374,1.003911601492018e-06,0.0010875039228846598,9,6,0.0,3.8165858961421845e-05,1.0,0.9999618341410386,1.0,0.99999
7c 2h Kh 2s 9s,7d Ts,1,0,1,9.997480634880012e-07,0.0010801489255863374,1.003911601492018e-06,0.0010861256971978826,9,6,0.0,3.8165858961421845e-05,1.0,0.9999618341410386,1.0,0.99999
7c 2h Kh 2s 9s,7d Jc,1,0,1,0.0010917611622158292,9.998580201611371e-07,0.0010933041844129914,1.0058450023043992e-06,9,6,0.0,3.8165858961421845e-05,1.0,0.9999618341410386,1.0,0.99999
7c 2h Kh 2s 9s,7d Jd,1,0,1,0.0010917611622158292,0.0010801489255863374,0.0010933041844129914,0.0010846291030359228,9,6,0.0,3.8165858961421845e-05,1.0,0.9999618341410386,1.0,0.99999
7c 2h Kh 2s 9s,7d Jh,1,0,1,0.0010917611622158292,9.998580201611371e-07,0.001092017442597631,1.004812250027158e-06,9,6,0.0,3.8165858961421845e-05,1.0,0.9999618341410386,1.0,0.99999
7c 2h Kh 2s 9s,7d Js,1,0,1,0.0010917611622158292,9.998580201611371e-07,0.001092017442597631,1.0049193813578515e-06,9,6,0.0,3.8165858961421845e-05,1.0,0.9999618341410386,1.0,0.99999
7c 2h Kh 2s 9s,7d Qc,1,0,1,9.997480634880012e-07,0.0010801489255863374,9.93808177221414e-07,0.0010584184263713245,5,6,0.0,0.9999095403723886,1.0,9.045962761140281e-05,1.0,0.99999
7c 2h Kh 2s 9s,7d Qd,1,0,1,0.0010917611622158292,9.998580201611371e-07,0.0010852745908778326,9.797186041473906e-07,5,6,0.0,0.9999095403723886,1.0,9.045962761140281e-05,1.0,0.99999
7c 2h Kh 2s 9s,7d Qh,1,0,1,9.997480634880012e-07,0.0010801489255863374,9.954051046206025e-07,0.0010613501465549168,5,6,0.0,0.9999095403723886,1.0,9.045962761140281e-05,1.0,0.99999
7c 2h Kh 2s 9s,7d Qs,1,0,1,9.997480634880012e-07,0.0010801489255863374,9.954051046206025e-07,0.0010592981933866222,5,6,0.0,0.9999095403723886,1.0,9.045962761140281e-05,1.0,0.99999
7c 2h Kh 2s 9s,7d Kc,1,0,1,0.0003199686497959434,0.0010801489255863374,0.00032111703447011556,0.001085024138815993,13,4,0.0,1e-05,1.0,0.99999,1.0,0.99999
7c 2h Kh 2s 9s,7d Kd,1,0,1,0.0010917611622158292,0.0010801489255863376,0.0010963235186875699,0.0010858530387191586,13,4,0.0,1e-05,1.0,0.99999,1.0,0.99999
7c 2h Kh 2s 9s,7d Ks,1,0,1,0.0003199686497959434,0.0005400744627931687,0.00032111703447011556,0.0005424712834241775,13,4,0.0,1e-05,1.0,0.99999,1.0,0.99999
7c 2h Kh 2s 9s,7d Ac,1,0,1,0.0002365893263492543,0.0010801489255863376,0.00023504236690299546,0.0010648235933134425,3,14,0.0,0.9998566222964465,1.0,0.00014337770355357494,1.0,0.99999
7c 2h Kh 2s 9s,7d Ad,1,0,1,9.997480634880012e-07,0.0010801489255863374,9.93211125687144e-07,0.001065307462966991,3,14,0.0,0.9998566222964465,1.0,0.00014337770355357494,1.0,0.99999
7c 2h Kh 2s 9s,7d Ah,1,0,1,0.0002365893263492543,0.0010801489255863376,0.00023457206939327715,0.0010652495238408235,3,14,0.0,0.9998566222964465,1.0,0.00014337770355357494,1.0,0.99999
7c 2h Kh 2s 9s,7d As,1,0,1,0.0002365893263492543,0.0010801489255863376,0.0002352089661499175,0.0010654182951048057,3,14,0.0,0.9998566222964465,1.0,0.00014337770355357494,1.0,0.99999
7c 2h Kh 2s 9s,7h 7s,1,0,1,9.997480634880012e-07,0.0005400744627931687,1.0004615041574995e-06,0.0005415858581986246,1,4,0.0,1e-05,1.0,0.99999,1.0,0.99999
7c 2h Kh 2s 9s,7h 8c,1,0,1,0.002019358274856903,0.0010801489255863376,0.0020231771261700507,0.0010815183219545603,9,6,0.0,3.8165858961421845e-05,1.0,0.9999618341410386,1.0,0.99999
7c 2h Kh 2s 9s,7h 8d,1,0,1,0.002019358274856903,0.0010801489255863376,0.0020231771261700507,0.0010850382067156203,9,6,0.0,3.8165858961421845e-05,1.0,0.9999618341410386,1.0,0.99999
7c 2h Kh 2s 9s,7h 8h,1,0,1,0.0003201799562267576,0.0010801489255863376,0.0003215401789055391,0.001080119935152108,9,6,0.0,3.8165858961421845e-05,1.0,0.9999618341410386,1.0,0.99999
7c 2h Kh 2s 9s,7h 8s,1,0,1,0.002019358274856903,0.0010801489255863376,0.0020255571272383968,0.0010839168350116838,9,6,0.0,3.8165858961421845e-05,1.0,0.9999618341410386,1.0,0.99999
7c 2h Kh 2s 9s,7h 9c,1,0,1,0.0010917611622158292,0.0010801489255863376,0.0010866233197474352,0.0010909614424660663,12,0,0.0,1e-05,1.0,0.99999,1.0,0.99999
7c 2h Kh 2s 9s,7h 9d,1,0,1,0.0010917611622158292,0.0010801489255863376,0.0010866233197474352,0.0010922481970916458,12,0,0.0,1e-05,1.0,0.99999,1.0,0.99999
7c 2h Kh 2s 9s,7h 9h,1,0,1,9.997480634880012e-07,0.0010801489255863374,9.938649400369317e-07,0.0010896482613079038,12,0,0.0,1e-05,1.0,0.99999,1.0,0.99999
7c 2h Kh 2s 9s,7h Tc,1,0,1,9.997480634880012e-07,0.0010801489255863374,1.004543144509161e-06,0.001087765666787323,9,6,0.0,3.8165858961421845e-05,1.0,0.9999618341410386,1.0,0.99999
7c 2h Kh 2s 9s,7h Td,1,0,1,9.997480634880012e-07,0.0010801489255863374,1.005721440351362e-06,0.0010864789121617436,9,6,0.0,3.8165858961421845e-05,1.0,0.9999618341410386,1.0,0.99999
7c 2h Kh 2s 9s,7h Th,1,0,1,0.0010917611622158292,9.998580201611371e-07,0.0010963090889922564,1.0098913028383228e-06,9,6,0.0,3.8165858961421845e-05,1.0,0.9999618341410386,1.0,0.99999
7c 2h Kh 2s 9s,7h Ts,1,0,1,9.997480634880012e-07,0.0010801489255863374,1.0050909890541522e-06,0.0010883229236942657,9,6,0.0,3.8165858961421845e-05,1.0,0.9999618341410386,1.0,0.99999
7c 2h Kh 2s 9s,7h Jc,1,0,1,0.0010917611622158292,9.998580201611371e-07,0.001094592118426133,1.0078789019662693e-06,9,6,0.0,3.8165858961421845e-05,1.0,0.9999618341410386,1.0,0.99999
7c 2h Kh 2s 9s,7h Jd,1,0,1,0.0010917611622158292,9.998580201611371e-07,0.0010933053766107727,1.0060390714320054e-06,9,6,0.0,3.8165858961421845e-05,1.0,0.9999618341410386,1.0,0.99999
7c 2h Kh 2s 9s,7h Jh,1,0,1,0.0010917611622158292,0.0010801489255863374,0.001094592118426133,0.0010876982180350822,9,6,0.0,3.8165858961421845e-05,1.0,0.9999618341410386,1.0,0.99999
7c 2h Kh 2s 9s,7h Js,1,0,1,0.0010917611622158292,9.998580201611371e-07,0.0010933053766107727,1.0069532810197216e-06,9,6,0.0,3.8165858961421845e-05,1.0,0.9999618341410386,1.0,0.99999
7c 2h Kh 2s 9s,7h Qc,1,0,1,9.997480634880012e-07,0.0010801489255863374,9.949875647835482e-07,0.0010606156528677076,5,6,0.0,0.9999095403723886,1.0,9.045962761140281e-05,1.0,0.99999
7c 2h Kh 2s 9s,7h Qd,1,0,1,9.997480634880012e-07,0.0010801489255863374,9.961658606257493e-07,0.001059302739881229,5,6,0.0,0.9999095403723886,1.0,9.045962761140281e-05,1.0,0.99999
7c 2h Kh 2s 9s,7h Qh,1,0,1,0.0010917611622158292,9.998580201611371e-07,0.001087019685741681,9.856816198942797e-07,5,6,0.0,0.9999095403723886,1.0,9.045962761140281e-05,1.0,0.99999
7c 2h Kh 2s 9s,7h Qs,1,0,1,9.997480634880012e-07,0.0010801489255863374,9.965844921827368e-07,0.001061495419883005,5,6,0.0,0.9999095403723886,1.0,9.045962761140281e-05,1.0,0.99999
7c 2h Kh 2s 9s,7h Kc,1,0,1,0.0003199686497959434,0.0005400744627931687,0.00032130576554128447,0.000543610682656188,13,4,0.0,1e-05,1.0,0.99999,1.0,0.99999
7c 2h Kh 2s 9s,7h Kd,1,0,1,0.0003199686497959434,0.0005400744627931687,0.0003214944966124534,0.000543569896672369,13,4,0.0,1e-05,1.0,0.99999,1.0,0.99999
7c 2h Kh 2s 9s,7h Ks,1,0,1,0.0003199686497959434,0.0005400744627931687,0.00032149449661245333,0.000543569896672369,13,4,0.0,1e-05,1.0,0.99999,1.0,0.99999
7c 2h Kh 2s 9s,7h Ac,1,0,1,0.0002365893263492543,0.0010801489255863376,0.00023532146772751374,0.0010670208198098256,3,14,0.0,0.9998566222964465,1.0,0.00014337770355357494,1.0,0.99999
7c 2h Kh 2s 9s,7h Ad,1,0,1,0.0002365893263492543,0.0010801489255863376,0.00023532146772751374,0.0010677826109003303,3,14,0.0,0.9998566222964465,1.0,0.00014337770355357494,1.0,0.99999
7c 2h Kh 2s 9s,7h Ah,1,0,1,9.997480634880012e-07,0.0010801489255863374,9.92403191877434e-07,0.0010671688289002504,3,14,0.0,0.9998566222964465,1.0,0.00014337770355357494,1.0,0.99999
7c 2h Kh 2s 9s,7h As,1,0,1,0.0002365893263492543,0.0010801489255863376,0.00023548806697443577,0.0010676155216011887,3,14,0.0,0.9998566222964465,1.0,0.00014337770355357494,1.0,0.99999
7c 2h Kh 2s 9s,7s 8c,1,0,1,0.002019358274856903,0.0010801489255863376,0.0020207949199724713,0.0010793210954581772,9,6,0.0,3.8165858961421845e-05,1.0,0.9999618341410386,1.0,0.99999
7c 2h Kh 2s 9s,7s 8d,1,0,1,0.002019358274856903,0.0010801489255863376,0.0020207949199724713,0.001082840980219237,9,6,0.0,3.8165858961421845e-05,1.0,0.9999618341410386,1.0,0.99999
7c 2h Kh 2s 9s,7s 8h,1,0,1,0.002019358274856903,0.0010801489255863376,0.002025554922109163,0.0010799272034359886,9,6,0.0,3.8165858961421845e-05,1.0,0.9999618341410386,1.0,0.99999
7c 2h Kh 2s 9s,7s 8s,1,0,1,0.0003201799562267576,0.0010801489255863376,0.00032078510570583425,0.0010797151137350368,9,6,0.0,3.8165858961421845e-05,1.0,0.9999618341410386,1.0,0.99999
7c 2h Kh 2s 9s,7s 9c,1,0,1,0.0010917611622158292,0.0010801489255863376,0.0010853353857342937,0.0010887642159696832,12,0,0.0,1e-05,1.0,0.99999,1.0,0.99999
7c 2h Kh 2s 9s,7s 9d,1,0,1,0.0010917611622158292,0.0010801489255863376,0.0010853353857342937,0.0010900509705952625,12,0,0.0,1e-05,1.0,0.99999,1.0,0.99999
7c 2h Kh 2s 9s,7s 9h,1,0,1,0.0010917611622158292,0.0010801489255863376,0.0010840486439189336,0.0010887377894371,12,0,0.0,1e-05,1.0,0.99999,1.0,0.99999
7c 2h Kh 2s 9s,7s Tc,1,0,1,9.997480634880012e-07,0.0010801489255863374,1.0033637569470267e-06,0.0010855684402909399,9,6,0.0,3.8165858961421845e-05,1.0,0.9999618341410386,1.0,0.99999
7c 2h Kh 2s 9s,7s Td,1,0,1,9.997480634880012e-07,0.0010801489255863374,1.0045420527892278e-06,0.0010842816856653603,9,6,0.0,3.8165858961421845e-05,1.0,0.9999618341410386,1.0,0.99999
7c 2h Kh 2s 9s,7s Th,1,0,1,9.997480634880012e-07,0.0010801489255863374,1.003911601492018e-06,0.0010875039228846598,9,6,0.0,3.8165858961421845e-05,1.0,0.9999618341410386,1.0,0.99999
7c 2h Kh 2s 9s,7s Ts,1,0,1,0.0010917611622158292,9.998580201611371e-07,0.0010950211549791149,1.006581625388896e-06,9,6,0.0,3.8165858961421845e-05,1.0,0.9999618341410386,1.0,0.99999
7c 2h Kh 2s 9s,7s Jc,1,0,1,0.0010917611622158292,9.998580201611371e-07,0.0010933041844129914,1.0058450023043992e-06,9,6,0.0,3.8165858961421845e-05,1.0,0.9999618341410386,1.0,0.99999
7c 2h Kh 2s 9s,7s Jd,1,0,1,0.0010917611622158292,9.998580201611371e-07,0.001092017442597631,1.0040051717701353e-06,9,6,0.0,3.8165858961421845e-05,1.0,0.9999618341410386,1.0,0.99999
7c 2h Kh 2s 9s,7s Jh,1,0,1,0.0010917611622158292,9.998580201611371e-07,0.001092017442597631,1.004812250027158e-06,9,6,0.0,3.8165858961421845e-05,1.0,0.9999618341410386,1.0,0.99999
7c 2h Kh 2s 9s,7s Js,1,0,1,0.0010917611622158292,0.0010801489255863374,0.0010933041844129914,0.0010856167257623707,9,6,0.0,3.8165858961421845e-05,1.0,0.9999618341410386,1.0,0.99999
7c 2h Kh 2s 9s,7s Qc,1,0,1,9.997480634880012e-07,0.0010801489255863374,9.93808177221414e-07,0.0010584184263713245,5,6,0.0,0.9999095403723886,1.0,9.045962761140281e-05,1.0,0.99999
7c 2h Kh 2s 9s,7s Qd,1,0,1,9.997480634880012e-07,0.0010801489255863374,9.94986473063615e-07,0.001057105513384846,5,6,0.0,0.9999095403723886,1.0,9.045962761140281e-05,1.0,0.99999
7c 2h Kh 2s 9s,7s Qh,1,0,1,9.997480634880012e-07,0.0010801489255863374,9.954051046206025e-07,0.0010613501465549168,5,6,0.0,0.9999095403723886,1.0,9.045962761140281e-05,1.0,0.99999
7c 2h Kh 2s 9s,7s Qs,1,0,1,0.0010917611622158292,9.998580201611371e-07,0.0010857317517285392,9.81748295270059e-07,5,6,0.0,0.9999095403723886,1.0,9.045962761140281e-05,1.0,0.99999
7c 2h Kh 2s 9s,7s Kc,1,0,1,0.0003199686497959434,0.0010801489255863374,0.00032111703447011556,0.0010850241388159927,13,4,0.0,1e-05,1.0,0.99999,1.0,0.99999
7c 2h Kh 2s 9s,7s Kd,1,0,1,0.0003199686497959434,0.0005400744627931687,0.00032111703447011556,0.0005424712834241775,13,4,0.0,1e-05,1.0,0.99999,1.0,0.99999
7c 2h Kh 2s 9s,7s Ks,1,0,1,0.0010917611622158292,0.0010801489255863376,0.0010963235186875699,0.0010858530387191586,13,4,0.0,1e-05,1.0,0.99999,1.0,0.99999
7c 2h Kh 2s 9s,7s Ac,1,0,1,0.0002365893263492543,0.0010801489255863376,0.00023504236690299548,0.0010648235933134425,3,14,0.0,0.9998566222964465,1.0,0.00014337770355357494,1.0,0.99999
7c 2h Kh 2s 9s,7s Ad,1,0,1,0.0002365893263492543,0.0010801489255863376,0.00023504236690299548,0.001065585384403947,3,14,0.0,0.9998566222964465,1.0,0.00014337770355357494,1.0,0.99999
7c 2h Kh 2s 9s,7s Ah,1,0,1,0.0002365893263492543,0.0010801489255863376,0.00023457206939327715,0.0010652495238408235,3,14,0.0,0.9998566222964465,1.0,0.00014337770355357494,1.0,0.99999
7c 2h Kh 2s 9s,7s As,1,0,1,9.997480634880012e-07,0.0010801489255863374,9.939151188767735e-07,0.0010651403736678495,3,14,0.0,0.9998566222964465,1.0,0.00014337770355357494,1.0,0.99999
7c 2h Kh 2s 9s,8c 8d,1,0,1,0.0010917611622158292,0.0010801489255863374,0.0010931794635302959,0.001077712286782093,10,14,0.0,3.6555546920294756e-05,1.0,0.9999634444530797,1.0,0.99999
7c 2h Kh 2s 9s,8c 8h,1,0,1,0.0010917611622158292,0.0010801489255863374,0.0010957529471610165,0.0010747985099988447,10,14,0.0,3.6555546920294756e-05,1.0,0.9999634444530797,1.0,0.99999
7c 2h Kh 2s 9s,8c 8s,1,0,1,0.0010917611622158292,0.0010801489255863374,0.0010944662053456562,0.0010765909150781568,10,14,0.0,3.6555546920294756e-05,1.0,0.9999634444530797,1.0,0.99999
7c 2h Kh 2s 9s,8c 9c,1,0,1,0.0007181102831687006,0.0010801489255863374,0.0007143057064517228,0.00108428900446649,7,13,0.0,1.3605422139158381e-05,1.0,0.9999863945778609,1.0,0.99999
7c 2h Kh 2s 9s,8c 9d,1,0,1,9.997480634880012e-07,0.0010801489255863374,9.944513586581991e-07,0.001084729794716977,7,13,0.0,1.3605422139158381e-05,1.0,0.9999863945778609,1.0,0.99999
7c 2h Kh 2s 9s,8c 9h,1,0,1,9.997480634880012e-07,0.0010801489255863374,9.932730628159983e-07,0.0010834166135588145,7,13,0.0,1.3605422139158381e-05,1.0,0.9999863945778609,1.0,0.99999
7c 2h Kh 2s 9s,8c Tc,1,0,1,0.0023804447621788107,9.998580201611371e-07,0.0023876472030413933,1.0037384973800838e-06,5,7,1.0,0.9999095403723886,0.0,9.045962761140281e-05,1.0,0.9931949709900768
7c 2h Kh 2s 9s,8c Td,1,0,1,0.0010917611622158292,0.0010801489255863374,0.0010976379550986103,0.0010815340190382338,5,7,1.0,0.9999095403723886,0.0,9.045962761140281e-05,1.0,0.9931949709900768
7c 2h Kh 2s 9s,8c Th,1,0,1,0.0010917611622158292,0.0010801489255863374,0.0010969494794054835,0.001084756256257533,5,7,1.0,0.9999095403723886,0.0,9.045962761140281e-05,1.0,0.9931949709900768
7c 2h Kh 2s 9s,8c Ts,1,0,1,0.0010917611622158292,0.0010801489255863374,0.0010969494794054835,0.0010833780305707556,5,7,1.0,0.9999095403723886,0.0,9.045962761140281e-05,1.0,0.9931949709900768
7c 2h Kh 2s 9s,8c Jc,1,0,1,0.0010917611622158292,9.998580201611371e-07,0.0010939457670239997,1.0021104724162756e-06,6,3,1.0,0.9999116457517904,0.0,8.83542482096646e-05,1.0,0.9999593800444955
7c 2h Kh 2s 9s,8c Jd,1,0,1,0.0010917611622158292,0.0010801489255863374,0.0010939457670239997,0.0010805946817832167,6,3,1.0,0.9999116457517904,0.0,8.83542482096646e-05,1.0,0.9999593800444955
7c 2h Kh 2s 9s,8c Jh,1,0,1,0.0010917611622158292,0.0010801489255863374,0.0010939457670239997,0.0010814665702859928,6,3,1.0,0.9999116457517904,0.0,8.83542482096646e-05,1.0,0.9999593800444955
7c 2h Kh 2s 9s,8c Js,1,0,1,0.0010917611622158292,0.0010801489255863374,0.0010939457670239997,0.0010815823045096644,6,3,1.0,0.9999116457517904,0.0,8.83542482096646e-05,1.0,0.9999593800444955
7c 2h Kh 2s 9s,8c Qc,1,0,1,0.0004711811331668315,0.0010801489255863376,0.00046865855908465764,0.0010549386709367279,0,10,1.0,0.9999115887816343,0.0,8.841121836570131e-05,1.0,0.99999
7c 2h Kh 2s 9s,8c Qd,1,0,1,0.00039670600789223817,0.0010801489255863376,0.00039504970796338834,0.001053537900779383,0,10,1.0,0.9999115887816343,0.0,8.841121836570131e-05,1.0,0.99999
7c 2h Kh 2s 9s,8c Qh,1,0,1,0.00039670600789223817,0.0010801489255863376,0.0003952158234676992,0.001057782533949454,0,10,1.0,0.9999115887816343,0.0,8.841121836570131e-05,1.0,0.99999
7c 2h Kh 2s 9s,8c Qs,1,0,1,0.00039670600789223817,0.0010801489255863376,0.00039521582346769917,0.0010557305807811592,0,10,1.0,0.9999115887816343,0.0,8.841121836570131e-05,1.0,0.99999
7c 2h Kh 2s 9s,8c Kc,1,0,1,0.0007068957165426231,0.0010801489255863374,0.0007098482164480622,0.001081446169530177,11,11,0.0,1e-05,1.0,0.99999,1.0,0.99999
7c 2h Kh 2s 9s,8c Kd,1,0,1,0.0007704870521620811,9.998580201611371e-07,0.0007732515302180344,1.001052768795979e-06,11,11,0.0,1e-05,1.0,0.99999,1.0,0.99999
7c 2h Kh 2s 9s,8c Ks,1,0,1,0.0007704870521620811,9.998580201611371e-07,0.0007732515302180344,1.001052768795979e-06,11,11,0.0,1e-05,1.0,0.99999,1.0,0.99999
7c 2h Kh 2s 9s,8c Ac,1,0,1,0.0010917611622158292,0.0010801489255863374,0.001085264171548789,0.0010617980052493596,0,8,1.0,0.9999115887816343,0.0,8.841121836570131e-05,1.0,0.99999
7c 2h Kh 2s 9s,8c Ad,1,0,1,0.0010917611622158292,0.0010801489255863374,0.001085264171548789,0.001062559796339864,0,8,1.0,0.9999115887816343,0.0,8.841121836570131e-05,1.0,0.99999
7c 2h Kh 2s 9s,8c Ah,1,0,1,0.0010917611622158292,0.0010801489255863374,0.0010830939444987347,0.0010622239357767405,0,8,1.0,0.9999115887816343,0.0,8.841121836570131e-05,1.0,0.99999
7c 2h Kh 2s 9s,8c As,1,0,1,0.0010917611622158292,0.0010801489255863374,0.001086032957656981,0.0010623927070407227,0,8,1.0,0.9999115887816343,0.0,8.841121836570131e-05,1.0,0.99999
7c 2h Kh 2s 9s,8d 8h,1,0,1,0.0010917611622158292,0.0010801489255863374,0.0010957529471610165,0.0010783183947599047,10,14,0.0,3.6555546920294756e-05,1.0,0.9999634444530797,1.0,0.99999
7c 2h Kh 2s 9s,8d 8s,1,0,1,0.0010917611622158292,0.0010801489255863374,0.0010944662053456564,0.0010801107998392166,10,14,0.0,3.6555546920294756e-05,1.0,0.9999634444530797,1.0,0.99999
7c 2h Kh 2s 9s,8d 9c,1,0,1,9.997480634880012e-07,0.0010801489255863374,9.944513586581991e-07,0.0010869629248524575,7,13,0.0,1.3605422139158381e-05,1.0,0.9999863945778609,1.0,0.99999
7c 2h Kh 2s 9s,8d 9d,1,0,1,0.0007181102831687006,0.0010801489255863374,0.0007143057064517228,0.0010890956438531294,7,13,0.0,1.3605422139158381e-05,1.0,0.9999863945778609,1.0,0.99999
7c 2h Kh 2s 9s,8d 9h,1,0,1,9.997480634880012e-07,0.0010801489255863374,9.932730628159983e-07,0.0010869364983198744,7,13,0.0,1.3605422139158381e-05,1.0,0.9999863945778609,1.0,0.99999
7c 2h Kh 2s 9s,8d Tc,1,0,1,0.0010917611622158292,0.0010801489255863374,0.00109635121328325,0.001086340658424873,5,7,1.0,0.9999095403723886,0.0,9.045962761140281e-05,1.0,0.9931949709900768
7c 2h Kh 2s 9s,8d Td,1,0,1,0.0023804447621788107,9.998580201611371e-07,0.0023904527780340356,1.0058056318493534e-06,5,7,1.0,0.9999095403723886,0.0,9.045962761140281e-05,1.0,0.9931949709900768
7c 2h Kh 2s 9s,8d Th,1,0,1,0.0010917611622158292,0.0010801489255863374,0.0010969494794054835,0.001088276141018593,5,7,1.0,0.9999095403723886,0.0,9.045962761140281e-05,1.0,0.9931949709900768
7c 2h Kh 2s 9s,8d Ts,1,0,1,0.0010917611622158292,0.0010801489255863374,0.0010969494794054835,0.0010868979153318156,5,7,1.0,0.9999095403723886,0.0,9.045962761140281e-05,1.0,0.9931949709900768
7c 2h Kh 2s 9s,8d Jc,1,0,1,0.0010917611622158292,0.0010801489255863374,0.0010952325088393602,0.001086102139714441,6,3,1.0,0.9999116457517904,0.0,8.83542482096646e-05,1.0,0.9999593800444955
7c 2h Kh 2s 9s,8d Jd,1,0,1,0.0005458805811079146,9.998580201611371e-07,0.0005463295126043198,1.0029327835219612e-06,6,3,1.0,0.9999116457517904,0.0,8.83542482096646e-05,1.0,0.9999593800444955
7c 2h Kh 2s 9s,8d Jh,1,0,1,0.0010917611622158292,0.0010801489255863374,0.0010939457670239997,0.0010849864550470528,6,3,1.0,0.9999116457517904,0.0,8.83542482096646e-05,1.0,0.9999593800444955
7c 2h Kh 2s 9s,8d Js,1,0,1,0.0010917611622158292,0.0010801489255863374,0.0010939457670239997,0.0010851021892707244,6,3,1.0,0.9999116457517904,0.0,8.83542482096646e-05,1.0,0.9999593800444955
7c 2h Kh 2s 9s,8d Qc,1,0,1,0.00039670600789223817,0.0010801489255863376,0.00039458215312957877,0.0010583706985269215,0,10,1.0,0.9999115887816343,0.0,8.841121836570131e-05,1.0,0.99999
7c 2h Kh 2s 9s,8d Qd,1,0,1,0.0004711811331668315,0.0010801489255863376,0.0004692138897628657,0.0010571456427113093,0,10,1.0,0.9999115887816343,0.0,8.841121836570131e-05,1.0,0.99999
7c 2h Kh 2s 9s,8d Qh,1,0,1,0.00039670600789223817,0.0010801489255863376,0.00039521582346769917,0.0010613024187105138,0,10,1.0,0.9999115887816343,0.0,8.841121836570131e-05,1.0,0.99999
7c 2h Kh 2s 9s,8d Qs,1,0,1,0.00039670600789223817,0.0010801489255863376,0.0003952158234676992,0.0010592504655422192,0,10,1.0,0.9999115887816343,0.0,8.841121836570131e-05,1.0,0.99999
7c 2h Kh 2s 9s,8d Kc,1,0,1,0.0007704870521620811,9.998580201611371e-07,0.0007727970642984231,1.0043865177903569e-06,11,11,0.0,1e-05,1.0,0.99999,1.0,0.99999
7c 2h Kh 2s 9s,8d Kd,1,0,1,0.00035344785827131156,0.0010801489255863374,0.00035513258675133814,0.001084467525268985,11,11,0.0,1e-05,1.0,0.99999,1.0,0.99999
7c 2h Kh 2s 9s,8d Ks,1,0,1,0.00038524352608104056,9.998580201611371e-07,0.0003866257651090172,1.0038903253043205e-06,11,11,0.0,1e-05,1.0,0.99999,1.0,0.99999
7c 2h Kh 2s 9s,8d Ac,1,0,1,0.0010917611622158292,0.0010801489255863374,0.001085264171548789,0.0010653178900104196,0,8,1.0,0.9999115887816343,0.0,8.841121836570131e-05,1.0,0.99999
7c 2h Kh 2s 9s,8d Ad,1,0,1,0.0010917611622158292,0.0010801489255863374,0.001085264171548789,0.001066079681100924,0,8,1.0,0.9999115887816343,0.0,8.841121836570131e-05,1.0,0.99999
7c 2h Kh 2s 9s,8d Ah,1,0,1,0.0010917611622158292,0.0010801489255863374,0.0010830939444987347,0.0010657438205378005,0,8,1.0,0.9999115887816343,0.0,8.841121836570131e-05,1.0,0.99999
7c 2h Kh 2s 9s,8d As,1,0,1,0.0010917611622158292,0.0010801489255863374,0.001086032957656981,0.0010659125918017827,0,8,1.0,0.9999115887816343,0.0,8.841121836570131e-05,1.0,0.99999
7c 2h Kh 2s 9s,8h 8s,1,0,1,0.0010917611622158292,0.0010801489255863374,0.001097039688976377,0.0010771970230559682,10,14,0.0,3.6555546920294756e-05,1.0,0.9999634444530797,1.0,0.99999
7c 2h Kh 2s 9s,8h 9c,1,0,1,9.997480634880012e-07,0.0010801489255863374,9.968079503426013e-07,0.001084049148069209,14,13,0.0,1.4028572212311688e-05,1.0,0.9999859714277877,1.0,0.99999
7c 2h Kh 2s 9s,8h 9d,1,0,1,9.997480634880012e-07,0.0010801489255863374,9.968079503426013e-07,0.0010853359026947885,14,13,0.0,1.4028572212311688e-05,1.0,0.9999859714277877,1.0,0.99999
7c 2h Kh 2s 9s,8h 9h,1,0,1,0.0007181102831687006,0.0010801489255863374,0.0007151520660415052,0.0010848686859117184,7,13,0.0,1.3605422139158381e-05,1.0,0.9999863945778609,1.0,0.99999
7c 2h Kh 2s 9s,8h Tc,1,0,1,0.0010917611622158292,0.0010801489255863374,0.0010989246969139708,0.0010834268816416245,5,7,1.0,0.9999095403723886,0.0,9.045962761140281e-05,1.0,0.9931949709900768
7c 2h Kh 2s 9s,8h Td,1,0,1,0.0010917611622158292,0.0010801489255863374,0.001100211438729331,0.0010821401270160451,5,7,1.0,0.9999095403723886,0.0,9.045962761140281e-05,1.0,0.9931949709900768
7c 2h Kh 2s 9s,8h Th,1,0,1,0.0023804447621788107,9.998580201611371e-07,0.002394562795340938,1.0060911634400275e-06,5,7,1.0,0.9999095403723886,0.0,9.045962761140281e-05,1.0,0.9931949709900768
7c 2h Kh 2s 9s,8h Ts,1,0,1,0.0010917611622158292,0.0010801489255863374,0.001099522963036204,0.0010839841385485672,5,7,1.0,0.9999095403723886,0.0,9.045962761140281e-05,1.0,0.9931949709900768
7c 2h Kh 2s 9s,8h Jc,1,0,1,0.0005458805811079146,0.0010801489255863374,0.0005489029962350404,0.0010825443959246216,6,3,1.0,0.9999116457517904,0.0,8.83542482096646e-05,1.0,0.9999593800444955
7c 2h Kh 2s 9s,8h Jd,1,0,1,0.0010917611622158292,0.0010801489255863374,0.0010965192506547203,0.001081200789761028,6,3,1.0,0.9999116457517904,0.0,8.83542482096646e-05,1.0,0.9999593800444955
7c 2h Kh 2s 9s,8h Jh,1,0,1,0.0010917611622158292,9.998580201611371e-07,0.0010952325088393602,1.0016387741829196e-06,6,3,1.0,0.9999116457517904,0.0,8.83542482096646e-05,1.0,0.9999593800444955
7c 2h Kh 2s 9s,8h Js,1,0,1,0.0010917611622158292,0.0010801489255863374,0.0010965192506547203,0.0010821884124874758,6,3,1.0,0.9999116457517904,0.0,8.83542482096646e-05,1.0,0.9999593800444955
7c 2h Kh 2s 9s,8h Qc,1,0,1,0.00039670600789223817,0.0010801489255863376,0.0003955172627971979,0.001055456921743673,0,10,1.0,0.9999115887816343,0.0,8.841121836570131e-05,1.0,0.99999
7c 2h Kh 2s 9s,8h Qd,1,0,1,0.00039670600789223817,0.0010801489255863376,0.00039598481763100755,0.0010541440087571943,0,10,1.0,0.9999115887816343,0.0,8.841121836570131e-05,1.0,0.99999
7c 2h Kh 2s 9s,8h Qh,1,0,1,0.0004711811331668315,0.0010801489255863376,0.0004705218521180081,0.0010584764990981318,0,10,1.0,0.9999115887816343,0.0,8.841121836570131e-05,1.0,0.99999
7c 2h Kh 2s 9s,8h Qs,1,0,1,0.00039670600789223817,0.0010801489255863376,0.0003961509331353184,0.0010563366887589706,0,10,1.0,0.9999115887816343,0.0,8.841121836570131e-05,1.0,0.99999
7c 2h Kh 2s 9s,8h Kc,1,0,1,0.0007704870521620811,9.998580201611371e-07,0.0007746132452407795,1.0016893313036793e-06,11,11,0.0,1e-05,1.0,0.99999,1.0,0.99999
7c 2h Kh 2s 9s,8h Kd,1,0,1,0.0007704870521620811,9.998580201611371e-07,0.0007750677111603909,1.001613822839864e-06,11,11,0.0,1e-05,1.0,0.99999,1.0,0.99999
7c 2h Kh 2s 9s,8h Ks,1,0,1,0.0007704870521620811,9.998580201611371e-07,0.0007750677111603909,1.0016138228398641e-06,11,11,0.0,1e-05,1.0,0.99999,1.0,0.99999
7c 2h Kh 2s 9s,8h Ac,1,0,1,0.0010917611622158292,0.0010801489255863374,0.0010878376551795095,0.001062404113227171,0,8,1.0,0.9999115887816343,0.0,8.841121836570131e-05,1.0,0.99999
7c 2h Kh 2s 9s,8h Ad,1,0,1,0.0010917611622158292,0.0010801489255863374,0.0010878376551795095,0.0010631659043176757,0,8,1.0,0.9999115887816343,0.0,8.841121836570131e-05,1.0,0.99999
7c 2h Kh 2s 9s,8h Ah,1,0,1,0.0010917611622158292,0.0010801489255863374,0.0010856674281294553,0.001062830043754552,0,8,1.0,0.9999115887816343,0.0,8.841121836570131e-05,1.0,0.99999
7c 2h Kh 2s 9s,8h As,1,0,1,0.0010917611622158292,0.0010801489255863374,0.001088606441287702,0.0010629988150185341,0,8,1.0,0.9999115887816343,0.0,8.841121836570131e-05,1.0,0.99999
7c 2h Kh 2s 9s,8s 9c,1,0,1,9.997480634880012e-07,0.0010801489255863374,9.956296545004002e-07,0.001085841553148521,7,13,0.0,1.3605422139158381e-05,1.0,0.9999863945778609,1.0,0.99999
7c 2h Kh 2s 9s,8s 9d,1,0,1,9.997480634880012e-07,0.0010801489255863374,9.956296545004004e-07,0.0010871283077741006,7,13,0.0,1.3605422139158381e-05,1.0,0.9999863945778609,1.0,0.99999
7c 2h Kh 2s 9s,8s 9h,1,0,1,9.997480634880012e-07,0.0010801489255863374,9.944513586581991e-07,0.001085815126615938,7,13,0.0,1.3605422139158381e-05,1.0,0.9999863945778609,1.0,0.99999
7c 2h Kh 2s 9s,8s Tc,1,0,1,0.0010917611622158292,0.0010801489255863374,0.0010976379550986103,0.0010852192867209366,5,7,1.0,0.9999095403723886,0.0,9.045962761140281e-05,1.0,0.9931949709900768
7c 2h Kh 2s 9s,8s Td,1,0,1,0.0010917611622158292,0.0010801489255863374,0.0010989246969139708,0.0010839325320953573,5,7,1.0,0.9999095403723886,0.0,9.045962761140281e-05,1.0,0.9931949709900768
7c 2h Kh 2s 9s,8s Th,1,0,1,0.0010917611622158292,0.0010801489255863374,0.001098236221220844,0.0010871547693146566,5,7,1.0,0.9999095403723886,0.0,9.045962761140281e-05,1.0,0.9931949709900768
7c 2h Kh 2s 9s,8s Ts,1,0,1,0.0023804447621788107,9.998580201611371e-07,0.0023917572203482956,1.006474555560875e-06,5,7,1.0,0.9999095403723886,0.0,9.045962761140281e-05,1.0,0.9931949709900768
7c 2h Kh 2s 9s,8s Jc,1,0,1,0.0010917611622158292,0.0010801489255863374,0.0010965192506547203,0.0010849807680105045,6,3,1.0,0.9999116457517904,0.0,8.83542482096646e-05,1.0,0.9999593800444955
7c 2h Kh 2s 9s,8s Jd,1,0,1,0.0010917611622158292,0.0010801489255863374,0.0010952325088393602,0.00108299319484034,6,3,1.0,0.9999116457517904,0.0,8.83542482096646e-05,1.0,0.9999593800444955
7c 2h Kh 2s 9s,8s Jh,1,0,1,0.0010917611622158292,0.0010801489255863374,0.0010952325088393602,0.0010838650833431163,6,3,1.0,0.9999116457517904,0.0,8.83542482096646e-05,1.0,0.9999593800444955
7c 2h Kh 2s 9s,8s Js,1,0,1,0.0005458805811079146,9.998580201611371e-07,0.0005469728835119998,1.0028089765314042e-06,6,3,1.0,0.9999116457517904,0.0,8.83542482096646e-05,1.0,0.9999593800444955
7c 2h Kh 2s 9s,8s Qc,1,0,1,0.00039670600789223817,0.0010801489255863376,0.0003950497079633883,0.001057249326822985,0,10,1.0,0.9999115887816343,0.0,8.841121836570131e-05,1.0,0.99999
7c 2h Kh 2s 9s,8s Qd,1,0,1,0.00039670600789223817,0.0010801489255863376,0.0003955172627971979,0.0010559364138365065,0,10,1.0,0.9999115887816343,0.0,8.841121836570131e-05,1.0,0.99999
7c 2h Kh 2s 9s,8s Qh,1,0,1,0.00039670600789223817,0.0010801489255863376,0.0003956833783015088,0.0010601810470065773,0,10,1.0,0.9999115887816343,0.0,8.841121836570131e-05,1.0,0.99999
7c 2h Kh 2s 9s,8s Qs,1,0,1,0.0004711811331668315,0.0010801489255863376,0.0004699665214397999,0.001058216951009149,0,10,1.0,0.9999115887816343,0.0,8.841121836570131e-05,1.0,0.99999
7c 2h Kh 2s 9s,8s Kc,1,0,1,0.0007704870521620811,9.998580201611371e-07,0.0007737051547696013,1.0033485012120838e-06,11,11,0.0,1e-05,1.0,0.99999,1.0,0.99999
7c 2h Kh 2s 9s,8s Kd,1,0,1,0.00038524352608104056,9.998580201611371e-07,0.00038707981034460633,1.0028523087260472e-06,11,11,0.0,1e-05,1.0,0.99999,1.0,0.99999
7c 2h Kh 2s 9s,8s Ks,1,0,1,0.00035344785827131156,0.0010801489255863374,0.0003555491578426419,0.0010833461535650485,11,11,0.0,1e-05,1.0,0.99999,1.0,0.99999
7c 2h Kh 2s 9s,8s Ac,1,0,1,0.0010917611622158292,0.0010801489255863374,0.001086550913364149,0.0010641965183064831,0,8,1.0,0.9999115887816343,0.0,8.841121836570131e-05,1.0,0.99999
7c 2h Kh 2s 9s,8s Ad,1,0,1,0.0010917611622158292,0.0010801489255863374,0.001086550913364149,0.0010649583093969876,0,8,1.0,0.9999115887816343,0.0,8.841121836570131e-05,1.0,0.99999
7c 2h Kh 2s 9s,8s Ah,1,0,1,0.0010917611622158292,0.0010801489255863374,0.0010843806863140948,0.001064622448833864,0,8,1.0,0.9999115887816343,0.0,8.841121836570131e-05,1.0,0.99999
7c 2h Kh 2s 9s,8s As,1,0,1,0.0010917611622158292,0.0010801489255863374,0.0010873196994723416,0.0010647912200978462,0,8,1.0,0.9999115887816343,0.0,8.841121836570131e-05,1.0,0.99999
7c 2h Kh 2s 9s,9c 9d,1,0,1,0.0010917611622158292,0.0010801489255863374,0.0010787744731603085,0.0010965539420385005,1,4,0.0,1e-05,1.0,0.99999,1.0,0.99999
7c 2h Kh 2s 9s,9c 9h,1,0,1,0.0010917611622158292,0.0010801489255863374,0.001077487731344948,0.0010952407608803378,1,4,0.0,1e-05,1.0,0.99999,1.0,0.99999
7c 2h Kh 2s 9s,9c Tc,1,0,1,0.0010917611622158292,9.998580201611371e-07,0.001087861976282896,1.0120853760513117e-06,7,13,0.0,1.3605422139158381e-05,1.0,0.9999863945778609,1.0,0.99999
7c 2h Kh 2s 9s,9c Td,1,0,1,0.0006193833523522479,0.0010801489255863374,0.0006186312483531469,0.0010915141548272348,7,13,0.0,1.3605422139158381e-05,1.0,0.9999863945778609,1.0,0.99999
7c 2h Kh 2s 9s,9c Th,1,0,1,0.0006193833523522479,0.0010801489255863374,0.0006182406589114449,0.0010947363920465341,7,13,0.0,1.3605422139158381e-05,1.0,0.9999863945778609,1.0,0.99999
7c 2h Kh 2s 9s,9c Ts,1,0,1,0.0006193833523522479,0.0010801489255863374,0.0006182406589114449,0.001093358166359757,7,13,0.0,1.3605422139158381e-05,1.0,0.9999863945778609,1.0,0.99999
7c 2h Kh 2s 9s,9c Jc,1,0,1,0.0010917611622158292,0.0010801489255863374,0.001088030013654366,0.0010931196476493248,7,13,0.0,1.3605422139158381e-05,1.0,0.9999863945778609,1.0,0.99999
7c 2h Kh 2s 9s,9c Jd,1,0,1,0.0010917611622158292,0.0010801489255863374,0.001086743271839006,0.0010911320744791606,7,13,0.0,1.3605422139158381e-05,1.0,0.9999863945778609,1.0,0.99999
7c 2h Kh 2s 9s,9c Jh,1,0,1,0.0010917611622158292,0.0010801489255863374,0.001086743271839006,0.0010920039629819368,7,13,0.0,1.3605422139158381e-05,1.0,0.9999863945778609,1.0,0.99999
7c 2h Kh 2s 9s,9c Js,1,0,1,0.0010917611622158292,0.0010801489255863374,0.001086743271839006,0.0010921196972056085,7,13,0.0,1.3605422139158381e-05,1.0,0.9999863945778609,1.0,0.99999
7c 2h Kh 2s 9s,9c Qc,1,0,1,0.0010917611622158292,0.0010801489255863376,0.001078713678303847,0.0010662081524401418,14,13,0.0,1.4028572212311688e-05,1.0,0.9999859714277877,1.0,0.99999
7c 2h Kh 2s 9s,9c Qd,1,0,1,0.0003238226409054636,0.0010801489255863376,0.00032033433714770155,0.0010639893140774667,14,13,0.0,1.4028572212311688e-05,1.0,0.9999859714277877,1.0,0.99999
7c 2h Kh 2s 9s,9c Qh,1,0,1,0.0003238226409054636,0.0010801489255863376,0.0003204699336857704,0.0010682339472475374,14,13,0.0,1.4028572212311688e-05,1.0,0.9999859714277877,1.0,0.99999
7c 2h Kh 2s 9s,9c Qs,1,0,1,0.0003238226409054636,0.0010801489255863376,0.0003204699336857704,0.0010661819940792428,14,13,0.0,1.4028572212311688e-05,1.0,0.9999859714277877,1.0,0.99999
7c 2h Kh 2s 9s,9c Kc,1,0,1,0.0010917611622158292,0.0010801489255863376,0.0010891186391070134,0.0010924375821300342,13,4,0.0,1e-05,1.0,0.99999,1.0,0.99999
7c 2h Kh 2s 9s,9c Kd,1,0,1,0.0010917611622158292,0.0010801489255863376,0.0010897626061135844,0.0010923560101623962,13,4,0.0,1e-05,1.0,0.99999,1.0,0.99999
7c 2h Kh 2s 9s,9c Ks,1,0,1,0.0010917611622158292,0.0010801489255863376,0.0010897626061135844,0.0010923560101623964,13,4,0.0,1e-05,1.0,0.99999,1.0,0.99999
7c 2h Kh 2s 9s,9c Ac,1,0,1,0.0010917611622158292,0.0028040542308917535,0.0010801172042873477,0.002783770402688928,4,0,0.0,1e-05,1.0,0.99999,1.0,0.99999
7c 2h Kh 2s 9s,9c Ad,1,0,1,0.0012334001014496709,0.0010801489255863376,0.0012179233215233601,0.0010732642783349497,4,0,0.0,1e-05,1.0,0.99999,1.0,0.99999
7c 2h Kh 2s 9s,9c Ah,1,0,1,0.0012334001014496709,0.0010801489255863376,0.0012154715414487943,0.001072928417771826,4,0,0.0,1e-05,1.0,0.99999,1.0,0.99999
7c 2h Kh 2s 9s,9c As,1,0,1,0.0012334001014496709,0.0010801489255863376,0.0012187918456077972,0.0010730971890358081,4,0,0.0,1e-05,1.0,0.99999,1.0,0.99999
7c 2h Kh 2s 9s,9d 9h,1,0,1,0.0010917611622158292,0.0010801489255863374,0.001077487731344948,0.0010965275155059174,1,4,0.0,1e-05,1.0,0.99999,1.0,0.99999
7c 2h Kh 2s 9s,9d Tc,1,0,1,0.0006193833523522479,0.0010801489255863374,0.0006179012476105008,0.0010940876640783937,7,13,0.0,1.3605422139158381e-05,1.0,0.9999863945778609,1.0,0.99999
7c 2h Kh 2s 9s,9d Td,1,0,1,0.0010917611622158292,9.998580201611371e-07,0.001089148718098256,1.0120853760513117e-06,7,13,0.0,1.3605422139158381e-05,1.0,0.9999863945778609,1.0,0.99999
7c 2h Kh 2s 9s,9d Th,1,0,1,0.0006193833523522479,0.0010801489255863374,0.0006182406589114449,0.0010960231466721137,7,13,0.0,1.3605422139158381e-05,1.0,0.9999863945778609,1.0,0.99999
7c 2h Kh 2s 9s,9d Ts,1,0,1,0.0006193833523522479,0.0010801489255863374,0.0006182406589114449,0.0010946449209853365,7,13,0.0,1.3605422139158381e-05,1.0,0.9999863945778609,1.0,0.99999
7c 2h Kh 2s 9s,9d Jc,1,0,1,0.0010917611622158292,0.0010801489255863374,0.001088030013654366,0.0010944064022749044,7,13,0.0,1.3605422139158381e-05,1.0,0.9999863945778609,1.0,0.99999
7c 2h Kh 2s 9s,9d Jd,1,0,1,0.0010917611622158292,0.0010801489255863374,0.001086743271839006,0.0010924188291047399,7,13,0.0,1.3605422139158381e-05,1.0,0.9999863945778609,1.0,0.99999
7c 2h Kh 2s 9s,9d Jh,1,0,1,0.0010917611622158292,0.0010801489255863374,0.001086743271839006,0.0010932907176075164,7,13,0.0,1.3605422139158381e-05,1.0,0.9999863945778609,1.0,0.99999
7c 2h Kh 2s 9s,9d Js,1,0,1,0.0010917611622158292,0.0010801489255863374,0.001086743271839006,0.0010934064518311878,7,13,0.0,1.3605422139158381e-05,1.0,0.9999863945778609,1.0,0.99999
7c 2h Kh 2s 9s,9d Qc,1,0,1,0.0003238226409054636,0.0010801489255863376,0.00031995268212347644,0.0010665889816895246,14,13,0.0,1.4028572212311688e-05,1.0,0.9999859714277877,1.0,0.99999
7c 2h Kh 2s 9s,9d Qd,1,0,1,0.0010917611622158292,0.0010801489255863376,0.0010800004201192072,0.0010661819940792428,14,13,0.0,1.4028572212311688e-05,1.0,0.9999859714277877,1.0,0.99999
7c 2h Kh 2s 9s,9d Qh,1,0,1,0.0003238226409054636,0.0010801489255863376,0.0003204699336857704,0.001069520701873117,14,13,0.0,1.4028572212311688e-05,1.0,0.9999859714277877,1.0,0.99999
7c 2h Kh 2s 9s,9d Qs,1,0,1,0.0003238226409054636,0.0010801489255863376,0.00032046993368577034,0.0010674687487048221,14,13,0.0,1.4028572212311688e-05,1.0,0.9999859714277877,1.0,0.99999
7c 2h Kh 2s 9s,9d Kc,1,0,1,0.0010917611622158292,0.0010801489255863376,0.0010891186391070134,0.0010937243367556135,13,4,0.0,1e-05,1.0,0.99999,1.0,0.99999
7c 2h Kh 2s 9s,9d Kd,1,0,1,0.0010917611622158292,0.0010801489255863376,0.0010897626061135844,0.0010936427647879757,13,4,0.0,1e-05,1.0,0.99999,1.0,0.99999
7c 2h Kh 2s 9s,9d Ks,1,0,1,0.0010917611622158292,0.0010801489255863376,0.0010897626061135844,0.0010936427647879757,13,4,0.0,1e-05,1.0,0.99999,1.0,0.99999
7c 2h Kh 2s 9s,9d Ac,1,0,1,0.0012334001014496709,0.0010801489255863376,0.0012179233215233601,0.0010737892418700246,4,0,0.0,1e-05,1.0,0.99999,1.0,0.99999
7c 2h Kh 2s 9s,9d Ad,1,0,1,0.0010917611622158292,0.0028040542308917535,0.0010801172042873477,0.0027890884038888476,4,0,0.0,1e-05,1.0,0.99999,1.0,0.99999
7c 2h Kh 2s 9s,9d Ah,1,0,1,0.0012334001014496709,0.0010801489255863376,0.0012154715414487943,0.0010742151723974055,4,0,0.0,1e-05,1.0,0.99999,1.0,0.99999
7c 2h Kh 2s 9s,9d As,1,0,1,0.0012334001014496709,0.0010801489255863376,0.0012187918456077972,0.0010743839436613877,4,0,0.0,1e-05,1.0,0.99999,1.0,0.99999
7c 2h Kh 2s 9s,9h Tc,1,0,1,0.0006193833523522479,0.0010801489255863374,0.0006171712468678548,0.0010927744829202313,7,13,0.0,1.3605422139158381e-05,1.0,0.9999863945778609,1.0,0.99999
7c 2h Kh 2s 9s,9h Td,1,0,1,0.0006193833523522479,0.0010801489255863374,0.0006179012476105008,0.0010914877282946517,7,13,0.0,1.3605422139158381e-05,1.0,0.9999863945778609,1.0,0.99999
7c 2h Kh 2s 9s,9h Th,1,0,1,0.0010917611622158292,9.998580201611371e-07,0.0010871735005897692,1.0138525259030127e-06,7,13,0.0,1.3605422139158381e-05,1.0,0.9999863945778609,1.0,0.99999
7c 2h Kh 2s 9s,9h Ts,1,0,1,0.0006193833523522479,0.0010801489255863374,0.0006175106581687987,0.0010933317398271738,7,13,0.0,1.3605422139158381e-05,1.0,0.9999863945778609,1.0,0.99999
7c 2h Kh 2s 9s,9h Jc,1,0,1,0.0005458805811079146,0.0010801489255863374,0.000543371635919503,0.001092449254110171,7,13,0.0,1.3605422139158381e-05,1.0,0.9999863945778609,1.0,0.99999
7c 2h Kh 2s 9s,9h Jd,1,0,1,0.0010917611622158292,0.0010801489255863374,0.0010854565300236455,0.0010911056479465775,7,13,0.0,1.3605422139158381e-05,1.0,0.9999863945778609,1.0,0.99999
7c 2h Kh 2s 9s,9h Jh,1,0,1,0.0010917611622158292,0.0010801489255863374,0.0010854565300236455,0.0010919775364493537,7,13,0.0,1.3605422139158381e-05,1.0,0.9999863945778609,1.0,0.99999
7c 2h Kh 2s 9s,9h Js,1,0,1,0.0010917611622158292,0.0010801489255863374,0.0010854565300236457,0.0010920932706730254,7,13,0.0,1.3605422139158381e-05,1.0,0.9999863945778609,1.0,0.99999
7c 2h Kh 2s 9s,9h Qc,1,0,1,0.0003238226409054636,0.0010801489255863376,0.0003195710270992514,0.001065275800531362,14,13,0.0,1.4028572212311688e-05,1.0,0.9999859714277877,1.0,0.99999
7c 2h Kh 2s 9s,9h Qd,1,0,1,0.0003238226409054636,0.0010801489255863376,0.0003199526821234765,0.0010639628875448834,14,13,0.0,1.4028572212311688e-05,1.0,0.9999859714277877,1.0,0.99999
7c 2h Kh 2s 9s,9h Qh,1,0,1,0.0010917611622158292,0.0010801489255863376,0.001079170839154554,0.0010691134460911508,14,13,0.0,1.4028572212311688e-05,1.0,0.9999859714277877,1.0,0.99999
7c 2h Kh 2s 9s,9h Qs,1,0,1,0.0003238226409054636,0.0010801489255863376,0.0003200882786615453,0.0010661555675466597,14,13,0.0,1.4028572212311688e-05,1.0,0.9999859714277877,1.0,0.99999
7c 2h Kh 2s 9s,9h Kc,1,0,1,0.0010917611622158292,0.0010801489255863376,0.0010878318972916533,0.001092411155597451,13,4,0.0,1e-05,1.0,0.99999,1.0,0.99999
7c 2h Kh 2s 9s,9h Kd,1,0,1,0.0010917611622158292,0.0010801489255863376,0.001088475864298224,0.0010923295836298133,13,4,0.0,1e-05,1.0,0.99999,1.0,0.99999
7c 2h Kh 2s 9s,9h Ks,1,0,1,0.0010917611622158292,0.0010801489255863376,0.001088475864298224,0.0010923295836298133,13,4,0.0,1e-05,1.0,0.99999,1.0,0.99999
7c 2h Kh 2s 9s,9h Ac,1,0,1,0.0012334001014496709,0.0010801489255863376,0.0012164696450778785,0.001072476060711862,4,0,0.0,1e-05,1.0,0.99999,1.0,0.99999
7c 2h Kh 2s 9s,9h Ad,1,0,1,0.0012334001014496709,0.0010801489255863376,0.0012164696450778785,0.0010732378518023664,4,0,0.0,1e-05,1.0,0.99999,1.0,0.99999
7c 2h Kh 2s 9s,9h Ah,1,0,1,0.0005458805811079146,0.0028040542308917535,0.0005383301177109665,0.0027831357795122334,4,0,0.0,1e-05,1.0,0.99999,1.0,0.99999
7c 2h Kh 2s 9s,9h As,1,0,1,0.0012334001014496709,0.0010801489255863376,0.0012173381691623155,0.001073070762503225,4,0,0.0,1e-05,1.0,0.99999,1.0,0.99999
7c 2h Kh 2s 9s,Tc Td,1,0,1,0.0010917611622158292,0.0010801489255863374,0.0011008097048515646,0.0010901623906810138,8,0,0.0,1e-05,1.0,0.99999,1.0,0.99999
7c 2h Kh 2s 9s,Tc Th,1,0,1,0.0010917611622158292,0.0010801489255863374,0.0011001212291584376,0.001093384627900313,8,0,0.0,1e-05,1.0,0.99999,1.0,0.99999
7c 2h Kh 2s 9s,Tc Ts,1,0,1,0.0010917611622158292,0.0010801489255863374,0.0011001212291584378,0.0010920064022135359,8,0,0.0,1e-05,1.0,0.99999,1.0,0.99999
7c 2h Kh 2s 9s,Tc Jc,1,0,1,0.0010917611622158292,9.998580201611371e-07,0.0010971175167769538,1.010097469749335e-06,0,3,1.0,0.9999115887816343,0.0,8.841121836570131e-05,1.0,0.9999593800444955
7c 2h Kh 2s 9s,Tc Jd,1,0,1,0.0004109577163896319,9.998580201611371e-07,0.0004124895887610534,1.0075142052245106e-06,0,3,1.0,0.9999115887816343,0.0,8.841121836570131e-05,1.0,0.9999593800444955
7c 2h Kh 2s 9s,Tc Jh,1,0,1,0.0004109577163896319,9.998580201611371e-07,0.00041248958876105335,1.0083212834815333e-06,0,3,1.0,0.9999115887816343,0.0,8.841121836570131e-05,1.0,0.9999593800444955
7c 2h Kh 2s 9s,Tc Js,1,0,1,0.0004109577163896319,9.998580201611371e-07,0.00041248958876105335,1.0084284148122268e-06,0,3,1.0,0.9999115887816343,0.0,8.841121836570131e-05,1.0,0.9999593800444955
7c 2h Kh 2s 9s,Tc Qc,1,0,1,0.0010917611622158292,0.0010801489255863376,0.001089087923241795,0.001064299131386978,0,5,1.0,0.9999115887816343,0.0,8.841121836570131e-05,1.0,0.99999
7c 2h Kh 2s 9s,Tc Qd,1,0,1,0.0018060806743751341,0.0010801489255863376,0.0018037870172914962,0.001063828890248336,0,5,1.0,0.9999115887816343,0.0,8.841121836570131e-05,1.0,0.99999
7c 2h Kh 2s 9s,Tc Qh,1,0,1,0.0018060806743751341,0.0010801489255863376,0.0018045432901890104,0.0010680735234184068,0,5,1.0,0.9999115887816343,0.0,8.841121836570131e-05,1.0,0.99999
7c 2h Kh 2s 9s,Tc Qs,1,0,1,0.0018060806743751341,0.0010801489255863376,0.0018045432901890104,0.001066021570250112,0,5,1.0,0.9999115887816343,0.0,8.841121836570131e-05,1.0,0.99999
7c 2h Kh 2s 9s,Tc Kc,1,0,1,0.0010917611622158292,9.998580201611371e-07,0.0010982061422296012,1.0094661043296382e-06,13,11,0.0,1e-05,1.0,0.99999,1.0,0.99999
7c 2h Kh 2s 9s,Tc Kd,1,0,1,0.0005428445378314523,0.0010801489255863376,0.0005470090905673359,0.0010897994405286542,13,11,0.0,1e-05,1.0,0.99999,1.0,0.99999
7c 2h Kh 2s 9s,Tc Ks,1,0,1,0.0005428445378314523,0.0010801489255863376,0.0005470090905673359,0.0010897994405286542,13,11,0.0,1e-05,1.0,0.99999,1.0,0.99999
7c 2h Kh 2s 9s,Tc Ac,1,0,1,0.0010917611622158292,0.0010801489255863376,0.001088435921301743,0.0010704263768921396,6,2,1.0,0.9999116457517904,0.0,8.83542482096646e-05,1.0,0.99999
7c 2h Kh 2s 9s,Tc Ad,1,0,1,0.0010917611622158292,0.0010801489255863376,0.001088435921301743,0.0010711881679826441,6,2,1.0,0.9999116457517904,0.0,8.83542482096646e-05,1.0,0.99999
7c 2h Kh 2s 9s,Tc Ah,1,0,1,0.0010917611622158292,0.0010801489255863376,0.0010862656942516888,0.0010708523074195206,6,2,1.0,0.9999116457517904,0.0,8.83542482096646e-05,1.0,0.99999
7c 2h Kh 2s 9s,Tc As,1,0,1,0.0010917611622158292,0.0010801489255863376,0.0010892047074099352,0.0010710210786835028,6,2,1.0,0.9999116457517904,0.0,8.83542482096646e-05,1.0,0.99999
7c 2h Kh 2s 9s,Td Th,1,0,1,0.0010917611622158292,0.0010801489255863374,0.001101407970973798,0.0010920978732747335,8,0,0.0,1e-05,1.0,0.99999,1.0,0.99999
7c 2h Kh 2s 9s,Td Ts,1,0,1,0.0010917611622158292,0.0010801489255863374,0.001101407970973798,0.0010907196475879563,8,0,0.0,1e-05,1.0,0.99999,1.0,0.99999
7c 2h Kh 2s 9s,Td Jc,1,0,1,0.0004109577163896319,9.998580201611371e-07,0.0004134582923499414,1.0081629296974815e-06,0,3,1.0,0.9999115887816343,0.0,8.841121836570131e-05,1.0,0.9999593800444955
7c 2h Kh 2s 9s,Td Jd,1,0,1,0.0010917611622158292,9.998580201611371e-07,0.001097117516776954,1.007066533153778e-06,0,3,1.0,0.9999115887816343,0.0,8.841121836570131e-05,1.0,0.9999593800444955
7c 2h Kh 2s 9s,Td Jh,1,0,1,0.0004109577163896319,9.998580201611371e-07,0.0004129739405554974,1.0071301774202403e-06,0,3,1.0,0.9999115887816343,0.0,8.841121836570131e-05,1.0,0.9999593800444955
7c 2h Kh 2s 9s,Td Js,1,0,1,0.0004109577163896319,9.998580201611371e-07,0.0004129739405554974,1.0072373087509338e-06,0,3,1.0,0.9999115887816343,0.0,8.841121836570131e-05,1.0,0.9999593800444955
7c 2h Kh 2s 9s,Td Qc,1,0,1,0.0018060806743751341,0.0010801489255863376,0.0018037870172914962,0.0010638550486092352,0,5,1.0,0.9999115887816343,0.0,8.841121836570131e-05,1.0,0.99999
7c 2h Kh 2s 9s,Td Qd,1,0,1,0.0010917611622158292,0.0010801489255863376,0.0010916614068725156,0.0010616994637749199,0,5,1.0,0.9999115887816343,0.0,8.841121836570131e-05,1.0,0.99999
7c 2h Kh 2s 9s,Td Qh,1,0,1,0.0018060806743751341,0.0010801489255863376,0.0018066719238188384,0.0010667867687928273,0,5,1.0,0.9999115887816343,0.0,8.841121836570131e-05,1.0,0.99999
7c 2h Kh 2s 9s,Td Qs,1,0,1,0.0018060806743751341,0.0010801489255863376,0.0018066719238188384,0.0010647348156245327,0,5,1.0,0.9999115887816343,0.0,8.841121836570131e-05,1.0,0.99999
7c 2h Kh 2s 9s,Td Kc,1,0,1,0.0005428445378314523,0.0010801489255863376,0.000547328690500071,0.0010885942578707127,13,11,0.0,1e-05,1.0,0.99999,1.0,0.99999
7c 2h Kh 2s 9s,Td Kd,1,0,1,0.0010917611622158292,9.998580201611371e-07,0.0011001368510515322,1.0081994898045296e-06,13,11,0.0,1e-05,1.0,0.99999,1.0,0.99999
7c 2h Kh 2s 9s,Td Ks,1,0,1,0.0005428445378314523,0.0010801489255863376,0.0005476488832163526,0.0010885126859030746,13,11,0.0,1e-05,1.0,0.99999,1.0,0.99999
7c 2h Kh 2s 9s,Td Ac,1,0,1,0.0010917611622158292,0.0010801489255863376,0.0010897226631171033,0.0010691396222665603,6,2,1.0,0.9999116457517904,0.0,8.83542482096646e-05,1.0,0.99999
7c 2h Kh 2s 9s,Td Ad,1,0,1,0.0010917611622158292,0.0010801489255863376,0.0010897226631171033,0.0010699014133570648,6,2,1.0,0.9999116457517904,0.0,8.83542482096646e-05,1.0,0.99999
7c 2h Kh 2s 9s,Td Ah,1,0,1,0.0010917611622158292,0.0010801489255863376,0.001087552436067049,0.001069565552793941,6,2,1.0,0.9999116457517904,0.0,8.83542482096646e-05,1.0,0.99999
7c 2h Kh 2s 9s,Td As,1,0,1,0.0010917611622158292,0.0010801489255863376,0.0010904914492252955,0.0010697343240579234,6,2,1.0,0.9999116457517904,0.0,8.83542482096646e-05,1.0,0.99999
7c 2h Kh 2s 9s,Th Ts,1,0,1,0.0010917611622158292,0.0010801489255863374,0.001100719495280671,0.0010939418848072556,8,0,0.0,1e-05,1.0,0.99999,1.0,0.99999
7c 2h Kh 2s 9s,Th Jc,1,0,1,0.0004109577163896319,9.998580201611371e-07,0.00041319913823416126,1.011145647774833e-06,0,3,1.0,0.9999115887816343,0.0,8.841121836570131e-05,1.0,0.9999593800444955
7c 2h Kh 2s 9s,Th Jd,1,0,1,0.0004109577163896319,9.998580201611371e-07,0.00041271478643971723,1.009305817240569e-06,0,3,1.0,0.9999115887816343,0.0,8.841121836570131e-05,1.0,0.9999593800444955
7c 2h Kh 2s 9s,Th Jh,1,0,1,0.0010917611622158292,9.998580201611371e-07,0.0010964290410838272,1.0108563294881523e-06,0,3,1.0,0.9999115887816343,0.0,8.841121836570131e-05,1.0,0.9999593800444955
7c 2h Kh 2s 9s,Th Js,1,0,1,0.0004109577163896319,9.998580201611371e-07,0.0004127147864397172,1.0102200268282852e-06,0,3,1.0,0.9999115887816343,0.0,8.841121836570131e-05,1.0,0.9999593800444955
7c 2h Kh 2s 9s,Th Qc,1,0,1,0.0018060806743751341,0.0010801489255863376,0.0018026480844487032,0.0010670772858285343,0,5,1.0,0.9999115887816343,0.0,8.841121836570131e-05,1.0,0.99999
7c 2h Kh 2s 9s,Th Qd,1,0,1,0.0018060806743751341,0.0010801489255863376,0.0018047767180785312,0.001065764372842056,0,5,1.0,0.9999115887816343,0.0,8.841121836570131e-05,1.0,0.99999
7c 2h Kh 2s 9s,Th Qh,1,0,1,0.0005458805811079146,0.0010801489255863376,0.0005457150460150478,0.0010685223671577193,0,5,1.0,0.9999115887816343,0.0,8.841121836570131e-05,1.0,0.99999
7c 2h Kh 2s 9s,Th Qs,1,0,1,0.0018060806743751341,0.0010801489255863376,0.0018055329909760455,0.001067957052843832,0,5,1.0,0.9999115887816343,0.0,8.841121836570131e-05,1.0,0.99999
7c 2h Kh 2s 9s,Th Kc,1,0,1,0.0005428445378314523,0.0010801489255863376,0.0005469863672132771,0.001091816495090012,13,11,0.0,1e-05,1.0,0.99999,1.0,0.99999
7c 2h Kh 2s 9s,Th Kd,1,0,1,0.0005428445378314523,0.0010801489255863376,0.0005473065599295588,0.001091734923122374,13,11,0.0,1e-05,1.0,0.99999,1.0,0.99999
7c 2h Kh 2s 9s,Th Ks,1,0,1,0.0005428445378314523,0.0010801489255863376,0.0005473065599295588,0.001091734923122374,13,11,0.0,1e-05,1.0,0.99999,1.0,0.99999
7c 2h Kh 2s 9s,Th Ac,1,0,1,0.0010917611622158292,0.0010801489255863376,0.0010890341874239765,0.0010723618594858596,6,2,1.0,0.9999116457517904,0.0,8.83542482096646e-05,1.0,0.99999
7c 2h Kh 2s 9s,Th Ad,1,0,1,0.0010917611622158292,0.0010801489255863376,0.0010890341874239765,0.001073123650576364,6,2,1.0,0.9999116457517904,0.0,8.83542482096646e-05,1.0,0.99999
7c 2h Kh 2s 9s,Th Ah,1,0,1,0.0005458805811079146,0.0010801489255863376,0.0005434319801869611,0.0010721438230066698,6,2,1.0,0.9999116457517904,0.0,8.83542482096646e-05,1.0,0.99999
7c 2h Kh 2s 9s,Th As,1,0,1,0.0010917611622158292,0.0010801489255863376,0.0010898029735321687,0.0010729565612772227,6,2,1.0,0.9999116457517904,0.0,8.83542482096646e-05,1.0,0.99999
7c 2h Kh 2s 9s,Ts Jc,1,0,1,0.0004109577163896319,9.998580201611371e-07,0.00041319913823416126,1.0098698699872763e-06,0,3,1.0,0.9999115887816343,0.0,8.841121836570131e-05,1.0,0.9999593800444955
7c 2h Kh 2s 9s,Ts Jd,1,0,1,0.0004109577163896319,9.998580201611371e-07,0.00041271478643971723,1.0080300394530124e-06,0,3,1.0,0.9999115887816343,0.0,8.841121836570131e-05,1.0,0.9999593800444955
7c 2h Kh 2s 9s,Ts Jh,1,0,1,0.0004109577163896319,9.998580201611371e-07,0.00041271478643971723,1.0088371177100352e-06,0,3,1.0,0.9999115887816343,0.0,8.841121836570131e-05,1.0,0.9999593800444955
7c 2h Kh 2s 9s,Ts Js,1,0,1,0.0010917611622158292,9.998580201611371e-07,0.0010964290410838272,1.0096876830312891e-06,0,3,1.0,0.9999115887816343,0.0,8.841121836570131e-05,1.0,0.9999593800444955
7c 2h Kh 2s 9s,Ts Qc,1,0,1,0.0018060806743751341,0.0010801489255863376,0.0018026480844487032,0.001065699060141757,0,5,1.0,0.9999115887816343,0.0,8.841121836570131e-05,1.0,0.99999
7c 2h Kh 2s 9s,Ts Qd,1,0,1,0.0018060806743751341,0.0010801489255863376,0.001804776718078531,0.0010643861471552787,0,5,1.0,0.9999115887816343,0.0,8.841121836570131e-05,1.0,0.99999
7c 2h Kh 2s 9s,Ts Qh,1,0,1,0.0018060806743751341,0.0010801489255863376,0.0018055329909760455,0.0010686307803253494,0,5,1.0,0.9999115887816343,0.0,8.841121836570131e-05,1.0,0.99999
7c 2h Kh 2s 9s,Ts Qs,1,0,1,0.0010917611622158292,0.0010801489255863376,0.0010914300920300958,0.001065736155309218,0,5,1.0,0.9999115887816343,0.0,8.841121836570131e-05,1.0,0.99999
7c 2h Kh 2s 9s,Ts Kc,1,0,1,0.0005428445378314523,0.0010801489255863376,0.0005469863672132771,0.0010904382694032347,13,11,0.0,1e-05,1.0,0.99999,1.0,0.99999
7c 2h Kh 2s 9s,Ts Kd,1,0,1,0.0005428445378314523,0.0010801489255863376,0.0005473065599295588,0.0010903566974355967,13,11,0.0,1e-05,1.0,0.99999,1.0,0.99999
7c 2h Kh 2s 9s,Ts Ks,1,0,1,0.0010917611622158292,9.998580201611371e-07,0.0010994483753584054,1.0099064300943246e-06,13,11,0.0,1e-05,1.0,0.99999,1.0,0.99999
7c 2h Kh 2s 9s,Ts Ac,1,0,1,0.0010917611622158292,0.0010801489255863376,0.0010890341874239765,0.0010709836337990824,6,2,1.0,0.9999116457517904,0.0,8.83542482096646e-05,1.0,0.99999
7c 2h Kh 2s 9s,Ts Ad,1,0,1,0.0010917611622158292,0.0010801489255863376,0.0010890341874239765,0.0010717454248895869,6,2,1.0,0.9999116457517904,0.0,8.83542482096646e-05,1.0,0.99999
7c 2h Kh 2s 9s,Ts Ah,1,0,1,0.0010917611622158292,0.0010801489255863376,0.0010868639603739223,0.0010714095643264633,6,2,1.0,0.9999116457517904,0.0,8.83542482096646e-05,1.0,0.99999
7c 2h Kh 2s 9s,Ts As,1,0,1,0.0010917611622158292,0.0010801489255863376,0.0010898029735321687,0.0010715783355904455,6,2,1.0,0.9999116457517904,0.0,8.83542482096646e-05,1.0,0.99999
7c 2h Kh 2s 9s,Jc Jd,1,0,1,9.997480634880012e-07,0.0010801489255863374,1.0036285665183953e-06,0.001087697780089985,8,0,0.0,1e-05,1.0,0.99999,1.0,0.99999
7c 2h Kh 2s 9s,Jc Jh,1,0,1,9.997480634880012e-07,0.0010801489255863374,1.0036285665183953e-06,0.0010885696685927614,8,0,0.0,1e-05,1.0,0.99999,1.0,0.99999
7c 2h Kh 2s 9s,Jc Js,1,0,1,9.997480634880012e-07,0.0010801489255863374,1.0036285665183953e-06,0.001088685402816433,8,0,0.0,1e-05,1.0,0.99999,1.0,0.99999
7c 2h Kh 2s 9s,Jc Qc,1,0,1,0.0010917611622158292,0.0010801489255863376,0.001087969218797905,0.0010640606126765457,0,5,1.0,0.9999115887816343,0.0,8.841121836570131e-05,1.0,0.99999
7c 2h Kh 2s 9s,Jc Qd,1,0,1,0.0010917611622158292,0.0010801489255863376,0.0010892559606132653,0.0010627476996900671,0,5,1.0,0.9999115887816343,0.0,8.841121836570131e-05,1.0,0.99999
7c 2h Kh 2s 9s,Jc Qh,1,0,1,0.0010917611622158292,0.0010801489255863376,0.001089713121463972,0.001066992332860138,0,5,1.0,0.9999115887816343,0.0,8.841121836570131e-05,1.0,0.99999
7c 2h Kh 2s 9s,Jc Qs,1,0,1,0.0010917611622158292,0.0010801489255863376,0.001089713121463972,0.0010649403796918432,0,5,1.0,0.9999115887816343,0.0,8.841121836570131e-05,1.0,0.99999
7c 2h Kh 2s 9s,Jc Kc,1,0,1,0.0010917611622158292,0.0010801489255863374,0.0010983741796010715,0.001090290042366438,13,11,0.0,1e-05,1.0,0.99999,1.0,0.99999
7c 2h Kh 2s 9s,Jc Kd,1,0,1,0.0005930729768832341,0.0010801489255863374,0.0005970151590063942,0.0010896201755426816,13,11,0.0,1e-05,1.0,0.99999,1.0,0.99999
7c 2h Kh 2s 9s,Jc Ks,1,0,1,0.0005930729768832341,0.0010801489255863374,0.0005970151590063942,0.0010896201755426816,13,11,0.0,1e-05,1.0,0.99999,1.0,0.99999
7c 2h Kh 2s 9s,Jc Ac,1,0,1,0.000872295842026034,0.0010801489255863374,0.0008687452164935357,0.0010699289582864193,6,2,1.0,0.9999116457517904,0.0,8.83542482096646e-05,1.0,0.99999
7c 2h Kh 2s 9s,Jc Ad,1,0,1,0.002199296388049236,0.00248619258629688,0.002193721553147174,0.0024680257798600103,6,2,1.0,0.9999116457517904,0.0,8.83542482096646e-05,1.0,0.99999
7c 2h Kh 2s 9s,Jc Ah,1,0,1,0.002199296388049236,0.00248619258629688,0.0021893497430135874,0.0024672527253095794,6,2,1.0,0.9999116457517904,0.0,8.83542482096646e-05,1.0,0.99999
7c 2h Kh 2s 9s,Jc As,1,0,1,0.002199296388049236,0.00248619258629688,0.0021952702329953357,0.0024676411882847797,6,2,1.0,0.9999116457517904,0.0,8.83542482096646e-05,1.0,0.99999
7c 2h Kh 2s 9s,Jd Jh,1,0,1,9.997480634880012e-07,0.0010801489255863374,1.002450270676194e-06,0.001086582095422597,8,0,0.0,1e-05,1.0,0.99999,1.0,0.99999
7c 2h Kh 2s 9s,Jd Js,1,0,1,9.997480634880012e-07,0.0010801489255863374,1.002450270676194e-06,0.0010866978296462685,8,0,0.0,1e-05,1.0,0.99999,1.0,0.99999
7c 2h Kh 2s 9s,Jd Qc,1,0,1,0.0010917611622158292,0.0010801489255863376,0.0010866824769825449,0.0010620730395063814,0,5,1.0,0.9999115887816343,0.0,8.841121836570131e-05,1.0,0.99999
7c 2h Kh 2s 9s,Jd Qd,1,0,1,0.0010917611622158292,0.0010801489255863376,0.001087969218797905,0.0010607601265199028,0,5,1.0,0.9999115887816343,0.0,8.841121836570131e-05,1.0,0.99999
7c 2h Kh 2s 9s,Jd Qh,1,0,1,0.0010917611622158292,0.0010801489255863376,0.001088426379648612,0.0010650047596899735,0,5,1.0,0.9999115887816343,0.0,8.841121836570131e-05,1.0,0.99999
7c 2h Kh 2s 9s,Jd Qs,1,0,1,0.0010917611622158292,0.0010801489255863376,0.001088426379648612,0.001062952806521679,0,5,1.0,0.9999115887816343,0.0,8.841121836570131e-05,1.0,0.99999
7c 2h Kh 2s 9s,Jd Kc,1,0,1,0.0005930729768832341,0.0010801489255863374,0.0005959663479036129,0.0010877141743401552,13,11,0.0,1e-05,1.0,0.99999,1.0,0.99999
7c 2h Kh 2s 9s,Jd Kd,1,0,1,0.0010917611622158292,0.0010801489255863374,0.001097731404792282,0.001088220897228636,13,11,0.0,1e-05,1.0,0.99999,1.0,0.99999
7c 2h Kh 2s 9s,Jd Ks,1,0,1,0.0011861459537664681,0.0010801489255863374,0.0011926323349642485,0.00108833224152954,13,11,0.0,1e-05,1.0,0.99999,1.0,0.99999
7c 2h Kh 2s 9s,Jd Ac,1,0,1,0.002199296388049236,0.00248619258629688,0.002191129478319076,0.002461697533004426,6,2,1.0,0.9999116457517904,0.0,8.83542482096646e-05,1.0,0.99999
7c 2h Kh 2s 9s,Jd Ad,1,0,1,0.000872295842026034,0.0010801489255863374,0.0008677171349184211,0.0010687031762067595,6,2,1.0,0.9999116457517904,0.0,8.83542482096646e-05,1.0,0.99999
7c 2h Kh 2s 9s,Jd Ah,1,0,1,0.002199296388049236,0.00248619258629688,0.00218675766818549,0.002462677902742679,6,2,1.0,0.9999116457517904,0.0,8.83542482096646e-05,1.0,0.99999
7c 2h Kh 2s 9s,Jd As,1,0,1,0.002199296388049236,0.00248619258629688,0.0021926781581672384,0.0024630663657178795,6,2,1.0,0.9999116457517904,0.0,8.83542482096646e-05,1.0,0.99999
7c 2h Kh 2s 9s,Jh Js,1,0,1,9.997480634880012e-07,0.0010801489255863374,1.0024502706761942e-06,0.0010875697181490448,8,0,0.0,1e-05,1.0,0.99999,1.0,0.99999
7c 2h Kh 2s 9s,Jh Qc,1,0,1,0.0010917611622158292,0.0010801489255863376,0.0010866824769825449,0.0010629449280091577,0,5,1.0,0.9999115887816343,0.0,8.841121836570131e-05,1.0,0.99999
7c 2h Kh 2s 9s,Jh Qd,1,0,1,0.0010917611622158292,0.0010801489255863376,0.001087969218797905,0.0010616320150226791,0,5,1.0,0.9999115887816343,0.0,8.841121836570131e-05,1.0,0.99999
7c 2h Kh 2s 9s,Jh Qh,1,0,1,0.0010917611622158292,0.0010801489255863376,0.0010884263796486118,0.0010658766481927498,0,5,1.0,0.9999115887816343,0.0,8.841121836570131e-05,1.0,0.99999
7c 2h Kh 2s 9s,Jh Qs,1,0,1,0.0010917611622158292,0.0010801489255863376,0.001088426379648612,0.0010638246950244552,0,5,1.0,0.9999115887816343,0.0,8.841121836570131e-05,1.0,0.99999
7c 2h Kh 2s 9s,Jh Kc,1,0,1,0.0011861459537664681,0.0010801489255863374,0.0011919326958072258,0.0010892857019999544,13,11,0.0,1e-05,1.0,0.99999,1.0,0.99999
7c 2h Kh 2s 9s,Jh Kd,1,0,1,0.0011861459537664681,0.0010801489255863374,0.0011926323349642485,0.0010892041300323164,13,11,0.0,1e-05,1.0,0.99999,1.0,0.99999
7c 2h Kh 2s 9s,Jh Ks,1,0,1,0.0011861459537664681,0.0010801489255863374,0.0011926323349642485,0.0010892041300323166,13,11,0.0,1e-05,1.0,0.99999,1.0,0.99999
7c 2h Kh 2s 9s,Jh Ac,1,0,1,0.002199296388049236,0.00248619258629688,0.0021911294783190766,0.002463704369913978,6,2,1.0,0.9999116457517904,0.0,8.83542482096646e-05,1.0,0.99999
7c 2h Kh 2s 9s,Jh Ad,1,0,1,0.002199296388049236,0.00248619258629688,0.0021911294783190766,0.0024654577942026623,6,2,1.0,0.9999116457517904,0.0,8.83542482096646e-05,1.0,0.99999
7c 2h Kh 2s 9s,Jh Ah,1,0,1,0.000872295842026034,0.0010801489255863374,0.0008659831658988852,0.001069239204146412,6,2,1.0,0.9999116457517904,0.0,8.83542482096646e-05,1.0,0.99999
7c 2h Kh 2s 9s,Jh As,1,0,1,0.002199296388049236,0.00248619258629688,0.0021926781581672384,0.0024650732026274317,6,2,1.0,0.9999116457517904,0.0,8.83542482096646e-05,1.0,0.99999
7c 2h Kh 2s 9s,Js Qc,1,0,1,0.0010917611622158292,0.0010801489255863376,0.0010866824769825447,0.0010630606622328293,0,5,1.0,0.9999115887816343,0.0,8.841121836570131e-05,1.0,0.99999
7c 2h Kh 2s 9s,Js Qd,1,0,1,0.0010917611622158292,0.0010801489255863376,0.001087969218797905,0.0010617477492463508,0,5,1.0,0.9999115887816343,0.0,8.841121836570131e-05,1.0,0.99999
7c 2h Kh 2s 9s,Js Qh,1,0,1,0.0010917611622158292,0.0010801489255863376,0.001088426379648612,0.0010659923824164214,0,5,1.0,0.9999115887816343,0.0,8.841121836570131e-05,1.0,0.99999
7c 2h Kh 2s 9s,Js Qs,1,0,1,0.0010917611622158292,0.0010801489255863376,0.001088426379648612,0.0010639404292481268,0,5,1.0,0.9999115887816343,0.0,8.841121836570131e-05,1.0,0.99999
7c 2h Kh 2s 9s,Js Kc,1,0,1,0.0005930729768832341,0.0010801489255863374,0.0005959663479036129,0.0010887017970666031,13,11,0.0,1e-05,1.0,0.99999,1.0,0.99999
7c 2h Kh 2s 9s,Js Kd,1,0,1,0.0011861459537664681,0.0010801489255863374,0.0011926323349642485,0.001089319864255988,13,11,0.0,1e-05,1.0,0.99999,1.0,0.99999
7c 2h Kh 2s 9s,Js Ks,1,0,1,0.0010917611622158292,0.0010801489255863374,0.001097731404792282,0.001089208519955084,13,11,0.0,1e-05,1.0,0.99999,1.0,0.99999
7c 2h Kh 2s 9s,Js Ac,1,0,1,0.002199296388049236,0.00248619258629688,0.0021911294783190766,0.002463970756855684,6,2,1.0,0.9999116457517904,0.0,8.83542482096646e-05,1.0,0.99999
7c 2h Kh 2s 9s,Js Ad,1,0,1,0.002199296388049236,0.00248619258629688,0.002191129478319076,0.0024657241811443676,6,2,1.0,0.9999116457517904,0.0,8.83542482096646e-05,1.0,0.99999
7c 2h Kh 2s 9s,Js Ah,1,0,1,0.002199296388049236,0.00248619258629688,0.00218675766818549,0.0024649511265939367,6,2,1.0,0.9999116457517904,0.0,8.83542482096646e-05,1.0,0.99999
7c 2h Kh 2s 9s,Js As,1,0,1,0.000872295842026034,0.0010801489255863374,0.000868331380001313,0.0010695237096340659,6,2,1.0,0.9999116457517904,0.0,8.83542482096646e-05,1.0,0.99999
7c 2h Kh 2s 9s,Qc Qd,1,0,1,0.0010917611622158292,0.0010801489255863374,0.0010799396252627461,0.0010358362044808839,8,0,0.0,1e-05,1.0,0.99999,1.0,0.99999
7c 2h Kh 2s 9s,Qc Qh,1,0,1,0.0010917611622158292,0.0010801489255863374,0.001080396786113453,0.0010400808376509548,8,0,0.0,1e-05,1.0,0.99999,1.0,0.99999
7c 2h Kh 2s 9s,Qc Qs,1,0,1,0.0010917611622158292,0.0010801489255863374,0.001080396786113453,0.00103802888448266,8,0,0.0,1e-05,1.0,0.99999,1.0,0.99999
7c 2h Kh 2s 9s,Qc Kc,1,0,1,0.002194902263479378,0.0010801489255863374,0.0021894674495967804,0.0010646799059111495,13,11,0.0,1e-05,1.0,0.99999,1.0,0.99999
7c 2h Kh 2s 9s,Qc Kd,1,0,1,0.0008014908917986151,0.0010801489255863374,0.0007999790675154818,0.0010629545477730607,13,11,0.0,1e-05,1.0,0.99999,1.0,0.99999
7c 2h Kh 2s 9s,Qc Ks,1,0,1,0.0008014908917986151,0.0010801489255863374,0.0007999790675154818,0.0010629545477730607,13,11,0.0,1e-05,1.0,0.99999,1.0,0.99999
7c 2h Kh 2s 9s,Qc Ac,1,0,1,0.0010917611622158292,0.0010801489255863374,0.0010780008815073337,0.0010432763629725245,6,15,1.0,0.9999116457517904,0.0,8.83542482096646e-05,1.0,0.5253447651931814
7c 2h Kh 2s 9s,Qc Ad,1,0,1,0.004367044648863317,0.0010801489255863376,0.004312003526029335,0.0010479019561024537,6,15,1.0,0.9999116457517904,0.0,8.83542482096646e-05,1.0,0.5253447651931814
7c 2h Kh 2s 9s,Qc Ah,1,0,1,0.004367044648863317,0.0010801489255863376,0.004303322617829118,0.00104756609553933,6,15,0.9465626378291274,0.9999116457517904,0.0534373621708726,8.83542482096646e-05,1.0,0.5253447651931814
7c 2h Kh 2s 9s,Qc As,1,0,1,0.004367044648863317,0.0010801489255863376,0.004315078670462104,0.001047734866803312,6,15,1.0,0.9999116457517904,0.0,8.83542482096646e-05,1.0,0.5253447651931814
7c 2h Kh 2s 9s,Qd Qh,1,0,1,0.0005458805811079146,0.0010801489255863374,0.0005408417639644067,0.0010381239576579054,8,0,0.0,1e-05,1.0,0.99999,1.0,0.99999
7c 2h Kh 2s 9s,Qd Qs,1,0,1,0.0010917611622158292,0.0010801489255863374,0.0010816835279288135,0.0010367159714961814,8,0,0.0,1e-05,1.0,0.99999,1.0,0.99999
7c 2h Kh 2s 9s,Qd Kc,1,0,1,0.00040074544589930753,0.0010801489255863374,0.0004002254727948453,0.0010612504534559277,13,11,0.0,1e-05,1.0,0.99999,1.0,0.99999
7c 2h Kh 2s 9s,Qd Kd,1,0,1,0.002194902263479378,0.0010801489255863374,0.0021933489919249353,0.0010632854209570335,13,11,0.0,1e-05,1.0,0.99999,1.0,0.99999
7c 2h Kh 2s 9s,Qd Ks,1,0,1,0.00040074544589930753,0.0010801489255863374,0.0004004618494439916,0.0010611688814882896,13,11,0.0,1e-05,1.0,0.99999,1.0,0.99999
7c 2h Kh 2s 9s,Qd Ac,1,0,1,0.004367044648863317,0.0010801489255863376,0.004317150493290777,0.0010458272520254706,6,15,1.0,0.9999116457517904,0.0,8.83542482096646e-05,1.0,0.5253447651931814
7c 2h Kh 2s 9s,Qd Ad,1,0,1,0.0010917611622158292,0.0010801489255863374,0.0010792876233226942,0.0010427252410765504,6,15,1.0,0.9999116457517904,0.0,8.83542482096646e-05,1.0,0.5253447651931814
7c 2h Kh 2s 9s,Qd Ah,1,0,1,0.004367044648863317,0.0010801489255863376,0.00430846958509056,0.0010462531825528516,6,15,0.8878020618817808,0.9999116457517904,0.11219793811821924,8.83542482096646e-05,1.0,0.5253447651931814
7c 2h Kh 2s 9s,Qd As,1,0,1,0.004367044648863317,0.0010801489255863376,0.004320225637723546,0.0010464219538168337,6,15,1.0,0.9999116457517904,0.0,8.83542482096646e-05,1.0,0.5253447651931814
7c 2h Kh 2s 9s,Qh Qs,1,0,1,0.0005458805811079146,0.0010801489255863374,0.00054107034438976,0.0010403166376596815,8,0,0.0,1e-05,1.0,0.99999,1.0,0.99999
7c 2h Kh 2s 9s,Qh Kc,1,0,1,0.0008014908917986151,0.0010801489255863374,0.0008007865595230392,0.001065967839924291,13,11,0.0,1e-05,1.0,0.99999,1.0,0.99999
7c 2h Kh 2s 9s,Qh Kd,1,0,1,0.0008014908917986151,0.0010801489255863374,0.0008012593128213318,0.0010658862679566532,13,11,0.0,1e-05,1.0,0.99999,1.0,0.99999
7c 2h Kh 2s 9s,Qh Ks,1,0,1,0.0008014908917986151,0.0010801489255863374,0.0008012593128213317,0.0010658862679566532,13,11,0.0,1e-05,1.0,0.99999,1.0,0.99999
7c 2h Kh 2s 9s,Qh Ac,1,0,1,0.004367044648863317,0.0010801489255863376,0.004318979136693604,0.0010500718851955413,6,15,1.0,0.9999116457517904,0.0,8.83542482096646e-05,1.0,0.5253447651931814
7c 2h Kh 2s 9s,Qh Ad,1,0,1,0.004367044648863317,0.0010801489255863376,0.004318979136693604,0.001050833676286046,6,15,0.6502952101220432,0.9999116457517904,0.3497047898779568,8.83542482096646e-05,1.0,0.5253447651931814
7c 2h Kh 2s 9s,Qh Ah,1,0,1,0.0010917611622158292,0.0010801489255863374,0.0010775745571233466,0.0010466340136834975,6,15,0.0,0.9999116457517904,1.0,8.83542482096646e-05,1.0,0.5253447651931814
7c 2h Kh 2s 9s,Qh As,1,0,1,0.004367044648863317,0.0010801489255863376,0.004322054281126373,0.0010506665869869044,6,15,1.0,0.9999116457517904,0.0,8.83542482096646e-05,1.0,0.5253447651931814
7c 2h Kh 2s 9s,Qs Kc,1,0,1,0.00040074544589930753,0.0010801489255863374,0.0004003932797615196,0.0010634431334577035,13,11,0.0,1e-05,1.0,0.99999,1.0,0.99999
7c 2h Kh 2s 9s,Qs Kd,1,0,1,0.00040074544589930753,0.0010801489255863374,0.00040062965641066584,0.0010633615614900657,13,11,0.0,1e-05,1.0,0.99999,1.0,0.99999
7c 2h Kh 2s 9s,Qs Ks,1,0,1,0.002194902263479378,0.0010801489255863374,0.0021942680788284794,0.0010654781009588094,13,11,0.0,1e-05,1.0,0.99999,1.0,0.99999
7c 2h Kh 2s 9s,Qs Ac,1,0,1,0.004367044648863317,0.0010801489255863376,0.004318979136693604,0.0010480199320272467,6,15,1.0,0.9999116457517904,0.0,8.83542482096646e-05,1.0,0.5253447651931814
7c 2h Kh 2s 9s,Qs Ad,1,0,1,0.004367044648863317,0.0010801489255863376,0.004318979136693604,0.0010487817231177512,6,15,1.0,0.9999116457517904,0.0,8.83542482096646e-05,1.0,0.5253447651931814
7c 2h Kh 2s 9s,Qs Ah,1,0,1,0.004367044648863317,0.0010801489255863376,0.004310298228493386,0.0010484458625546276,6,15,0.4621824300911267,0.9999116457517904,0.5378175699088733,8.83542482096646e-05,1.0,0.5253447651931814
7c 2h Kh 2s 9s,Qs As,1,0,1,0.0010917611622158292,0.0010801489255863374,0.0010805135702815932,0.001044750831779185,6,15,1.0,0.9999116457517904,0.0,8.83542482096646e-05,1.0,0.5253447651931814
7c 2h Kh 2s 9s,Kc Kd,1,0,1,0.0010917611622158292,0.0005400744627931688,0.0010994628050537188,0.0005447632024397547,1,4,0.0,1e-05,1.0,0.99999,1.0,0.99999
7c 2h Kh 2s 9s,Kc Ks,1,0,1,0.0010917611622158292,0.0005400744627931688,0.0010994628050537188,0.0005447632024397547,1,4,0.0,1e-05,1.0,0.99999,1.0,0.99999
7c 2h Kh 2s 9s,Kc Ac,1,0,1,0.0018397807900448991,9.998580201611371e-07,0.001831958222000261,9.9082285888996e-07,13,11,0.0,1e-05,1.0,0.99999,1.0,0.99999
7c 2h Kh 2s 9s,Kc Ad,1,0,1,0.003215520401880477,0.0007419505723337879,0.0032044504171704355,0.0007368840402604958,13,11,0.0,1e-05,1.0,0.99999,1.0,0.99999
7c 2h Kh 2s 9s,Kc Ah,1,0,1,0.003215520401880477,0.0007419505723337879,0.0031980585344055282,0.0007366533387978263,13,11,0.0,1e-05,1.0,0.99999,1.0,0.99999
7c 2h Kh 2s 9s,Kc As,1,0,1,0.003215520401880477,0.0007419505723337879,0.0032067146920879983,0.0007367692671970855,13,11,0.0,1e-05,1.0,0.99999,1.0,0.99999
7c 2h Kh 2s 9s,Kd Ks,1,0,1,0.0010917611622158292,0.0010801489255863376,0.0011007507390668604,0.0010894448329118714,1,4,0.0,1e-05,1.0,0.99999,1.0,0.99999
7c 2h Kh 2s 9s,Kd Ac,1,0,1,0.003215520401880477,0.0007419505723337879,0.0032063470673897596,0.0007363047370840065,13,11,0.0,1e-05,1.0,0.99999,1.0,0.99999
7c 2h Kh 2s 9s,Kd Ad,1,0,1,0.0018397807900448991,9.998580201611371e-07,0.0018330434026873142,9.914525151617526e-07,13,11,0.0,1e-05,1.0,0.99999,1.0,0.99999
7c 2h Kh 2s 9s,Kd Ah,1,0,1,0.003215520401880477,0.0007419505723337879,0.0031999551846248527,0.0007365973072945386,13,11,0.0,1e-05,1.0,0.99999,1.0,0.99999
7c 2h Kh 2s 9s,Kd As,1,0,1,0.003215520401880477,0.0007419505723337879,0.0032086113423073223,0.0007367132356937979,13,11,0.0,1e-05,1.0,0.99999,1.0,0.99999
7c 2h Kh 2s 9s,Ks Ac,1,0,1,0.003215520401880477,0.0007419505723337879,0.0032063470673897596,0.0007363047370840066,13,11,0.0,1e-05,1.0,0.99999,1.0,0.99999
7c 2h Kh 2s 9s,Ks Ad,1,0,1,0.003215520401880477,0.0007419505723337879,0.00320634706738976,0.0007368280087572082,13,11,0.0,1e-05,1.0,0.99999,1.0,0.99999
7c 2h Kh 2s 9s,Ks Ah,1,0,1,0.003215520401880477,0.0007419505723337879,0.0031999551846248527,0.0007365973072945386,13,11,0.0,1e-05,1.0,0.99999,1.0,0.99999
7c 2h Kh 2s 9s,Ks As,1,0,1,0.0018397807900448991,9.998580201611371e-07,0.0018343389222225896,9.912978461417014e-07,13,11,0.0,1e-05,1.0,0.99999,1.0,0.99999
7c 2h Kh 2s 9s,Ac Ad,1,0,1,9.997480634880012e-07,0.0010801489255863376,9.865504409978556e-07,0.0010488786449426113,13,4,0.0,1e-05,1.0,0.99999,1.0,0.99999
7c 2h Kh 2s 9s,Ac Ah,1,0,1,9.997480634880012e-07,0.0010801489255863376,9.845631196260114e-07,0.0010485427843794878,13,4,0.0,1e-05,1.0,0.99999,1.0,0.99999
7c 2h Kh 2s 9s,Ac As,1,0,1,9.997480634880012e-07,0.0010801489255863376,9.87254434187485e-07,0.00104871155564347,13,4,0.0,1e-05,1.0,0.99999,1.0,0.99999
7c 2h Kh 2s 9s,Ad Ah,1,0,1,9.997480634880012e-07,0.0010801489255863376,9.845631196260114e-07,0.0010493045754699922,13,4,0.0,1e-05,1.0,0.99999,1.0,0.99999
7c 2h Kh 2s 9s,Ad As,1,0,1,9.997480634880012e-07,0.0010801489255863376,9.87254434187485e-07,0.0010494733467339744,13,4,0.0,1e-05,1.0,0.99999,1.0,0.99999
7c 2h Kh 2s 9s,Ah As,1,0,1,9.997480634880012e-07,0.0010801489255863376,9.852671128156407e-07,0.0010491374861708509,13,4,0.0,1e-05,1.0,0.99999,1.0,0.99999
