board,hand,meets_frozen_gap_threshold,bettor_seat,caller_seat,bettor_range_before_collision,caller_range_before_collision,bettor_joint_marginal,caller_joint_marginal,bettor_group,caller_group,full_check,compressed_check,full_bet_14,compressed_bet_14,full_call_facing_14,compressed_call_facing_14,full_bet_29,compressed_bet_29,full_call_facing_29,compressed_call_facing_29
9d 2d Kc Tc 4c,2c 2h,0,1,5,0.001244444970306037,9.99230592443818e-07,0.0012510622901395253,9.833400220621346e-07,5,1,0.0,6.666666666666667e-06,0.0,2.0306094220789084e-05,1.0,0.99999,1.0,0.9999730272391125,1.0,0.99999
9d 2d Kc Tc 4c,2c 2s,0,1,5,0.001244444970306037,9.99230592443818e-07,0.0012510622901395253,9.833400220621346e-07,5,1,0.0,6.666666666666667e-06,0.0,2.0306094220789084e-05,1.0,0.99999,1.0,0.9999730272391125,1.0,0.99999
9d 2d Kc Tc 4c,2c 3c,0,1,5,0.00020740749505100613,9.99230592443818e-07,0.00020821708503840401,9.87868355302209e-07,5,1,0.0,6.666666666666667e-06,0.0,2.0306094220789084e-05,1.0,0.99999,1.0,0.9999730272391125,1.0,0.99999
9d 2d Kc Tc 4c,2c 3d,0,1,5,0.001244444970306037,0.0016543427096275768,0.0012587391733378112,0.0016480662027533244,0,11,1.0,0.9999791841119858,0.0,1.4149221347486966e-05,0.3390838012504945,0.5363217403203392,0.0,6.666666666666667e-06,0.5070042217222297,0.2005953564504219
9d 2d Kc Tc 4c,2c 3h,0,1,5,0.001244444970306037,0.0016543427096275768,0.0012544018009968297,0.0016352657561076766,0,11,1.0,0.9999791841119858,0.0,1.4149221347486966e-05,0.0,0.5363217403203392,0.0,6.666666666666667e-06,0.25561450700203353,0.2005953564504219
9d 2d Kc Tc 4c,2c 3s,0,1,5,0.001244444970306037,0.0016543427096275768,0.0012544018009968297,0.0016352657561076766,0,11,1.0,0.9999791841119858,0.0,1.4149221347486966e-05,0.0,0.5363217403203392,0.0,6.666666666666667e-06,0.25561450700112764,0.2005953564504219
9d 2d Kc Tc 4c,2c 4d,0,1,5,9.998460237123483e-07,9.99230592443818e-07,9.85270603048868e-07,9.972353990762145e-07,1,1,0.0,6.666666666666667e-06,1.0,0.9998450831764386,1.0,0.99999,0.0,0.0001482501568947111,1.0,0.99999
9d 2d Kc Tc 4c,2c 4h,0,1,5,9.998460237123483e-07,9.99230592443818e-07,9.925614428972782e-07,9.913684570081112e-07,1,1,0.0,6.666666666666667e-06,1.0,0.9998450831764386,1.0,0.99999,0.0,0.0001482501568947111,1.0,0.99999
9d 2d Kc Tc 4c,2c 4s,0,1,5,9.998460237123483e-07,9.99230592443818e-07,9.925614428972782e-07,9.913684570081112e-07,1,1,0.0,6.666666666666667e-06,1.0,0.9998450831764386,1.0,0.99999,0.0,0.0001482501568947111,1.0,0.99999
9d 2d Kc Tc 4c,2c 5c,0,1,5,0.001244444970306037,9.99230592443818e-07,0.0012711197305217926,9.81842604050684e-07,5,1,0.0,6.666666666666667e-06,0.0,2.0306094220789084e-05,1.0,0.99999,1.0,0.9999730272391125,1.0,0.99999
9d 2d Kc Tc 4c,2c 5d,0,1,5,0.001244444970306037,9.99230592443818e-07,0.001261596770516566,9.859805436120893e-07,0,11,1.0,0.9999791841119858,0.0,1.4149221347486966e-05,1.0,0.5363217403203392,0.0,6.666666666666667e-06,0.0,0.2005953564504219
9d 2d Kc Tc 4c,2c 5h,0,1,5,0.001244444970306037,9.99230592443818e-07,0.0012651725205785707,9.748084050508049e-07,0,11,1.0,0.9999791841119858,0.0,1.4149221347486966e-05,1.0,0.5363217403203392,0.0,6.666666666666667e-06,0.0,0.2005953564504219
9d 2d Kc Tc 4c,2c 5s,0,1,5,0.001244444970306037,9.99230592443818e-07,0.0012651725205785709,9.748084050508049e-07,0,11,1.0,0.9999791841119858,0.0,1.4149221347486966e-05,1.0,0.5363217403203392,0.0,6.666666666666667e-06,0.0,0.2005953564504219
9d 2d Kc Tc 4c,2c 6c,0,1,5,0.001244444970306037,9.99230592443818e-07,0.001232390638181642,9.83086292203124e-07,5,1,0.0,6.666666666666667e-06,0.0,2.0306094220789084e-05,1.0,0.99999,1.0,0.9999730272391125,1.0,0.99999
9d 2d Kc Tc 4c,2c 6d,0,1,5,0.001244444970306037,9.99230592443818e-07,0.0012258250897972018,9.84895347984038e-07,0,11,1.0,0.9999791841119858,0.0,1.4149221347486966e-05,1.0,0.5363217403203392,0.0,6.666666666666667e-06,1.0,0.2005953564504219
9d 2d Kc Tc 4c,2c 6h,0,1,5,0.001244444970306037,9.99230592443818e-07,0.0012258250897972016,9.832217932046516e-07,0,11,1.0,0.9999791841119858,0.0,1.4149221347486966e-05,1.0,0.5363217403203392,0.0,6.666666666666667e-06,1.0,0.2005953564504219
9d 2d Kc Tc 4c,2c 6s,0,1,5,0.001244444970306037,9.99230592443818e-07,0.0012258250897972018,9.832217932046516e-07,0,11,1.0,0.9999791841119858,0.0,1.4149221347486966e-05,1.0,0.5363217403203392,0.0,6.666666666666667e-06,1.0,0.2005953564504219
9d 2d Kc Tc 4c,2c 7c,0,1,5,0.001244444970306037,9.99230592443818e-07,0.0012670811039670066,9.743817067607818e-07,5,1,0.0,6.666666666666667e-06,0.0,2.0306094220789084e-05,1.0,0.99999,1.0,0.9999730272391125,1.0,0.99999
9d 2d Kc Tc 4c,2c 7d,0,1,5,0.0031111124257650925,9.99230592443818e-07,0.0031782222685371297,9.82947578433774e-07,0,11,1.0,0.9999791841119858,0.0,1.4149221347486966e-05,1.0,0.5363217403203392,0.0,6.666666666666667e-06,1.0,0.2005953564504219
9d 2d Kc Tc 4c,2c 7h,0,1,5,0.0031111124257650925,9.99230592443818e-07,0.0031842876000601344,9.831388134639767e-07,0,11,1.0,0.9999791841119858,0.0,1.4149221347486966e-05,1.0,0.5363217403203392,0.0,6.666666666666667e-06,1.0,0.2005953564504219
9d 2d Kc Tc 4c,2c 7s,0,1,5,0.0031111124257650925,9.99230592443818e-07,0.0031842876000601344,9.831388134639767e-07,0,11,1.0,0.9999791841119858,0.0,1.4149221347486966e-05,1.0,0.5363217403203392,0.0,6.666666666666667e-06,1.0,0.2005953564504219
9d 2d Kc Tc 4c,2c 8c,0,1,5,0.001244444970306037,9.99230592443818e-07,0.0012767687369690402,9.779655829037055e-07,5,1,0.0,6.666666666666667e-06,0.0,2.0306094220789084e-05,1.0,0.99999,1.0,0.9999730272391125,1.0,0.99999
9d 2d Kc Tc 4c,2c 8d,0,1,5,0.001244444970306037,9.99230592443818e-07,0.0012679103606577581,9.663917172478216e-07,0,6,1.0,0.9999791841119858,0.0,1.4149221347486966e-05,1.0,0.9985282232013408,0.0,6.666666666666667e-06,1.0,0.9923454624934344
9d 2d Kc Tc 4c,2c 8h,0,1,5,0.001244444970306037,9.99230592443818e-07,0.0012679103606577583,9.650681924612303e-07,0,6,1.0,0.9999791841119858,0.0,1.4149221347486966e-05,1.0,0.9985282232013408,0.0,6.666666666666667e-06,1.0,0.9923454624934344
9d 2d Kc Tc 4c,2c 8s,0,1,5,0.001244444970306037,9.99230592443818e-07,0.0012679103606577581,9.650681924612303e-07,0,6,1.0,0.9999791841119858,0.0,1.4149221347486966e-05,1.0,0.9985282232013408,0.0,6.666666666666667e-06,1.0,0.9923454624934344
9d 2d Kc Tc 4c,2c 9c,0,1,5,0.001244444970306037,9.99230592443818e-07,0.0012198803235687486,9.886828234144573e-07,5,1,0.0,6.666666666666667e-06,0.0,2.0306094220789084e-05,1.0,0.99999,1.0,0.9999730272391125,1.0,0.99999
9d 2d Kc Tc 4c,2c 9h,0,1,5,0.0015807594746753359,9.99230592443818e-07,0.0015718966766439097,9.920880527752825e-07,1,1,0.0,6.666666666666667e-06,1.0,0.9998450831764386,1.0,0.99999,0.0,0.0001482501568947111,1.0,0.99999
9d 2d Kc Tc 4c,2c 9s,0,1,5,0.0015807594746753359,9.99230592443818e-07,0.0015718966766439099,9.920880527752825e-07,1,1,0.0,6.666666666666667e-06,1.0,0.9998450831764386,1.0,0.99999,0.0,0.0001482501568947111,1.0,0.99999
9d 2d Kc Tc 4c,2c Td,0,1,5,0.00020740749505100613,9.99230592443818e-07,0.00020960414756808704,9.83696106049255e-07,10,1,0.0,6.666666666666667e-06,1.0,0.9989392906548963,1.0,0.99999,0.0,0.0010540426784370587,1.0,0.99999
9d 2d Kc Tc 4c,2c Th,0,1,5,0.001244444970306037,9.99230592443818e-07,0.0012576248854085227,9.920025700247236e-07,10,1,0.0,6.666666666666667e-06,1.0,0.9989392906548963,1.0,0.99999,0.0,0.0010540426784370587,1.0,0.99999
9d 2d Kc Tc 4c,2c Ts,0,1,5,0.001244444970306037,9.99230592443818e-07,0.0012576248854085227,9.920025700247236e-07,10,1,0.0,6.666666666666667e-06,1.0,0.9989392906548963,1.0,0.99999,0.0,0.0010540426784370587,1.0,0.99999
9d 2d Kc Tc 4c,2c Jc,0,1,5,0.001244444970306037,9.99230592443818e-07,0.0012442955615797823,9.85220506514612e-07,5,1,0.0,6.666666666666667e-06,0.0,2.0306094220789084e-05,1.0,0.99999,1.0,0.9999730272391125,1.0,0.99999
9d 2d Kc Tc 4c,2c Jd,0,1,5,0.001244444970306037,0.00596624041874077,0.001251986557809781,0.005925448189853086,0,11,1.0,0.9999791841119858,0.0,1.4149221347486966e-05,1.0,0.5363217403203392,0.0,6.666666666666667e-06,1.0,0.2005953564504219
9d 2d Kc Tc 4c,2c Jh,0,1,5,0.001244444970306037,0.00596624041874077,0.001260070673474938,0.005976401372187966,0,11,1.0,0.9999791841119858,0.0,1.4149221347486966e-05,1.0,0.5363217403203392,0.0,6.666666666666667e-06,1.0,0.2005953564504219
9d 2d Kc Tc 4c,2c Js,0,1,5,0.001244444970306037,0.00596624041874077,0.001260070673474938,0.005976401372187966,0,11,1.0,0.9999791841119858,0.0,1.4149221347486966e-05,1.0,0.5363217403203392,0.0,6.666666666666667e-06,1.0,0.2005953564504219
9d 2d Kc Tc 4c,2c Qc,0,1,5,0.00020740749505100613,9.99230592443818e-07,0.0002083535257683494,9.921830761102333e-07,5,1,0.0,6.666666666666667e-06,0.0,2.0306094220789084e-05,1.0,0.99999,1.0,0.9999730272391125,1.0,0.99999
9d 2d Kc Tc 4c,2c Qd,0,1,5,0.00010661472477810229,0.005174831616617014,0.00010753868969185156,0.005097522474923434,0,3,1.0,0.9999791841119858,0.0,1.4149221347486966e-05,1.0,0.8958594524733711,0.0,6.666666666666667e-06,1.0,0.19432486563427995
9d 2d Kc Tc 4c,2c Qh,0,1,5,0.0006396883486686137,0.005174831616617014,0.0006482260673158994,0.005073681620010701,0,11,1.0,0.9999791841119858,0.0,1.4149221347486966e-05,1.0,0.5363217403203392,0.0,6.666666666666667e-06,1.0,0.2005953564504219
9d 2d Kc Tc 4c,2c Qs,0,1,5,0.0006396883486686137,0.005174831616617014,0.0006482260673158994,0.0050736816200107,0,11,1.0,0.9999791841119858,0.0,1.4149221347486966e-05,1.0,0.5363217403203392,0.0,6.666666666666667e-06,1.0,0.2005953564504219
9d 2d Kc Tc 4c,2c Kd,0,1,5,0.001244444970306037,9.99230592443818e-07,0.0012026830439001279,9.985752867996393e-07,10,1,0.0,6.666666666666667e-06,1.0,0.9989392906548963,1.0,0.99999,0.0,0.0010540426784370587,1.0,0.99999
9d 2d Kc Tc 4c,2c Kh,0,1,5,0.001244444970306037,9.99230592443818e-07,0.0012111960510981863,1.0064036200603808e-06,10,1,0.0,6.666666666666667e-06,1.0,0.9989392906548963,1.0,0.99999,0.0,0.0010540426784370587,1.0,0.99999
9d 2d Kc Tc 4c,2c Ks,0,1,5,0.001244444970306037,9.99230592443818e-07,0.0012111960510981863,1.0064036200603808e-06,10,1,0.0,6.666666666666667e-06,1.0,0.9989392906548963,1.0,0.99999,0.0,0.0010540426784370587,1.0,0.99999
9d 2d Kc Tc 4c,2c Ac,0,1,5,0.001244444970306037,9.99230592443818e-07,0.0012090079580945475,9.840758151716818e-07,5,1,0.0,6.666666666666667e-06,0.0,2.0306094220789084e-05,1.0,0.99999,1.0,0.9999730272391125,1.0,0.99999
9d 2d Kc Tc 4c,2c Ad,0,1,5,0.00020740749505100613,9.99230592443818e-07,0.00020354261773462351,9.637915341596375e-07,0,11,1.0,0.9999791841119858,0.0,1.4149221347486966e-05,1.0,0.5363217403203392,0.0,6.666666666666667e-06,1.0,0.2005953564504219
9d 2d Kc Tc 4c,2c Ah,0,1,5,0.001244444970306037,9.99230592443818e-07,0.0012078237266878755,9.785853731780097e-07,0,11,1.0,0.9999791841119858,0.0,1.4149221347486966e-05,1.0,0.5363217403203392,0.0,6.666666666666667e-06,1.0,0.2005953564504219
9d 2d Kc Tc 4c,2c As,0,1,5,0.001244444970306037,9.99230592443818e-07,0.0012078237266878755,9.785853731780097e-07,0,11,1.0,0.9999791841119858,0.0,1.4149221347486966e-05,1.0,0.5363217403203392,0.0,6.666666666666667e-06,1.0,0.2005953564504219
9d 2d Kc Tc 4c,2h 2s,0,1,5,0.001244444970306037,9.99230592443818e-07,0.0012510622901395253,9.931407616410223e-07,5,1,0.0,6.666666666666667e-06,0.0,2.0306094220789084e-05,1.0,0.99999,1.0,0.9999730272391125,1.0,0.99999
9d 2d Kc Tc 4c,2h 3c,0,1,5,0.001244444970306037,0.0016543427096275768,0.001251543127080135,0.0016536257775898611,0,11,1.0,0.9999791841119858,0.0,1.4149221347486966e-05,0.0,0.5363217403203392,0.0,6.666666666666667e-06,0.0,0.2005953564504219
9d 2d Kc Tc 4c,2h 3d,0,1,5,0.00020740749505100613,0.0016543427096275768,0.00020978986222296853,0.0016624241602613988,0,11,1.0,0.9999791841119858,0.0,1.4149221347486966e-05,0.0,0.5363217403203392,0.0,6.666666666666667e-06,0.0,0.2005953564504219
9d 2d Kc Tc 4c,2h 3h,0,1,5,0.001244444970306037,9.99230592443818e-07,0.0012521611841471191,9.975087645058527e-07,0,11,1.0,0.9999791841119858,0.0,1.4149221347486966e-05,0.0,0.5363217403203392,0.0,6.666666666666667e-06,0.0,0.2005953564504219
9d 2d Kc Tc 4c,2h 3s,0,1,5,0.001244444970306037,0.0016543427096275768,0.0012544018009968297,0.0016514920227911631,0,11,1.0,0.9999791841119858,0.0,1.4149221347486966e-05,0.0,0.5363217403203392,0.0,6.666666666666667e-06,0.0,0.2005953564504219
9d 2d Kc Tc 4c,2h 4d,0,1,5,9.998460237123483e-07,9.99230592443818e-07,9.85270603048868e-07,1.0070361386551017e-06,1,1,0.0,6.666666666666667e-06,1.0,0.9998450831764386,1.0,0.99999,0.0,0.0001482501568947111,1.0,0.99999
9d 2d Kc Tc 4c,2h 4h,0,1,5,0.001244444970306037,9.99230592443818e-07,0.0012353783142999017,1.0025222693743267e-06,1,1,0.0,6.666666666666667e-06,1.0,0.9998450831764386,1.0,0.99999,0.0,0.0001482501568947111,1.0,0.99999
9d 2d Kc Tc 4c,2h 4s,0,1,5,9.998460237123483e-07,9.99230592443818e-07,9.925614428972782e-07,1.0011691965869988e-06,1,1,0.0,6.666666666666667e-06,1.0,0.9998450831764386,1.0,0.99999,0.0,0.0001482501568947111,1.0,0.99999
9d 2d Kc Tc 4c,2h 5c,0,1,5,0.00020740749505100613,9.99230592443818e-07,0.0002118532884202987,9.90514876309378e-07,0,11,1.0,0.9999791841119858,0.0,1.4149221347486966e-05,0.0,0.5363217403203392,0.0,6.666666666666667e-06,0.0,0.2005953564504219
9d 2d Kc Tc 4c,2h 5d,0,1,5,0.001244444970306037,9.99230592443818e-07,0.001261596770516566,9.95781283190977e-07,0,11,1.0,0.9999791841119858,0.0,1.4149221347486966e-05,0.0,0.5363217403203392,0.0,6.666666666666667e-06,0.0,0.2005953564504219
9d 2d Kc Tc 4c,2h 5h,0,1,5,0.001244444970306037,9.99230592443818e-07,0.0012651725205785707,9.846091446296925e-07,0,11,1.0,0.9999791841119858,0.0,1.4149221347486966e-05,0.0,0.5363217403203392,0.0,6.666666666666667e-06,0.0,0.2005953564504219
9d 2d Kc Tc 4c,2h 5s,0,1,5,0.001244444970306037,9.99230592443818e-07,0.0012651725205785709,9.846091446296925e-07,0,11,1.0,0.9999791841119858,0.0,1.4149221347486966e-05,0.0,0.5363217403203392,0.0,6.666666666666667e-06,0.0,0.2005953564504219
9d 2d Kc Tc 4c,2h 6c,0,1,5,0.001244444970306037,9.99230592443818e-07,0.001232390638181642,9.928870317820116e-07,0,11,1.0,0.9999791841119858,0.0,1.4149221347486966e-05,1.0,0.5363217403203392,0.0,6.666666666666667e-06,1.0,0.2005953564504219
9d 2d Kc Tc 4c,2h 6d,0,1,5,0.00020740749505100613,9.99230592443818e-07,0.0002043041816328669,9.935676202427319e-07,0,11,1.0,0.9999791841119858,0.0,1.4149221347486966e-05,1.0,0.5363217403203392,0.0,6.666666666666667e-06,0.0,0.2005953564504219
9d 2d Kc Tc 4c,2h 6h,0,1,5,0.001244444970306037,9.99230592443818e-07,0.0012258250897972016,9.930225327835392e-07,0,11,1.0,0.9999791841119858,0.0,1.4149221347486966e-05,1.0,0.5363217403203392,0.0,6.666666666666667e-06,0.0,0.2005953564504219
9d 2d Kc Tc 4c,2h 6s,0,1,5,0.001244444970306037,9.99230592443818e-07,0.0012258250897972018,9.930225327835392e-07,0,11,1.0,0.9999791841119858,0.0,1.4149221347486966e-05,1.0,0.5363217403203392,0.0,6.666666666666667e-06,0.0,0.2005953564504219
9d 2d Kc Tc 4c,2h 7c,0,1,5,0.0031111124257650925,9.99230592443818e-07,0.0031677027599175166,9.862136875160186e-07,0,11,1.0,0.9999791841119858,0.0,1.4149221347486966e-05,0.0,0.5363217403203392,0.0,6.666666666666667e-06,0.0,0.2005953564504219
9d 2d Kc Tc 4c,2h 7d,0,1,5,0.0031111124257650925,9.99230592443818e-07,0.0031782222685371297,9.927483180126616e-07,0,11,1.0,0.9999791841119858,0.0,1.4149221347486966e-05,1.0,0.5363217403203392,0.0,6.666666666666667e-06,0.0,0.2005953564504219
9d 2d Kc Tc 4c,2h 7h,0,1,5,0.00020740749505100613,9.99230592443818e-07,0.00021228584000400891,9.897798445463218e-07,0,11,1.0,0.9999791841119858,0.0,1.4149221347486966e-05,0.0,0.5363217403203392,0.0,6.666666666666667e-06,0.0,0.2005953564504219
9d 2d Kc Tc 4c,2h 7s,0,1,5,0.0031111124257650925,9.99230592443818e-07,0.0031842876000601344,9.929395530428644e-07,0,11,1.0,0.9999791841119858,0.0,1.4149221347486966e-05,0.0,0.5363217403203392,0.0,6.666666666666667e-06,0.0,0.2005953564504219
9d 2d Kc Tc 4c,2h 8c,0,1,5,0.001244444970306037,9.99230592443818e-07,0.0012767687369690402,9.877663224825933e-07,0,11,1.0,0.9999791841119858,0.0,1.4149221347486966e-05,1.0,0.5363217403203392,0.0,6.666666666666667e-06,0.0,0.2005953564504219
9d 2d Kc Tc 4c,2h 8d,0,1,5,0.001244444970306037,9.99230592443818e-07,0.0012679103606577581,9.761924568267093e-07,0,6,1.0,0.9999791841119858,0.0,1.4149221347486966e-05,1.0,0.9985282232013408,0.0,6.666666666666667e-06,0.0,0.9923454624934344
9d 2d Kc Tc 4c,2h 8h,0,1,5,0.001244444970306037,9.99230592443818e-07,0.0012679103606577583,9.748689320401177e-07,0,6,1.0,0.9999791841119858,0.0,1.4149221347486966e-05,1.0,0.9985282232013408,0.0,6.666666666666667e-06,0.0,0.9923454624934344
9d 2d Kc Tc 4c,2h 8s,0,1,5,0.001244444970306037,9.99230592443818e-07,0.0012679103606577581,9.748689320401177e-07,0,6,1.0,0.9999791841119858,0.0,1.4149221347486966e-05,1.0,0.9985282232013408,0.0,6.666666666666667e-06,0.0,0.9923454624934344
9d 2d Kc Tc 4c,2h 9c,0,1,5,0.0015807594746753359,9.99230592443818e-07,0.001549556167981532,9.988495284830626e-07,10,1,0.0,6.666666666666667e-06,1.0,0.9989392906548963,1.0,0.99999,0.0,0.0010540426784370587,1.0,0.99999
9d 2d Kc Tc 4c,2h 9h,0,1,5,9.998460237123483e-07,9.99230592443818e-07,9.942402161795436e-07,1.0001697540771238e-06,1,1,0.0,6.666666666666667e-06,1.0,0.9998450831764386,1.0,0.99999,0.0,0.0001482501568947111,1.0,0.99999
9d 2d Kc Tc 4c,2h 9s,0,1,5,0.0015807594746753359,9.99230592443818e-07,0.0015718966766439099,1.0018887923541698e-06,1,1,0.0,6.666666666666667e-06,1.0,0.9998450831764386,1.0,0.99999,0.0,0.0001482501568947111,1.0,0.99999
9d 2d Kc Tc 4c,2h Td,0,1,5,0.00020740749505100613,9.99230592443818e-07,0.00020960414756808704,9.934968456281425e-07,10,1,0.0,6.666666666666667e-06,1.0,0.9989392906548963,1.0,0.99999,0.0,0.0010540426784370587,1.0,0.99999
9d 2d Kc Tc 4c,2h Th,0,1,5,9.998460237123483e-07,9.99230592443818e-07,1.0104353916816253e-06,1.000450236816283e-06,10,1,0.0,6.666666666666667e-06,1.0,0.9989392906548963,1.0,0.99999,0.0,0.0010540426784370587,1.0,0.99999
9d 2d Kc Tc 4c,2h Ts,0,1,5,0.00020740749505100613,9.99230592443818e-07,0.00020960414756808704,1.0006748422834172e-06,10,1,0.0,6.666666666666667e-06,1.0,0.9989392906548963,1.0,0.99999,0.0,0.0010540426784370587,1.0,0.99999
9d 2d Kc Tc 4c,2h Jc,0,1,5,0.001244444970306037,0.00596624041874077,0.0012523796772449395,0.005941107108650301,0,11,1.0,0.9999791841119858,0.0,1.4149221347486966e-05,1.0,0.5363217403203392,0.0,6.666666666666667e-06,1.0,0.2005953564504219
9d 2d Kc Tc 4c,2h Jd,0,1,5,0.00020740749505100613,0.00596624041874077,0.0002086644263016301,0.005977228891588408,0,11,1.0,0.9999791841119858,0.0,1.4149221347486966e-05,1.0,0.5363217403203392,0.0,6.666666666666667e-06,0.3376775422286579,0.2005953564504219
9d 2d Kc Tc 4c,2h Jh,0,1,5,0.00020740749505100613,9.99230592443818e-07,0.0002086644263016301,1.0096046291002322e-06,0,11,1.0,0.9999791841119858,0.0,1.4149221347486966e-05,1.0,0.5363217403203392,0.0,6.666666666666667e-06,1.0,0.2005953564504219
9d 2d Kc Tc 4c,2h Js,0,1,5,0.001244444970306037,0.00596624041874077,0.001260070673474938,0.006034919965444906,0,11,1.0,0.9999791841119858,0.0,1.4149221347486966e-05,1.0,0.5363217403203392,0.0,6.666666666666667e-06,0.683379618370941,0.2005953564504219
9d 2d Kc Tc 4c,2h Qc,0,1,5,0.0006396883486686137,0.005174831616617014,0.0006462103124598682,0.005191526131008821,0,11,1.0,0.9999791841119858,0.0,1.4149221347486966e-05,1.0,0.5363217403203392,0.0,6.666666666666667e-06,1.0,0.2005953564504219
9d 2d Kc Tc 4c,2h Qd,0,1,5,0.0006396883486686137,0.005174831616617014,0.0006452321381511094,0.005151282789289844,0,11,1.0,0.9999791841119858,0.0,1.4149221347486966e-05,1.0,0.5363217403203392,0.0,6.666666666666667e-06,1.0,0.2005953564504219
9d 2d Kc Tc 4c,2h Qh,0,1,5,0.00020740749505100613,9.99230592443818e-07,0.00020900709819341617,9.890294495438385e-07,0,11,1.0,0.9999791841119858,0.0,1.4149221347486966e-05,1.0,0.5363217403203392,0.0,6.666666666666667e-06,1.0,0.2005953564504219
9d 2d Kc Tc 4c,2h Qs,0,1,5,0.0006396883486686137,0.005174831616617014,0.0006482260673158994,0.00512443784927608,0,11,1.0,0.9999791841119858,0.0,1.4149221347486966e-05,1.0,0.5363217403203392,0.0,6.666666666666667e-06,1.0,0.2005953564504219
9d 2d Kc Tc 4c,2h Kd,0,1,5,0.001244444970306037,9.99230592443818e-07,0.0012026830439001279,1.0083760263785268e-06,10,1,0.0,6.666666666666667e-06,0.0,0.9989392906548963,1.0,0.99999,1.0,0.0010540426784370587,1.0,0.99999
9d 2d Kc Tc 4c,2h Kh,0,1,5,0.00020740749505100613,9.99230592443818e-07,0.00020186600851636433,1.0150758923190746e-06,10,1,0.0,6.666666666666667e-06,0.0,0.9989392906548963,1.0,0.99999,1.0,0.0010540426784370587,1.0,0.99999
9d 2d Kc Tc 4c,2h Ks,0,1,5,0.00020740749505100613,9.99230592443818e-07,0.00020186600851636433,1.0150758923190746e-06,10,1,0.0,6.666666666666667e-06,0.0,0.9989392906548963,1.0,0.99999,1.0,0.0010540426784370587,1.0,0.99999
9d 2d Kc Tc 4c,2h Ac,0,1,5,0.001244444970306037,9.99230592443818e-07,0.0012090079580945475,9.938765547505692e-07,0,11,1.0,0.9999791841119858,0.0,1.4149221347486966e-05,1.0,0.5363217403203392,0.0,6.666666666666667e-06,1.0,0.2005953564504219
9d 2d Kc Tc 4c,2h Ad,0,1,5,0.00020740749505100613,9.99230592443818e-07,0.00020354261773462351,9.735922737385252e-07,0,11,1.0,0.9999791841119858,0.0,1.4149221347486966e-05,1.0,0.5363217403203392,0.0,6.666666666666667e-06,0.0,0.2005953564504219
9d 2d Kc Tc 4c,2h Ah,0,1,5,0.001244444970306037,9.99230592443818e-07,0.0012078237266878755,9.883861127568974e-07,0,11,1.0,0.9999791841119858,0.0,1.4149221347486966e-05,1.0,0.5363217403203392,0.0,6.666666666666667e-06,0.0,0.2005953564504219
9d 2d Kc Tc 4c,2h As,0,1,5,0.001244444970306037,9.99230592443818e-07,0.0012078237266878755,9.883861127568974e-07,0,11,1.0,0.9999791841119858,0.0,1.4149221347486966e-05,1.0,0.5363217403203392,0.0,6.666666666666667e-06,0.0,0.2005953564504219
9d 2d Kc Tc 4c,2s 3c,0,1,5,0.001244444970306037,0.0016543427096275768,0.001251543127080135,0.0016536257775898611,0,11,1.0,0.9999791841119858,0.0,1.4149221347486966e-05,0.0,0.5363217403203392,0.0,6.666666666666667e-06,0.0,0.2005953564504219
9d 2d Kc Tc 4c,2s 3d,0,1,5,0.00020740749505100613,0.0016543427096275768,0.00020978986222296853,0.0016624241602613988,0,11,1.0,0.9999791841119858,0.0,1.4149221347486966e-05,0.0,0.5363217403203392,0.0,6.666666666666667e-06,0.0,0.2005953564504219
9d 2d Kc Tc 4c,2s 3h,0,1,5,0.001244444970306037,0.0016543427096275768,0.0012544018009968297,0.0016514920227911631,0,11,1.0,0.9999791841119858,0.0,1.4149221347486966e-05,0.0,0.5363217403203392,0.0,6.666666666666667e-06,0.0,0.2005953564504219
9d 2d Kc Tc 4c,2s 3s,0,1,5,0.001244444970306037,9.99230592443818e-07,0.0012521611841471191,9.975087645058527e-07,0,11,1.0,0.9999791841119858,0.0,1.4149221347486966e-05,0.0,0.5363217403203392,0.0,6.666666666666667e-06,0.0,0.2005953564504219
9d 2d Kc Tc 4c,2s 4d,0,1,5,9.998460237123483e-07,9.99230592443818e-07,9.85270603048868e-07,1.0070361386551017e-06,1,1,0.0,6.666666666666667e-06,1.0,0.9998450831764386,1.0,0.99999,0.0,0.0001482501568947111,1.0,0.99999
9d 2d Kc Tc 4c,2s 4h,0,1,5,9.998460237123483e-07,9.99230592443818e-07,9.925614428972782e-07,1.0011691965869988e-06,1,1,0.0,6.666666666666667e-06,1.0,0.9998450831764386,1.0,0.99999,0.0,0.0001482501568947111,1.0,0.99999
9d 2d Kc Tc 4c,2s 4s,0,1,5,0.001244444970306037,9.99230592443818e-07,0.001235378314299902,1.0025222693743267e-06,1,1,0.0,6.666666666666667e-06,1.0,0.9998450831764386,1.0,0.99999,0.0,0.0001482501568947111,1.0,0.99999
9d 2d Kc Tc 4c,2s 5c,0,1,5,0.00020740749505100613,9.99230592443818e-07,0.0002118532884202987,9.90514876309378e-07,0,11,1.0,0.9999791841119858,0.0,1.4149221347486966e-05,0.0,0.5363217403203392,0.0,6.666666666666667e-06,0.0,0.2005953564504219
9d 2d Kc Tc 4c,2s 5d,0,1,5,0.001244444970306037,9.99230592443818e-07,0.001261596770516566,9.95781283190977e-07,0,11,1.0,0.9999791841119858,0.0,1.4149221347486966e-05,0.0,0.5363217403203392,0.0,6.666666666666667e-06,0.0,0.2005953564504219
9d 2d Kc Tc 4c,2s 5h,0,1,5,0.001244444970306037,9.99230592443818e-07,0.0012651725205785707,9.846091446296925e-07,0,11,1.0,0.9999791841119858,0.0,1.4149221347486966e-05,0.0,0.5363217403203392,0.0,6.666666666666667e-06,0.0,0.2005953564504219
9d 2d Kc Tc 4c,2s 5s,0,1,5,0.001244444970306037,9.99230592443818e-07,0.0012651725205785709,9.846091446296925e-07,0,11,1.0,0.9999791841119858,0.0,1.4149221347486966e-05,0.0,0.5363217403203392,0.0,6.666666666666667e-06,0.0,0.2005953564504219
9d 2d Kc Tc 4c,2s 6c,0,1,5,0.001244444970306037,9.99230592443818e-07,0.001232390638181642,9.928870317820116e-07,0,11,1.0,0.9999791841119858,0.0,1.4149221347486966e-05,1.0,0.5363217403203392,0.0,6.666666666666667e-06,1.0,0.2005953564504219
9d 2d Kc Tc 4c,2s 6d,0,1,5,0.00020740749505100613,9.99230592443818e-07,0.0002043041816328669,9.935676202427319e-07,0,11,1.0,0.9999791841119858,0.0,1.4149221347486966e-05,1.0,0.5363217403203392,0.0,6.666666666666667e-06,0.0,0.2005953564504219
9d 2d Kc Tc 4c,2s 6h,0,1,5,0.001244444970306037,9.99230592443818e-07,0.0012258250897972018,9.930225327835392e-07,0,11,1.0,0.9999791841119858,0.0,1.4149221347486966e-05,1.0,0.5363217403203392,0.0,6.666666666666667e-06,0.0,0.2005953564504219
9d 2d Kc Tc 4c,2s 6s,0,1,5,0.001244444970306037,9.99230592443818e-07,0.0012258250897972018,9.930225327835392e-07,0,11,1.0,0.9999791841119858,0.0,1.4149221347486966e-05,1.0,0.5363217403203392,0.0,6.666666666666667e-06,0.0,0.2005953564504219
9d 2d Kc Tc 4c,2s 7c,0,1,5,0.0031111124257650925,9.99230592443818e-07,0.0031677027599175166,9.862136875160186e-07,0,11,1.0,0.9999791841119858,0.0,1.4149221347486966e-05,0.0,0.5363217403203392,0.0,6.666666666666667e-06,0.0,0.2005953564504219
9d 2d Kc Tc 4c,2s 7d,0,1,5,0.0031111124257650925,9.99230592443818e-07,0.0031782222685371297,9.927483180126616e-07,0,11,1.0,0.9999791841119858,0.0,1.4149221347486966e-05,1.0,0.5363217403203392,0.0,6.666666666666667e-06,0.0,0.2005953564504219
9d 2d Kc Tc 4c,2s 7h,0,1,5,0.0031111124257650925,9.99230592443818e-07,0.0031842876000601344,9.929395530428644e-07,0,11,1.0,0.9999791841119858,0.0,1.4149221347486966e-05,0.0,0.5363217403203392,0.0,6.666666666666667e-06,0.0,0.2005953564504219
9d 2d Kc Tc 4c,2s 7s,0,1,5,0.00020740749505100613,9.99230592443818e-07,0.00021228584000400891,9.897798445463218e-07,0,11,1.0,0.9999791841119858,0.0,1.4149221347486966e-05,0.0,0.5363217403203392,0.0,6.666666666666667e-06,0.0,0.2005953564504219
9d 2d Kc Tc 4c,2s 8c,0,1,5,0.001244444970306037,9.99230592443818e-07,0.0012767687369690402,9.877663224825933e-07,0,11,1.0,0.9999791841119858,0.0,1.4149221347486966e-05,1.0,0.5363217403203392,0.0,6.666666666666667e-06,0.0,0.2005953564504219
9d 2d Kc Tc 4c,2s 8d,0,1,5,0.001244444970306037,9.99230592443818e-07,0.0012679103606577581,9.761924568267093e-07,0,6,1.0,0.9999791841119858,0.0,1.4149221347486966e-05,1.0,0.9985282232013408,0.0,6.666666666666667e-06,0.0,0.9923454624934344
9d 2d Kc Tc 4c,2s 8h,0,1,5,0.001244444970306037,9.99230592443818e-07,0.0012679103606577583,9.748689320401177e-07,0,6,1.0,0.9999791841119858,0.0,1.4149221347486966e-05,1.0,0.9985282232013408,0.0,6.666666666666667e-06,0.0,0.9923454624934344
9d 2d Kc Tc 4c,2s 8s,0,1,5,0.001244444970306037,9.99230592443818e-07,0.0012679103606577581,9.748689320401177e-07,0,6,1.0,0.9999791841119858,0.0,1.4149221347486966e-05,1.0,0.9985282232013408,0.0,6.666666666666667e-06,0.0,0.9923454624934344
9d 2d Kc Tc 4c,2s 9c,0,1,5,0.0015807594746753359,9.99230592443818e-07,0.001549556167981532,9.988495284830626e-07,10,1,0.0,6.666666666666667e-06,1.0,0.9989392906548963,1.0,0.99999,0.0,0.0010540426784370587,1.0,0.99999
9d 2d Kc Tc 4c,2s 9h,0,1,5,0.0015807594746753359,9.99230592443818e-07,0.0015718966766439097,1.0018887923541698e-06,1,1,0.0,6.666666666666667e-06,1.0,0.9998450831764386,1.0,0.99999,0.0,0.0001482501568947111,1.0,0.99999
9d 2d Kc Tc 4c,2s 9s,0,1,5,9.998460237123483e-07,9.99230592443818e-07,9.942402161795436e-07,1.0001697540771238e-06,1,1,0.0,6.666666666666667e-06,1.0,0.9998450831764386,1.0,0.99999,0.0,0.0001482501568947111,1.0,0.99999
9d 2d Kc Tc 4c,2s Td,0,1,5,0.00020740749505100613,9.99230592443818e-07,0.00020960414756808704,9.934968456281425e-07,10,1,0.0,6.666666666666667e-06,1.0,0.9989392906548963,1.0,0.99999,0.0,0.0010540426784370587,1.0,0.99999
9d 2d Kc Tc 4c,2s Th,0,1,5,0.00020740749505100613,9.99230592443818e-07,0.00020960414756808704,1.0006748422834172e-06,10,1,0.0,6.666666666666667e-06,1.0,0.9989392906548963,1.0,0.99999,0.0,0.0010540426784370587,1.0,0.99999
9d 2d Kc Tc 4c,2s Ts,0,1,5,9.998460237123483e-07,9.99230592443818e-07,1.0104353916816253e-06,1.000450236816283e-06,10,1,0.0,6.666666666666667e-06,1.0,0.9989392906548963,1.0,0.99999,0.0,0.0010540426784370587,1.0,0.99999
9d 2d Kc Tc 4c,2s Jc,0,1,5,0.001244444970306037,0.00596624041874077,0.0012523796772449395,0.005941107108650301,0,11,1.0,0.9999791841119858,0.0,1.4149221347486966e-05,1.0,0.5363217403203392,0.0,6.666666666666667e-06,1.0,0.2005953564504219
9d 2d Kc Tc 4c,2s Jd,0,1,5,0.00020740749505100613,0.00596624041874077,0.0002086644263016301,0.005977228891588408,0,11,1.0,0.9999791841119858,0.0,1.4149221347486966e-05,1.0,0.5363217403203392,0.0,6.666666666666667e-06,0.8456183357528347,0.2005953564504219
9d 2d Kc Tc 4c,2s Jh,0,1,5,0.001244444970306037,0.00596624041874077,0.001260070673474938,0.006034919965444906,0,11,1.0,0.9999791841119858,0.0,1.4149221347486966e-05,1.0,0.5363217403203392,0.0,6.666666666666667e-06,0.5503766862622193,0.2005953564504219
9d 2d Kc Tc 4c,2s Js,0,1,5,0.00020740749505100613,9.99230592443818e-07,0.00020866442630163013,1.0096046291002322e-06,0,11,1.0,0.9999791841119858,0.0,1.4149221347486966e-05,1.0,0.5363217403203392,0.0,6.666666666666667e-06,1.0,0.2005953564504219
9d 2d Kc Tc 4c,2s Qc,0,1,5,0.0006396883486686137,0.005174831616617014,0.0006462103124598682,0.005191526131008821,0,11,1.0,0.9999791841119858,0.0,1.4149221347486966e-05,1.0,0.5363217403203392,0.0,6.666666666666667e-06,1.0,0.2005953564504219
9d 2d Kc Tc 4c,2s Qd,0,1,5,0.0006396883486686137,0.005174831616617014,0.0006452321381511094,0.005151282789289844,0,11,1.0,0.9999791841119858,0.0,1.4149221347486966e-05,1.0,0.5363217403203392,0.0,6.666666666666667e-06,1.0,0.2005953564504219
9d 2d Kc Tc 4c,2s Qh,0,1,5,0.0006396883486686137,0.005174831616617014,0.0006482260673158994,0.00512443784927608,0,11,1.0,0.9999791841119858,0.0,1.4149221347486966e-05,1.0,0.5363217403203392,0.0,6.666666666666667e-06,1.0,0.2005953564504219
9d 2d Kc Tc 4c,2s Qs,0,1,5,0.00020740749505100613,9.99230592443818e-07,0.00020900709819341617,9.890294495438385e-07,0,11,1.0,0.9999791841119858,0.0,1.4149221347486966e-05,1.0,0.5363217403203392,0.0,6.666666666666667e-06,1.0,0.2005953564504219
9d 2d Kc Tc 4c,2s Kd,0,1,5,0.001244444970306037,9.99230592443818e-07,0.0012026830439001279,1.0083760263785268e-06,10,1,0.0,6.666666666666667e-06,0.0,0.9989392906548963,1.0,0.99999,1.0,0.0010540426784370587,1.0,0.99999
9d 2d Kc Tc 4c,2s Kh,0,1,5,0.00020740749505100613,9.99230592443818e-07,0.00020186600851636433,1.0150758923190746e-06,10,1,0.0,6.666666666666667e-06,0.0,0.9989392906548963,1.0,0.99999,1.0,0.0010540426784370587,1.0,0.99999
9d 2d Kc Tc 4c,2s Ks,0,1,5,0.00020740749505100613,9.99230592443818e-07,0.00020186600851636433,1.0150758923190746e-06,10,1,0.0,6.666666666666667e-06,0.0,0.9989392906548963,1.0,0.99999,1.0,0.0010540426784370587,1.0,0.99999
9d 2d Kc Tc 4c,2s Ac,0,1,5,0.001244444970306037,9.99230592443818e-07,0.0012090079580945475,9.938765547505692e-07,0,11,1.0,0.9999791841119858,0.0,1.4149221347486966e-05,1.0,0.5363217403203392,0.0,6.666666666666667e-06,1.0,0.2005953564504219
9d 2d Kc Tc 4c,2s Ad,0,1,5,0.00020740749505100613,9.99230592443818e-07,0.00020354261773462351,9.735922737385252e-07,0,11,1.0,0.9999791841119858,0.0,1.4149221347486966e-05,1.0,0.5363217403203392,0.0,6.666666666666667e-06,0.0,0.2005953564504219
9d 2d Kc Tc 4c,2s Ah,0,1,5,0.001244444970306037,9.99230592443818e-07,0.0012078237266878755,9.883861127568974e-07,0,11,1.0,0.9999791841119858,0.0,1.4149221347486966e-05,1.0,0.5363217403203392,0.0,6.666666666666667e-06,0.0,0.2005953564504219
9d 2d Kc Tc 4c,2s As,0,1,5,0.001244444970306037,9.99230592443818e-07,0.0012078237266878755,9.883861127568974e-07,0,11,1.0,0.9999791841119858,0.0,1.4149221347486966e-05,1.0,0.5363217403203392,0.0,6.666666666666667e-06,0.0,0.2005953564504219
9d 2d Kc Tc 4c,3c 3d,0,1,5,0.001244444970306037,0.00442426106600632,0.0012607331964468507,0.004475916456952274,0,11,1.0,0.9999791841119858,0.0,1.4149221347486966e-05,0.0,0.5363217403203392,0.0,6.666666666666667e-06,0.0,0.2005953564504219
9d 2d Kc Tc 4c,3c 3h,0,1,5,0.001244444970306037,0.00442426106600632,0.0012563958241058693,0.004441683817371458,0,11,1.0,0.9999791841119858,0.0,1.4149221347486966e-05,0.0,0.5363217403203392,0.0,6.666666666666667e-06,0.0,0.2005953564504219
9d 2d Kc Tc 4c,3c 3s,0,1,5,0.001244444970306037,0.00442426106600632,0.0012563958241058693,0.004441683817371458,0,11,1.0,0.9999791841119858,0.0,1.4149221347486966e-05,0.0,0.5363217403203392,0.0,6.666666666666667e-06,0.0,0.2005953564504219
9d 2d Kc Tc 4c,3c 4d,0,1,5,0.001244444970306037,9.99230592443818e-07,0.0012245440881625972,1.0140460120026972e-06,9,10,1.0,0.999959181166064,0.0,2.950520975346381e-05,0.0,0.4927083286566785,0.0,1.1313624182516413e-05,0.0,0.001875452330007434
9d 2d Kc Tc 4c,3c 4h,0,1,5,0.001244444970306037,9.99230592443818e-07,0.0012336185343908008,1.0081790699345945e-06,9,10,1.0,0.999959181166064,0.0,2.950520975346381e-05,0.0,0.4927083286566785,0.0,1.1313624182516413e-05,0.0,0.001875452330007434
9d 2d Kc Tc 4c,3c 4s,0,1,5,0.001244444970306037,9.99230592443818e-07,0.0012336185343908008,1.0081790699345945e-06,9,10,1.0,0.999959181166064,0.0,2.950520975346381e-05,0.0,0.4927083286566785,0.0,1.1313624182516413e-05,0.0,0.001875452330007434
9d 2d Kc Tc 4c,3c 5c,0,1,5,9.998460237123483e-07,9.99230592443818e-07,1.0198638988172262e-06,9.959470714025118e-07,5,1,0.0,6.666666666666667e-06,0.0,2.0306094220789084e-05,1.0,0.99999,1.0,0.9999730272391125,1.0,0.99999
9d 2d Kc Tc 4c,3c 5d,0,1,5,0.00020740749505100613,0.001189198160263374,0.0002102412069902393,0.0011904823216473375,13,2,0.0,0.000798520835462781,0.0,0.5417387595508685,0.0,1e-05,1.0,0.4574627196136688,0.0,1e-05
9d 2d Kc Tc 4c,3c 5h,0,1,5,0.001244444970306037,0.001189198160263374,0.0012650229920034407,0.0011785292094703133,13,2,0.0,0.000798520835462781,0.0,0.5417387595508685,0.0,1e-05,1.0,0.4574627196136688,0.0,1e-05
9d 2d Kc Tc 4c,3c 5s,0,1,5,0.001244444970306037,0.001189198160263374,0.001265022992003441,0.0011785292094703133,13,2,0.0,0.000798520835462781,0.0,0.5417387595508685,0.0,1e-05,1.0,0.4574627196136688,0.0,1e-05
9d 2d Kc Tc 4c,3c 6c,0,1,5,0.001244444970306037,0.008353624054934608,0.001241950364568749,0.008347882701789875,5,1,0.0,6.666666666666667e-06,0.0,2.0306094220789084e-05,1.0,0.99999,1.0,0.9999730272391125,1.0,0.99999
9d 2d Kc Tc 4c,3c 6d,0,1,5,0.001244444970306037,9.99230592443818e-07,0.0012240653098881007,1.0003528881231933e-06,6,2,0.0,0.3389846193045488,1.0,0.023199342491799786,0.0,1e-05,0.0,0.6378160382036514,0.0,1e-05
9d 2d Kc Tc 4c,3c 6h,0,1,5,0.001244444970306037,9.99230592443818e-07,0.0012240653098881007,9.98679333343807e-07,6,2,0.0,0.3389846193045488,0.0,0.023199342491799786,0.0,1e-05,1.0,0.6378160382036514,0.0,1e-05
9d 2d Kc Tc 4c,3c 6s,0,1,5,0.001244444970306037,9.99230592443818e-07,0.0012240653098881007,9.98679333343807e-07,6,2,0.0,0.3389846193045488,0.2057161063105154,0.023199342491799786,0.0,1e-05,0.7942838936894846,0.6378160382036514,0.0,1e-05
9d 2d Kc Tc 4c,3c 7c,0,1,5,0.001244444970306037,9.99230592443818e-07,0.0012653213240579055,9.898392468999375e-07,5,1,0.0,6.666666666666667e-06,0.0,2.0306094220789084e-05,1.0,0.99999,1.0,0.9999730272391125,1.0,0.99999
9d 2d Kc Tc 4c,3c 7d,0,1,5,0.001244444970306037,9.99230592443818e-07,0.001269529127505751,9.963738773965807e-07,12,2,0.0,0.006160151193282386,1.0,0.48986146897349386,0.0,1e-05,0.0,0.5039783798332238,0.0,1e-05
9d 2d Kc Tc 4c,3c 7h,0,1,5,0.001244444970306037,9.99230592443818e-07,0.0012719552601149525,9.965651124267835e-07,12,2,0.0,0.006160151193282386,1.0,0.48986146897349386,0.0,1e-05,0.0,0.5039783798332238,0.0,1e-05
9d 2d Kc Tc 4c,3c 7s,0,1,5,0.001244444970306037,9.99230592443818e-07,0.0012719552601149525,9.965651124267835e-07,12,2,0.0,0.006160151193282386,0.7979479770823101,0.48986146897349386,0.0,1e-05,0.20205202291768992,0.5039783798332238,0.0,1e-05
9d 2d Kc Tc 4c,3c 8c,0,1,5,0.001244444970306037,9.99230592443818e-07,0.0012750089570599391,9.93423123042861e-07,5,1,0.0,6.666666666666667e-06,0.0,2.0306094220789084e-05,1.0,0.99999,1.0,0.9999730272391125,1.0,0.99999
9d 2d Kc Tc 4c,3c 8d,0,1,5,0.0001184137925232316,9.99230592443818e-07,0.00012047916601331884,9.80623950282878e-07,2,7,0.0,0.9954643098606948,1.0,0.004210212023580433,0.0,3.103722716992478e-05,0.0,0.00032547811572475907,0.0,1e-05
9d 2d Kc Tc 4c,3c 8h,0,1,5,0.0007104827551393896,9.99230592443818e-07,0.0007228749960799131,9.799446938969526e-07,2,7,0.0,0.9954643098606948,0.0,0.004210212023580433,0.0,3.103722716992478e-05,1.0,0.00032547811572475907,0.0,1e-05
9d 2d Kc Tc 4c,3c 8s,0,1,5,0.0007104827551393896,9.99230592443818e-07,0.0007228749960799131,9.799446938969526e-07,2,7,0.0,0.9954643098606948,0.0,0.004210212023580433,0.0,3.103722716992478e-05,1.0,0.00032547811572475907,0.0,1e-05
9d 2d Kc Tc 4c,3c 9c,0,1,5,9.998460237123483e-07,0.0048548748653306,9.839808007063777e-07,0.004872155486460324,5,1,0.0,6.666666666666667e-06,0.0,2.0306094220789084e-05,1.0,0.99999,1.0,0.9999730272391125,1.0,0.99999
9d 2d Kc Tc 4c,3c 9h,0,1,5,0.0009090997993604099,9.99230592443818e-07,0.0009027172105027587,1.006814716729179e-06,3,14,1.0,0.9999585294884566,0.0,2.8646578643993225e-05,0.0,0.009610196806144979,0.0,1.282393289933712e-05,0.0,0.00252881274002614
9d 2d Kc Tc 4c,3c 9s,0,1,5,0.0009090997993604099,9.99230592443818e-07,0.0009027172105027587,1.006814716729179e-06,3,14,1.0,0.9999585294884566,0.0,2.8646578643993225e-05,0.0,0.009610196806144979,0.0,1.282393289933712e-05,0.0,0.00252881274002614
9d 2d Kc Tc 4c,3c Td,0,1,5,0.001244444970306037,9.99230592443818e-07,0.0012558651054994214,1.000282113508604e-06,8,5,1.0,0.9998327155272967,0.0,0.0001460205384420505,0.0,0.99999,0.0,2.1263934261221164e-05,0.0,0.9988998402932956
9d 2d Kc Tc 4c,3c Th,0,1,5,0.001244444970306037,9.99230592443818e-07,0.0012558651054994214,1.0074601101638789e-06,8,5,1.0,0.9998327155272967,0.0,0.0001460205384420505,0.0,0.99999,0.0,2.1263934261221164e-05,0.0,0.9988998402932956
9d 2d Kc Tc 4c,3c Ts,0,1,5,0.001244444970306037,9.99230592443818e-07,0.0012558651054994214,1.0074601101638789e-06,8,5,1.0,0.9998327155272967,0.0,0.0001460205384420505,0.0,0.99999,0.0,2.1263934261221164e-05,0.0,0.9988998402932956
9d 2d Kc Tc 4c,3c Jc,0,1,5,0.001244444970306037,9.99230592443818e-07,0.0012425357816706812,1.0006780466537673e-06,5,1,0.0,6.666666666666667e-06,0.0,2.0306094220789084e-05,1.0,0.99999,1.0,0.9999730272391125,1.0,0.99999
9d 2d Kc Tc 4c,3c Jd,0,1,5,9.998460237123483e-07,9.99230592443818e-07,9.979962403755256e-07,1.0065031455284148e-06,8,4,0.0,0.9998327155272967,0.0,0.0001460205384420505,0.0,3.592531340698405e-05,1.0,2.1263934261221164e-05,0.0,1.2483206694729829e-05
9d 2d Kc Tc 4c,3c Jh,0,1,5,9.998460237123483e-07,9.99230592443818e-07,1.0044914017493954e-06,1.015036824193366e-06,8,4,0.0,0.9998327155272967,0.0,0.0001460205384420505,0.0,3.592531340698405e-05,1.0,2.1263934261221164e-05,0.0,1.2483206694729829e-05
9d 2d Kc Tc 4c,3c Js,0,1,5,9.998460237123483e-07,9.99230592443818e-07,1.0044914017493954e-06,1.015036824193366e-06,8,4,0.0,0.9998327155272967,0.0,0.0001460205384420505,0.0,3.592531340698405e-05,1.0,2.1263934261221164e-05,0.0,1.2483206694729829e-05
9d 2d Kc Tc 4c,3c Qc,0,1,5,0.00020740749505100619,9.99230592443818e-07,0.00020806022911683259,1.0076406162493886e-06,5,1,0.0,6.666666666666667e-06,0.0,2.0306094220789084e-05,1.0,0.99999,1.0,0.9999730272391125,1.0,0.99999
9d 2d Kc Tc 4c,3c Qd,0,1,5,0.0010331864077076642,9.99230592443818e-07,0.001034858069595821,1.0007684388044897e-06,3,9,1.0,0.9999585294884566,0.0,2.8646578643993225e-05,0.0,6.51757959137998e-05,0.0,1.282393289933712e-05,0.0,0.3819288804739562
9d 2d Kc Tc 4c,3c Qh,0,1,5,0.0010331864077076642,9.99230592443818e-07,0.0010396936851344478,9.955848333654382e-07,3,9,1.0,0.9999585294884566,0.0,2.8646578643993225e-05,0.0,6.51757959137998e-05,0.0,1.282393289933712e-05,0.0,0.3819288804739562
9d 2d Kc Tc 4c,3c Qs,0,1,5,0.0010331864077076642,9.99230592443818e-07,0.0010396936851344478,9.955848333654382e-07,3,9,1.0,0.9999585294884566,0.0,2.8646578643993225e-05,0.0,6.51757959137998e-05,0.0,1.282393289933712e-05,0.0,0.3819288804739562
9d 2d Kc Tc 4c,3c Kd,0,1,5,5.652521860832142e-05,0.0021104048969229072,5.467822107091581e-05,0.0021389375390996443,14,12,0.0,6.666666666666667e-06,0.0,0.9999112214706337,1.0,0.99999,1.0,8.211186269956467e-05,0.0,0.99999
9d 2d Kc Tc 4c,3c Kh,0,1,5,0.00033915131164992857,0.0021104048969229072,0.00033038939491080273,0.002156120754508303,14,12,0.0,6.666666666666667e-06,1.0,0.9999112214706337,1.0,0.99999,0.0,8.211186269956467e-05,0.0,0.99999
9d 2d Kc Tc 4c,3c Ks,0,1,5,0.00033915131164992857,0.0021104048969229072,0.00033038939491080273,0.0021561207545083036,14,12,0.0,6.666666666666667e-06,1.0,0.9999112214706337,1.0,0.99999,0.0,8.211186269956467e-05,0.0,0.99999
9d 2d Kc Tc 4c,3c Ac,0,1,5,0.001244444970306037,9.99230592443818e-07,0.0012072481781854464,9.995333553108368e-07,5,1,0.0,6.666666666666667e-06,0.0,2.0306094220789084e-05,1.0,0.99999,1.0,0.9999730272391125,1.0,0.99999
9d 2d Kc Tc 4c,3c Ad,0,1,5,0.0010501901456728994,9.99230592443818e-07,0.001029135586752511,9.801661604233998e-07,9,0,1.0,0.999959181166064,0.0,2.950520975346381e-05,0.0,0.4151606231392745,0.0,1.1313624182516413e-05,0.0,0.0003226866067773865
9d 2d Kc Tc 4c,3c Ah,0,1,5,0.00017503169094548323,9.99230592443818e-07,0.00016963338438433164,9.928792157977066e-07,9,0,1.0,0.999959181166064,0.0,2.950520975346381e-05,0.0,0.4151606231392745,0.0,1.1313624182516413e-05,0.0,0.0003226866067773865
9d 2d Kc Tc 4c,3c As,0,1,5,0.00017503169094548323,9.99230592443818e-07,0.00016963338438433164,9.928792157977063e-07,9,0,1.0,0.999959181166064,0.0,2.950520975346381e-05,0.0,0.4151606231392745,0.0,1.1313624182516413e-05,0.0,0.0003226866067773865
9d 2d Kc Tc 4c,3d 3h,0,1,5,0.001244444970306037,0.00442426106600632,0.0012635918703635457,0.00447021008896374,0,11,1.0,0.9999791841119858,0.0,1.4149221347486966e-05,0.0,0.5363217403203392,0.0,6.666666666666667e-06,0.0,0.2005953564504219
9d 2d Kc Tc 4c,3d 3s,0,1,5,0.001244444970306037,0.00442426106600632,0.0012635918703635457,0.00447021008896374,0,11,1.0,0.9999791841119858,0.0,1.4149221347486966e-05,0.0,0.5363217403203392,0.0,6.666666666666667e-06,0.0,0.2005953564504219
9d 2d Kc Tc 4c,3d 4d,0,1,5,9.998460237123483e-07,9.99230592443818e-07,9.896383568846423e-07,1.0191356700664892e-06,9,3,1.0,0.999959181166064,0.0,2.950520975346381e-05,0.0,0.8958594524733711,0.0,1.1313624182516413e-05,0.0,0.19432486563427995
9d 2d Kc Tc 4c,3d 4h,0,1,5,0.001244444970306037,9.99230592443818e-07,0.001240814580648477,1.0146218007857142e-06,9,3,1.0,0.999959181166064,0.0,2.950520975346381e-05,0.0,0.8958594524733711,0.0,1.1313624182516413e-05,0.0,0.19432486563427995
9d 2d Kc Tc 4c,3d 4s,0,1,5,0.001244444970306037,9.99230592443818e-07,0.001240814580648477,1.0146218007857142e-06,9,3,1.0,0.999959181166064,0.0,2.950520975346381e-05,0.0,0.8958594524733711,0.0,1.1313624182516413e-05,0.0,0.19432486563427995
9d 2d Kc Tc 4c,3d 5c,0,1,5,0.001244444970306037,0.001189198160263374,0.0012781662482043389,0.0011945682902450626,13,2,0.0,0.000798520835462781,0.16167416656125522,0.5417387595508685,0.0,1e-05,0.8383258334387448,0.4574627196136688,0.0,1e-05
9d 2d Kc Tc 4c,3d 5d,0,1,5,9.998460237123483e-07,9.99230592443818e-07,1.0179943461141947e-06,1.0065277418150367e-06,13,2,0.0,0.000798520835462781,1.0,0.5417387595508685,0.0,1e-05,0.0,0.4574627196136688,0.0,1e-05
9d 2d Kc Tc 4c,3d 5h,0,1,5,0.001244444970306037,0.001189198160263374,0.0012722190382611171,0.001186196792641967,13,2,0.0,0.000798520835462781,1.0,0.5417387595508685,0.0,1e-05,0.0,0.4574627196136688,0.0,1e-05
9d 2d Kc Tc 4c,3d 5s,0,1,5,0.001244444970306037,0.001189198160263374,0.0012722190382611171,0.001186196792641967,13,2,0.0,0.000798520835462781,1.0,0.5417387595508685,0.0,1e-05,0.0,0.4574627196136688,0.0,1e-05
9d 2d Kc Tc 4c,3d 6c,0,1,5,0.001244444970306037,9.99230592443818e-07,0.0012378269045302173,1.0049865631933994e-06,6,2,0.0,0.3389846193045488,0.11789836373405305,0.023199342491799786,0.0,1e-05,0.882101636265947,0.6378160382036514,0.0,1e-05
9d 2d Kc Tc 4c,3d 6d,0,1,5,0.001244444970306037,0.008353624054934608,0.0012425808624419853,0.008416868102984374,6,2,1.0,0.3389846193045488,0.0,0.023199342491799786,0.0,1e-05,0.0,0.6378160382036514,0.0,1e-05
9d 2d Kc Tc 4c,3d 6h,0,1,5,0.00020740749505100613,9.99230592443818e-07,0.00020521022602429612,1.0039935968747331e-06,6,2,0.0,0.3389846193045488,1.0,0.023199342491799786,0.0,1e-05,0.0,0.6378160382036514,0.0,1e-05
9d 2d Kc Tc 4c,3d 6s,0,1,5,0.00020740749505100613,9.99230592443818e-07,0.00020521022602429612,1.0039935968747331e-06,6,2,0.7647992279954493,0.3389846193045488,0.2352007720045507,0.023199342491799786,0.0,1e-05,0.0,0.6378160382036514,0.0,1e-05
9d 2d Kc Tc 4c,3d 7c,0,1,5,0.001244444970306037,9.99230592443818e-07,0.001272517370315582,9.962819777510576e-07,12,2,0.0,0.006160151193282386,0.0,0.48986146897349386,0.0,1e-05,1.0,0.5039783798332238,0.0,1e-05
9d 2d Kc Tc 4c,3d 7d,0,1,5,0.001244444970306037,9.99230592443818e-07,0.0012767251737634273,1.0028166082477007e-06,12,2,1.0,0.006160151193282386,0.0,0.48986146897349386,0.0,1e-05,0.0,0.5039783798332238,0.0,1e-05
9d 2d Kc Tc 4c,3d 7h,0,1,5,0.00020740749505100613,9.99230592443818e-07,0.00021319188439543812,1.0018793759577094e-06,12,2,1.0,0.006160151193282386,0.0,0.48986146897349386,0.0,1e-05,0.0,0.5039783798332238,0.0,1e-05
9d 2d Kc Tc 4c,3d 7s,0,1,5,0.00020740749505100613,9.99230592443818e-07,0.00021319188439543812,1.0018793759577094e-06,12,2,1.0,0.006160151193282386,0.0,0.48986146897349386,0.0,1e-05,0.0,0.5039783798332238,0.0,1e-05
9d 2d Kc Tc 4c,3d 8c,0,1,5,0.0001184137925232316,9.99230592443818e-07,0.00012200680693639914,9.986405467898817e-07,12,7,0.0,0.006160151193282386,1.0,0.48986146897349386,0.0,3.103722716992478e-05,0.0,0.5039783798332238,0.0,1e-05
9d 2d Kc Tc 4c,3d 8d,0,1,5,0.001244444970306037,9.99230592443818e-07,0.0012733466270063334,9.882919882380977e-07,2,7,1.0,0.9954643098606948,0.0,0.004210212023580433,0.0,3.103722716992478e-05,0.0,0.00032547811572475907,0.0,1e-05
9d 2d Kc Tc 4c,3d 8h,0,1,5,0.0007104827551393896,9.99230592443818e-07,0.0007269833872850357,9.86387424748073e-07,2,7,1.0,0.9954643098606948,0.0,0.004210212023580433,0.0,3.103722716992478e-05,0.0,0.00032547811572475907,0.0,1e-05
9d 2d Kc Tc 4c,3d 8s,0,1,5,0.0007104827551393896,9.99230592443818e-07,0.0007269833872850357,9.86387424748073e-07,2,7,1.0,0.9954643098606948,0.0,0.004210212023580433,0.0,3.103722716992478e-05,0.0,0.00032547811572475907,0.0,1e-05
9d 2d Kc Tc 4c,3d 9c,0,1,5,0.0009090997993604099,9.99230592443818e-07,0.0008951260141080237,1.0102181837091915e-06,3,14,1.0,0.9999585294884566,0.0,2.8646578643993225e-05,0.0,0.009610196806144979,0.0,1.282393289933712e-05,1.0,0.00252881274002614
9d 2d Kc Tc 4c,3d 9h,0,1,5,0.0009090997993604099,9.99230592443818e-07,0.0009079741116636296,1.013257447580299e-06,3,14,1.0,0.9999585294884566,0.0,2.8646578643993225e-05,0.0,0.009610196806144979,0.0,1.282393289933712e-05,0.0,0.00252881274002614
9d 2d Kc Tc 4c,3d 9s,0,1,5,0.0009090997993604099,9.99230592443818e-07,0.0009079741116636296,1.013257447580299e-06,3,14,1.0,0.9999585294884566,0.0,2.8646578643993225e-05,0.0,0.009610196806144979,0.0,1.282393289933712e-05,0.0,0.00252881274002614
9d 2d Kc Tc 4c,3d Td,0,1,5,0.001244444970306037,9.99230592443818e-07,0.0012630611517570978,1.0067248443597243e-06,11,5,1.0,0.999915129897472,0.0,5.728078616758273e-05,0.0,0.99999,0.0,2.7589316360402657e-05,0.0,0.9988998402932956
9d 2d Kc Tc 4c,3d Th,0,1,5,0.001244444970306037,9.99230592443818e-07,0.0012630611517570978,1.0139028410149988e-06,11,5,1.0,0.999915129897472,0.0,5.728078616758273e-05,0.0,0.99999,0.0,2.7589316360402657e-05,0.0,0.9988998402932956
9d 2d Kc Tc 4c,3d Ts,0,1,5,0.001244444970306037,9.99230592443818e-07,0.0012630611517570978,1.0139028410149988e-06,11,5,1.0,0.999915129897472,0.0,5.728078616758273e-05,0.0,0.99999,0.0,2.7589316360402657e-05,0.0,0.9988998402932956
9d 2d Kc Tc 4c,3d Jc,0,1,5,9.998460237123483e-07,9.99230592443818e-07,1.0040937355017337e-06,1.0057677047175596e-06,15,4,0.0,0.9267781203121732,0.0,0.07258207730344662,0.0,3.592531340698405e-05,1.0,0.0006398023843801892,0.0,1.2483206694729829e-05
9d 2d Kc Tc 4c,3d Jd,0,1,5,0.001244444970306037,9.99230592443818e-07,0.001249338708493199,1.0142989491668628e-06,8,4,1.0,0.9998327155272967,0.0,0.0001460205384420505,0.0,3.592531340698405e-05,0.0,2.1263934261221164e-05,0.0,1.2483206694729829e-05
9d 2d Kc Tc 4c,3d Jh,0,1,5,9.998460237123483e-07,9.99230592443818e-07,1.0102730461040014e-06,1.0214795550444859e-06,8,4,1.0,0.9998327155272967,0.0,0.0001460205384420505,0.0,3.592531340698405e-05,0.0,2.1263934261221164e-05,0.0,1.2483206694729829e-05
9d 2d Kc Tc 4c,3d Js,0,1,5,9.998460237123483e-07,9.99230592443818e-07,1.0102730461040014e-06,1.0214795550444857e-06,8,4,1.0,0.9998327155272967,0.0,0.0001460205384420505,0.0,3.592531340698405e-05,0.0,2.1263934261221164e-05,0.0,1.2483206694729829e-05
9d 2d Kc Tc 4c,3d Qc,0,1,5,0.00017219773461794408,9.99230592443818e-07,0.00017373539909817161,1.0140450330906983e-06,3,9,1.0,0.9999585294884566,0.0,2.8646578643993225e-05,0.0,6.51757959137998e-05,0.0,1.282393289933712e-05,0.0,0.3819288804739562
9d 2d Kc Tc 4c,3d Qd,0,1,5,0.00020740749505100613,9.99230592443818e-07,0.00020894241465190482,1.0063125863942777e-06,3,9,1.0,0.9999585294884566,0.0,2.8646578643993225e-05,0.0,6.51757959137998e-05,0.0,1.282393289933712e-05,0.0,0.3819288804739562
9d 2d Kc Tc 4c,3d Qh,0,1,5,0.0010331864077076642,9.99230592443818e-07,0.001045668121417346,1.0020275642165579e-06,3,9,1.0,0.9999585294884566,0.0,2.8646578643993225e-05,0.0,6.51757959137998e-05,0.0,1.282393289933712e-05,0.0,0.3819288804739562
9d 2d Kc Tc 4c,3d Qs,0,1,5,0.0010331864077076642,9.99230592443818e-07,0.0010456681214173463,1.0020275642165579e-06,3,9,1.0,0.9999585294884566,0.0,2.8646578643993225e-05,0.0,6.51757959137998e-05,0.0,1.282393289933712e-05,0.0,0.3819288804739562
9d 2d Kc Tc 4c,3d Kd,0,1,5,0.00020740749505100613,9.99230592443818e-07,0.00020135321837478379,1.0193470904697211e-06,4,12,0.0,6.666666666666666e-06,1.0,0.9999186222033778,1.0,0.99999,0.0,7.47111299554964e-05,0.0,0.99999
9d 2d Kc Tc 4c,3d Kh,0,1,5,5.652521860832142e-05,0.0021104048969229072,5.539175819140162e-05,0.0021690784533327807,4,12,0.0,6.666666666666666e-06,1.0,0.9999186222033778,1.0,0.99999,0.0,7.47111299554964e-05,0.0,0.99999
9d 2d Kc Tc 4c,3d Ks,0,1,5,5.652521860832142e-05,0.0021104048969229072,5.5391758191401615e-05,0.0021690784533327807,4,12,0.0,6.666666666666666e-06,1.0,0.9999186222033778,1.0,0.99999,0.0,7.47111299554964e-05,0.0,0.99999
9d 2d Kc Tc 4c,3d Ac,0,1,5,0.00017503169094548323,9.99230592443818e-07,0.00017081207384443914,1.0048123886424988e-06,9,0,1.0,0.999959181166064,0.0,2.950520975346381e-05,0.0,0.4151606231392745,0.0,1.1313624182516413e-05,0.0,0.0003226866067773865
9d 2d Kc Tc 4c,3d Ad,0,1,5,0.00020740749505100613,9.99230592443818e-07,0.00020444866212605275,9.856918051499134e-07,9,0,1.0,0.999959181166064,0.0,2.950520975346381e-05,0.0,0.4151606231392745,0.0,1.1313624182516413e-05,0.0,0.0003226866067773865
9d 2d Kc Tc 4c,3d Ah,0,1,5,0.0010501901456728994,9.99230592443818e-07,0.0010238730672941755,1.0002742629726975e-06,9,0,1.0,0.999959181166064,0.0,2.950520975346381e-05,0.0,0.4151606231392745,0.0,1.1313624182516413e-05,0.0,0.0003226866067773865
9d 2d Kc Tc 4c,3d As,0,1,5,0.0010501901456728994,9.99230592443818e-07,0.0010238730672941752,1.0002742629726973e-06,9,0,1.0,0.999959181166064,0.0,2.950520975346381e-05,0.0,0.4151606231392745,0.0,1.1313624182516413e-05,0.0,0.0003226866067773865
9d 2d Kc Tc 4c,3h 3s,0,1,5,0.001244444970306037,0.00442426106600632,0.0012592544980225642,0.004435977449382924,0,11,1.0,0.9999791841119858,0.0,1.4149221347486966e-05,0.0,0.5363217403203392,0.0,6.666666666666667e-06,0.0,0.2005953564504219
9d 2d Kc Tc 4c,3h 4d,0,1,5,0.001244444970306037,9.99230592443818e-07,0.001227402762079292,1.0127572143072592e-06,9,3,1.0,0.999959181166064,0.0,2.950520975346381e-05,0.0,0.8958594524733711,0.0,1.1313624182516413e-05,0.0,0.19432486563427995
9d 2d Kc Tc 4c,3h 4h,0,1,5,9.998460237123483e-07,9.99230592443818e-07,9.934443463845282e-07,1.0055371994518289e-06,9,3,1.0,0.999959181166064,0.0,2.950520975346381e-05,0.0,0.8958594524733711,0.0,1.1313624182516413e-05,0.0,0.19432486563427995
9d 2d Kc Tc 4c,3h 4s,0,1,5,0.001244444970306037,9.99230592443818e-07,0.0012364772083074955,1.0068902722391565e-06,9,3,1.0,0.999959181166064,0.0,2.950520975346381e-05,0.0,0.8958594524733711,0.0,1.1313624182516413e-05,0.0,0.19432486563427995
9d 2d Kc Tc 4c,3h 5c,0,1,5,0.001244444970306037,0.001189198160263374,0.0012738288758633574,0.0011853668910954385,13,2,0.0,0.000798520835462781,0.0,0.5417387595508685,0.0,1e-05,1.0,0.4574627196136688,0.0,1e-05
9d 2d Kc Tc 4c,3h 5d,0,1,5,0.001244444970306037,0.001189198160263374,0.001264305915858131,0.0011902915102483306,13,2,0.0,0.000798520835462781,1.0,0.5417387595508685,0.0,1e-05,0.0,0.4574627196136688,0.0,1e-05
9d 2d Kc Tc 4c,3h 5h,0,1,5,9.998460237123483e-07,9.99230592443818e-07,1.017382422706269e-06,9.876240747071947e-07,13,2,0.0,0.000798520835462781,1.0,0.5417387595508685,0.0,1e-05,0.0,0.4574627196136688,0.0,1e-05
9d 2d Kc Tc 4c,3h 5s,0,1,5,0.001244444970306037,0.001189198160263374,0.0012678816659201357,0.0011769953934923437,13,2,0.0,0.000798520835462781,1.0,0.5417387595508685,0.0,1e-05,0.0,0.4574627196136688,0.0,1e-05
9d 2d Kc Tc 4c,3h 6c,0,1,5,0.001244444970306037,9.99230592443818e-07,0.0012334895321892358,9.972550346468417e-07,6,2,0.0,0.3389846193045488,0.0,0.023199342491799786,0.0,1e-05,1.0,0.6378160382036514,0.0,1e-05
9d 2d Kc Tc 4c,3h 6d,0,1,5,0.001244444970306037,9.99230592443818e-07,0.0012269239838047954,9.990640904277555e-07,6,2,1.0,0.3389846193045488,0.0,0.023199342491799786,0.0,1e-05,0.0,0.6378160382036514,0.0,1e-05
9d 2d Kc Tc 4c,3h 6h,0,1,5,0.001244444970306037,0.008353624054934608,0.0012382434901010036,0.008338241076445756,6,2,0.9985848762661611,0.3389846193045488,0.0014151237338389288,0.023199342491799786,0.0,1e-05,0.0,0.6378160382036514,0.0,1e-05
9d 2d Kc Tc 4c,3h 6s,0,1,5,0.001244444970306037,9.99230592443818e-07,0.0012269239838047954,9.973905356483695e-07,6,2,1.0,0.3389846193045488,0.0,0.023199342491799786,0.0,1e-05,0.0,0.6378160382036514,0.0,1e-05
9d 2d Kc Tc 4c,3h 7c,0,1,5,0.001244444970306037,9.99230592443818e-07,0.0012681799979746004,9.885504492044997e-07,12,2,0.0,0.006160151193282386,0.8504959315644502,0.48986146897349386,0.0,1e-05,0.1495040684355497,0.5039783798332238,0.0,1e-05
9d 2d Kc Tc 4c,3h 7d,0,1,5,0.00020740749505100613,9.99230592443818e-07,0.00021206463357040757,9.93956612380949e-07,12,2,1.0,0.006160151193282386,0.0,0.48986146897349386,0.0,1e-05,0.0,0.5039783798332238,0.0,1e-05
9d 2d Kc Tc 4c,3h 7h,0,1,5,0.001244444970306037,9.99230592443818e-07,0.0012748139340316477,9.952763147313455e-07,12,2,1.0,0.006160151193282386,0.0,0.48986146897349386,0.0,1e-05,0.0,0.5039783798332238,0.0,1e-05
9d 2d Kc Tc 4c,3h 7s,0,1,5,0.001244444970306037,9.99230592443818e-07,0.0012748139340316477,9.952763147313455e-07,12,2,1.0,0.006160151193282386,0.0,0.48986146897349386,0.0,1e-05,0.0,0.5039783798332238,0.0,1e-05
9d 2d Kc Tc 4c,3h 8c,0,1,5,0.0007104827551393896,9.99230592443818e-07,0.000729564534248911,9.915532866439897e-07,2,7,0.0,0.9954643098606948,0.0,0.004210212023580433,0.0,3.103722716992478e-05,1.0,0.00032547811572475907,0.0,1e-05
9d 2d Kc Tc 4c,3h 8d,0,1,5,0.0007104827551393896,9.99230592443818e-07,0.0007245070799155518,9.79979420988106e-07,2,7,1.0,0.9954643098606948,0.0,0.004210212023580433,0.0,3.103722716992478e-05,0.0,0.00032547811572475907,0.0,1e-05
9d 2d Kc Tc 4c,3h 8h,0,1,5,0.001244444970306037,9.99230592443818e-07,0.001269009254665352,9.792369349049478e-07,2,7,1.0,0.9954643098606948,0.0,0.004210212023580433,0.0,3.103722716992478e-05,0.0,0.00032547811572475907,0.0,1e-05
9d 2d Kc Tc 4c,3h 8s,0,1,5,0.0007104827551393896,9.99230592443818e-07,0.0007245070799155518,9.786558962015146e-07,2,7,1.0,0.9954643098606948,0.0,0.004210212023580433,0.0,3.103722716992478e-05,0.0,0.00032547811572475907,0.0,1e-05
9d 2d Kc Tc 4c,3h 9c,0,1,5,0.0009090997993604099,9.99230592443818e-07,0.0008919574494715592,1.0024866551626338e-06,3,14,1.0,0.9999585294884566,0.0,2.8646578643993225e-05,0.0,0.009610196806144979,0.0,1.282393289933712e-05,1.0,0.00252881274002614
9d 2d Kc Tc 4c,3h 9h,0,1,5,9.998460237123483e-07,0.0048548748653306,1.0004081877037668e-06,0.0048806603243857554,3,14,1.0,0.9999585294884566,0.0,2.8646578643993225e-05,0.0,0.009610196806144979,0.0,1.282393289933712e-05,0.0,0.00252881274002614
9d 2d Kc Tc 4c,3h 9s,0,1,5,0.0009090997993604099,9.99230592443818e-07,0.0009048055470271653,1.0055259190337412e-06,3,14,1.0,0.9999585294884566,0.0,2.8646578643993225e-05,0.0,0.009610196806144979,0.0,1.282393289933712e-05,0.0,0.00252881274002614
9d 2d Kc Tc 4c,3h Td,0,1,5,0.001244444970306037,9.99230592443818e-07,0.0012587237794161163,9.989933158131663e-07,11,5,1.0,0.999915129897472,0.0,5.728078616758273e-05,0.0,0.99999,0.0,2.7589316360402657e-05,0.0,0.9988998402932956
9d 2d Kc Tc 4c,3h Th,0,1,5,0.001244444970306037,9.99230592443818e-07,0.0012587237794161163,1.006171312468441e-06,11,5,1.0,0.999915129897472,0.0,5.728078616758273e-05,0.0,0.99999,0.0,2.7589316360402657e-05,0.0,0.9988998402932956
9d 2d Kc Tc 4c,3h Ts,0,1,5,0.001244444970306037,9.99230592443818e-07,0.0012587237794161163,1.006171312468441e-06,11,5,1.0,0.999915129897472,0.0,5.728078616758273e-05,0.0,0.99999,0.0,2.7589316360402657e-05,0.0,0.9988998402932956
9d 2d Kc Tc 4c,3h Jc,0,1,5,9.998460237123483e-07,9.99230592443818e-07,1.0006088851532096e-06,9.98036176171002e-07,15,4,0.0,0.9267781203121732,0.0,0.07258207730344662,0.0,3.592531340698405e-05,1.0,0.0006398023843801892,0.0,1.2483206694729829e-05
9d 2d Kc Tc 4c,3h Jd,0,1,5,9.998460237123483e-07,9.99230592443818e-07,1.0002930343816075e-06,1.005214347832977e-06,8,4,1.0,0.9998327155272967,0.0,0.0001460205384420505,0.0,3.592531340698405e-05,0.0,2.1263934261221164e-05,0.0,1.2483206694729829e-05
9d 2d Kc Tc 4c,3h Jh,0,1,5,0.001244444970306037,9.99230592443818e-07,0.0012530854518173744,1.015101099285256e-06,8,4,1.0,0.9998327155272967,0.0,0.0001460205384420505,0.0,3.592531340698405e-05,0.0,2.1263934261221164e-05,0.0,1.2483206694729829e-05
9d 2d Kc Tc 4c,3h Js,0,1,5,9.998460237123483e-07,9.99230592443818e-07,1.006788195755477e-06,1.0137480264979278e-06,8,4,1.0,0.9998327155272967,0.0,0.0001460205384420505,0.0,3.592531340698405e-05,0.0,2.1263934261221164e-05,0.0,1.2483206694729829e-05
9d 2d Kc Tc 4c,3h Qc,0,1,5,0.0010331864077076642,9.99230592443818e-07,0.0010388113400990368,1.0072504018152826e-06,3,9,1.0,0.9999585294884566,0.0,2.8646578643993225e-05,0.0,6.51757959137998e-05,0.0,1.282393289933712e-05,0.0,0.3819288804739562
9d 2d Kc Tc 4c,3h Qd,0,1,5,0.00017219773461794408,9.99230592443818e-07,0.0001728719085647878,9.985427438379098e-07,3,9,1.0,0.9999585294884566,0.0,2.8646578643993225e-05,0.0,6.51757959137998e-05,0.0,1.282393289933712e-05,0.0,0.3819288804739562
9d 2d Kc Tc 4c,3h Qh,0,1,5,0.001244444970306037,9.99230592443818e-07,0.001255141483168091,9.94525919728862e-07,3,9,1.0,0.9999585294884566,0.0,2.8646578643993225e-05,0.0,6.51757959137998e-05,0.0,1.282393289933712e-05,0.0,0.3819288804739562
9d 2d Kc Tc 4c,3h Qs,0,1,5,0.0010331864077076642,9.99230592443818e-07,0.0010420670669273535,9.9429603567e-07,3,9,1.0,0.9999585294884566,0.0,2.8646578643993225e-05,0.0,6.51757959137998e-05,0.0,1.282393289933712e-05,0.0,0.3819288804739562
9d 2d Kc Tc 4c,3h Kd,0,1,5,5.652521860832142e-05,0.0021104048969229072,5.48080678475325e-05,0.002136215559820624,4,12,0.0,6.666666666666666e-06,1.0,0.9999186222033778,1.0,0.99999,0.0,7.47111299554964e-05,0.0,0.99999
9d 2d Kc Tc 4c,3h Kh,0,1,5,0.001244444970306037,9.99230592443818e-07,0.0012122949451057801,1.0205723625040982e-06,4,12,0.0,6.666666666666666e-06,1.0,0.9999186222033778,1.0,0.99999,0.0,7.47111299554964e-05,0.0,0.99999
9d 2d Kc Tc 4c,3h Ks,0,1,5,5.6525218608321426e-05,0.0021104048969229072,5.519474592841714e-05,0.002152749233802531,4,12,0.0,6.666666666666666e-06,1.0,0.9999186222033778,1.0,0.99999,0.0,7.47111299554964e-05,0.0,0.99999
9d 2d Kc Tc 4c,3h Ac,0,1,5,0.00017503169094548323,9.99230592443818e-07,0.0001702020206615206,9.970808600959409e-07,9,0,1.0,0.999959181166064,0.0,2.950520975346381e-05,0.0,0.4151606231392745,0.0,1.1313624182516413e-05,0.0,0.0003226866067773865
9d 2d Kc Tc 4c,3h Ad,0,1,5,0.00017503169094548323,9.99230592443818e-07,0.00017192467144053084,9.77925046404091e-07,9,0,1.0,0.999959181166064,0.0,2.950520975346381e-05,0.0,0.4151606231392745,0.0,1.1313624182516413e-05,0.0,0.0003226866067773865
9d 2d Kc Tc 4c,3h Ah,0,1,5,0.001244444970306037,9.99230592443818e-07,0.0012089226206954693,9.92754115621727e-07,9,0,1.0,0.999959181166064,0.0,2.950520975346381e-05,0.0,0.4151606231392745,0.0,1.1313624182516413e-05,0.0,0.0003226866067773865
9d 2d Kc Tc 4c,3h As,0,1,5,0.0010501901456728994,9.99230592443818e-07,0.001020212748196664,9.925427344261393e-07,9,0,1.0,0.999959181166064,0.0,2.950520975346381e-05,0.0,0.4151606231392745,0.0,1.1313624182516413e-05,0.0,0.0003226866067773865
9d 2d Kc Tc 4c,3s 4d,0,1,5,0.001244444970306037,9.99230592443818e-07,0.001227402762079292,1.0127572143072592e-06,9,3,1.0,0.999959181166064,0.0,2.950520975346381e-05,0.0,0.8958594524733711,0.0,1.1313624182516413e-05,0.0,0.19432486563427995
9d 2d Kc Tc 4c,3s 4h,0,1,5,0.001244444970306037,9.99230592443818e-07,0.0012364772083074955,1.0068902722391565e-06,9,3,1.0,0.999959181166064,0.0,2.950520975346381e-05,0.0,0.8958594524733711,0.0,1.1313624182516413e-05,0.0,0.19432486563427995
9d 2d Kc Tc 4c,3s 4s,0,1,5,9.998460237123483e-07,9.99230592443818e-07,9.934443463845282e-07,1.0055371994518289e-06,9,3,1.0,0.999959181166064,0.0,2.950520975346381e-05,0.0,0.8958594524733711,0.0,1.1313624182516413e-05,0.0,0.19432486563427995
9d 2d Kc Tc 4c,3s 5c,0,1,5,0.001244444970306037,0.001189198160263374,0.0012738288758633574,0.0011853668910954385,13,2,0.0,0.000798520835462781,0.0,0.5417387595508685,0.0,1e-05,1.0,0.4574627196136688,0.0,1e-05
9d 2d Kc Tc 4c,3s 5d,0,1,5,0.001244444970306037,0.001189198160263374,0.001264305915858131,0.0011902915102483306,13,2,0.0,0.000798520835462781,1.0,0.5417387595508685,0.0,1e-05,0.0,0.4574627196136688,0.0,1e-05
9d 2d Kc Tc 4c,3s 5h,0,1,5,0.001244444970306037,0.001189198160263374,0.0012678816659201357,0.0011769953934923437,13,2,0.0,0.000798520835462781,1.0,0.5417387595508685,0.0,1e-05,0.0,0.4574627196136688,0.0,1e-05
9d 2d Kc Tc 4c,3s 5s,0,1,5,9.998460237123483e-07,9.99230592443818e-07,1.017382422706269e-06,9.876240747071947e-07,13,2,0.0,0.000798520835462781,1.0,0.5417387595508685,0.0,1e-05,0.0,0.4574627196136688,0.0,1e-05
9d 2d Kc Tc 4c,3s 6c,0,1,5,0.001244444970306037,9.99230592443818e-07,0.0012334895321892358,9.972550346468417e-07,6,2,0.0,0.3389846193045488,0.8470900141479007,0.023199342491799786,0.0,1e-05,0.15290998585209928,0.6378160382036514,0.0,1e-05
9d 2d Kc Tc 4c,3s 6d,0,1,5,0.001244444970306037,9.99230592443818e-07,0.0012269239838047956,9.990640904277555e-07,6,2,1.0,0.3389846193045488,0.0,0.023199342491799786,0.0,1e-05,0.0,0.6378160382036514,0.0,1e-05
9d 2d Kc Tc 4c,3s 6h,0,1,5,0.001244444970306037,9.99230592443818e-07,0.0012269239838047954,9.973905356483693e-07,6,2,1.0,0.3389846193045488,0.0,0.023199342491799786,0.0,1e-05,0.0,0.6378160382036514,0.0,1e-05
9d 2d Kc Tc 4c,3s 6s,0,1,5,0.001244444970306037,0.008353624054934608,0.0012382434901010036,0.008338241076445756,6,2,0.8234688400815131,0.3389846193045488,0.17653115991848684,0.023199342491799786,0.0,1e-05,0.0,0.6378160382036514,0.0,1e-05
9d 2d Kc Tc 4c,3s 7c,0,1,5,0.001244444970306037,9.99230592443818e-07,0.0012681799979746004,9.885504492044997e-07,12,2,0.0,0.006160151193282386,0.0,0.48986146897349386,0.0,1e-05,1.0,0.5039783798332238,0.0,1e-05
9d 2d Kc Tc 4c,3s 7d,0,1,5,0.00020740749505100613,9.99230592443818e-07,0.00021206463357040757,9.93956612380949e-07,12,2,1.0,0.006160151193282386,0.0,0.48986146897349386,0.0,1e-05,0.0,0.5039783798332238,0.0,1e-05
9d 2d Kc Tc 4c,3s 7h,0,1,5,0.001244444970306037,9.99230592443818e-07,0.0012748139340316477,9.952763147313455e-07,12,2,1.0,0.006160151193282386,0.0,0.48986146897349386,0.0,1e-05,0.0,0.5039783798332238,0.0,1e-05
9d 2d Kc Tc 4c,3s 7s,0,1,5,0.001244444970306037,9.99230592443818e-07,0.0012748139340316477,9.952763147313455e-07,12,2,1.0,0.006160151193282386,0.0,0.48986146897349386,0.0,1e-05,0.0,0.5039783798332238,0.0,1e-05
9d 2d Kc Tc 4c,3s 8c,0,1,5,0.0007104827551393896,9.99230592443818e-07,0.000729564534248911,9.915532866439897e-07,2,7,0.0,0.9954643098606948,0.0,0.004210212023580433,0.0,3.103722716992478e-05,1.0,0.00032547811572475907,0.0,1e-05
9d 2d Kc Tc 4c,3s 8d,0,1,5,0.0007104827551393896,9.99230592443818e-07,0.0007245070799155518,9.79979420988106e-07,2,7,1.0,0.9954643098606948,0.0,0.004210212023580433,0.0,3.103722716992478e-05,0.0,0.00032547811572475907,0.0,1e-05
9d 2d Kc Tc 4c,3s 8h,0,1,5,0.0007104827551393896,9.99230592443818e-07,0.0007245070799155518,9.786558962015146e-07,2,7,1.0,0.9954643098606948,0.0,0.004210212023580433,0.0,3.103722716992478e-05,0.0,0.00032547811572475907,0.0,1e-05
9d 2d Kc Tc 4c,3s 8s,0,1,5,0.001244444970306037,9.99230592443818e-07,0.001269009254665352,9.792369349049478e-07,2,7,1.0,0.9954643098606948,0.0,0.004210212023580433,0.0,3.103722716992478e-05,0.0,0.00032547811572475907,0.0,1e-05
9d 2d Kc Tc 4c,3s 9c,0,1,5,0.0009090997993604099,9.99230592443818e-07,0.0008919574494715593,1.0024866551626338e-06,3,14,1.0,0.9999585294884566,0.0,2.8646578643993225e-05,0.0,0.009610196806144979,0.0,1.282393289933712e-05,1.0,0.00252881274002614
9d 2d Kc Tc 4c,3s 9h,0,1,5,0.0009090997993604099,9.99230592443818e-07,0.0009048055470271653,1.0055259190337412e-06,3,14,1.0,0.9999585294884566,0.0,2.8646578643993225e-05,0.0,0.009610196806144979,0.0,1.282393289933712e-05,0.0,0.00252881274002614
9d 2d Kc Tc 4c,3s 9s,0,1,5,9.998460237123483e-07,0.0048548748653306,1.0004081877037668e-06,0.0048806603243857554,3,14,1.0,0.9999585294884566,0.0,2.8646578643993225e-05,0.0,0.009610196806144979,0.0,1.282393289933712e-05,0.0,0.00252881274002614
9d 2d Kc Tc 4c,3s Td,0,1,5,0.001244444970306037,9.99230592443818e-07,0.0012587237794161163,9.989933158131663e-07,11,5,1.0,0.999915129897472,0.0,5.728078616758273e-05,0.0,0.99999,0.0,2.7589316360402657e-05,0.0,0.9988998402932956
9d 2d Kc Tc 4c,3s Th,0,1,5,0.001244444970306037,9.99230592443818e-07,0.0012587237794161165,1.006171312468441e-06,11,5,1.0,0.999915129897472,0.0,5.728078616758273e-05,0.0,0.99999,0.0,2.7589316360402657e-05,0.0,0.9988998402932956
9d 2d Kc Tc 4c,3s Ts,0,1,5,0.001244444970306037,9.99230592443818e-07,0.0012587237794161165,1.006171312468441e-06,11,5,1.0,0.999915129897472,0.0,5.728078616758273e-05,0.0,0.99999,0.0,2.7589316360402657e-05,0.0,0.9988998402932956
9d 2d Kc Tc 4c,3s Jc,0,1,5,9.998460237123483e-07,9.99230592443818e-07,1.0006088851532096e-06,9.98036176171002e-07,15,4,0.0,0.9267781203121732,0.0,0.07258207730344662,0.0,3.592531340698405e-05,1.0,0.0006398023843801892,0.0,1.2483206694729829e-05
9d 2d Kc Tc 4c,3s Jd,0,1,5,9.998460237123483e-07,9.99230592443818e-07,1.0002930343816073e-06,1.005214347832977e-06,8,4,1.0,0.9998327155272967,0.0,0.0001460205384420505,0.0,3.592531340698405e-05,0.0,2.1263934261221164e-05,0.0,1.2483206694729829e-05
9d 2d Kc Tc 4c,3s Jh,0,1,5,9.998460237123483e-07,9.99230592443818e-07,1.006788195755477e-06,1.0137480264979278e-06,8,4,1.0,0.9998327155272967,0.0,0.0001460205384420505,0.0,3.592531340698405e-05,0.0,2.1263934261221164e-05,0.0,1.2483206694729829e-05
9d 2d Kc Tc 4c,3s Js,0,1,5,0.001244444970306037,9.99230592443818e-07,0.0012530854518173744,1.015101099285256e-06,8,4,1.0,0.9998327155272967,0.0,0.0001460205384420505,0.0,3.592531340698405e-05,0.0,2.1263934261221164e-05,0.0,1.2483206694729829e-05
9d 2d Kc Tc 4c,3s Qc,0,1,5,0.0010331864077076642,9.99230592443818e-07,0.0010388113400990368,1.0072504018152826e-06,3,9,1.0,0.9999585294884566,0.0,2.8646578643993225e-05,0.0,6.51757959137998e-05,0.0,1.282393289933712e-05,0.0,0.3819288804739562
9d 2d Kc Tc 4c,3s Qd,0,1,5,0.00017219773461794408,9.99230592443818e-07,0.0001728719085647878,9.985427438379098e-07,3,9,1.0,0.9999585294884566,0.0,2.8646578643993225e-05,0.0,6.51757959137998e-05,0.0,1.282393289933712e-05,0.0,0.3819288804739562
9d 2d Kc Tc 4c,3s Qh,0,1,5,0.0010331864077076642,9.99230592443818e-07,0.0010420670669273535,9.9429603567e-07,3,9,1.0,0.9999585294884566,0.0,2.8646578643993225e-05,0.0,6.51757959137998e-05,0.0,1.282393289933712e-05,0.0,0.3819288804739562
9d 2d Kc Tc 4c,3s Qs,0,1,5,0.001244444970306037,9.99230592443818e-07,0.001255141483168091,9.94525919728862e-07,3,9,1.0,0.9999585294884566,0.0,2.8646578643993225e-05,0.0,6.51757959137998e-05,0.0,1.282393289933712e-05,0.0,0.3819288804739562
9d 2d Kc Tc 4c,3s Kd,0,1,5,5.652521860832142e-05,0.0021104048969229072,5.48080678475325e-05,0.002136215559820624,4,12,0.0,6.666666666666666e-06,0.8500323606822145,0.9999186222033778,1.0,0.99999,0.14996763931778545,7.47111299554964e-05,0.0,0.99999
9d 2d Kc Tc 4c,3s Kh,0,1,5,5.6525218608321426e-05,0.0021104048969229072,5.519474592841713e-05,0.0021527492338025305,4,12,0.0,6.666666666666666e-06,1.0,0.9999186222033778,1.0,0.99999,0.0,7.47111299554964e-05,0.0,0.99999
9d 2d Kc Tc 4c,3s Ks,0,1,5,0.001244444970306037,9.99230592443818e-07,0.0012122949451057801,1.0205723625040982e-06,4,12,0.0,6.666666666666666e-06,1.0,0.9999186222033778,1.0,0.99999,0.0,7.47111299554964e-05,0.0,0.99999
9d 2d Kc Tc 4c,3s Ac,0,1,5,0.00017503169094548323,9.99230592443818e-07,0.0001702020206615206,9.970808600959409e-07,9,0,1.0,0.999959181166064,0.0,2.950520975346381e-05,0.0,0.4151606231392745,0.0,1.1313624182516413e-05,0.0,0.0003226866067773865
9d 2d Kc Tc 4c,3s Ad,0,1,5,0.00017503169094548323,9.99230592443818e-07,0.00017192467144053084,9.77925046404091e-07,9,0,1.0,0.999959181166064,0.0,2.950520975346381e-05,0.0,0.4151606231392745,0.0,1.1313624182516413e-05,0.0,0.0003226866067773865
9d 2d Kc Tc 4c,3s Ah,0,1,5,0.0010501901456728994,9.99230592443818e-07,0.001020212748196664,9.925427344261396e-07,9,0,1.0,0.999959181166064,0.0,2.950520975346381e-05,0.0,0.4151606231392745,0.0,1.1313624182516413e-05,0.0,0.0003226866067773865
9d 2d Kc Tc 4c,3s As,0,1,5,0.001244444970306037,9.99230592443818e-07,0.0012089226206954693,9.92754115621727e-07,9,0,1.0,0.999959181166064,0.0,2.950520975346381e-05,0.0,0.4151606231392745,0.0,1.1313624182516413e-05,0.0,0.0003226866067773865
9d 2d Kc Tc 4c,4d 4h,0,1,5,0.001244444970306037,9.99230592443818e-07,0.001210619892232075,1.0177707191757333e-06,5,1,0.0,6.666666666666667e-06,0.0,2.0306094220789084e-05,1.0,0.99999,1.0,0.9999730272391125,1.0,0.99999
9d 2d Kc Tc 4c,4d 4s,0,1,5,0.001244444970306037,9.99230592443818e-07,0.001210619892232075,1.0177707191757333e-06,5,1,0.0,6.666666666666667e-06,0.0,2.0306094220789084e-05,1.0,0.99999,1.0,0.9999730272391125,1.0,0.99999
9d 2d Kc Tc 4c,4d 5c,0,1,5,0.001244444970306037,0.000449284967677759,0.0012469688268485005,0.0004527296805037279,9,10,1.0,0.999959181166064,0.0,2.950520975346381e-05,0.0,0.4927083286566785,0.0,1.1313624182516413e-05,0.0,0.001875452330007434
9d 2d Kc Tc 4c,4d 5d,0,1,5,0.001244444970306037,9.99230592443818e-07,0.0012368383484487391,1.0110297329923832e-06,9,3,1.0,0.999959181166064,0.0,2.950520975346381e-05,0.0,0.8958594524733711,0.0,1.1313624182516413e-05,0.0,0.19432486563427995
9d 2d Kc Tc 4c,4d 5h,0,1,5,0.001244444970306037,0.000449284967677759,0.0012410216169052787,0.0004495668871563279,9,3,1.0,0.999959181166064,0.0,2.950520975346381e-05,0.0,0.8958594524733711,0.0,1.1313624182516413e-05,0.0,0.19432486563427995
9d 2d Kc Tc 4c,4d 5s,0,1,5,0.001244444970306037,0.000449284967677759,0.0012410216169052787,0.0004495668871563279,9,3,1.0,0.999959181166064,0.0,2.950520975346381e-05,0.0,0.8958594524733711,0.0,1.1313624182516413e-05,0.0,0.19432486563427995
9d 2d Kc Tc 4c,4d 6c,0,1,5,0.001244444970306037,9.99230592443818e-07,0.001207632216113815,1.0081354815834185e-06,9,10,1.0,0.999959181166064,0.0,2.950520975346381e-05,0.0,0.4927083286566785,0.0,1.1313624182516413e-05,1.0,0.001875452330007434
9d 2d Kc Tc 4c,4d 6d,0,1,5,0.001244444970306037,0.001379223695527013,0.0012029344423315513,0.0013940120004675076,9,3,1.0,0.999959181166064,0.0,2.950520975346381e-05,0.0,0.8958594524733711,0.0,1.1313624182516413e-05,0.0,0.19432486563427995
9d 2d Kc Tc 4c,4d 6h,0,1,5,0.001244444970306037,9.99230592443818e-07,0.0012010666677293748,1.008270982584946e-06,9,3,1.0,0.999959181166064,0.0,2.950520975346381e-05,0.0,0.8958594524733711,0.0,1.1313624182516413e-05,0.0,0.19432486563427995
9d 2d Kc Tc 4c,4d 6s,0,1,5,0.001244444970306037,9.99230592443818e-07,0.0012010666677293748,1.008270982584946e-06,9,3,1.0,0.999959181166064,0.0,2.950520975346381e-05,0.0,0.8958594524733711,0.0,1.1313624182516413e-05,0.0,0.19432486563427995
9d 2d Kc Tc 4c,4d 7c,0,1,5,0.001444221296534117,9.99230592443818e-07,0.0014417583076614011,9.996482856384437e-07,9,10,1.0,0.999959181166064,0.0,2.950520975346381e-05,0.0,0.4927083286566785,0.0,1.1313624182516413e-05,0.0,0.001875452330007434
9d 2d Kc Tc 4c,4d 7d,0,1,5,0.001244444970306037,9.99230592443818e-07,0.0012465304853470252,1.0059655266377197e-06,9,3,1.0,0.999959181166064,0.0,2.950520975346381e-05,0.0,0.8958594524733711,0.0,1.1313624182516413e-05,0.0,0.19432486563427995
9d 2d Kc Tc 4c,4d 7h,0,1,5,0.001444221296534117,9.99230592443818e-07,0.001449457219193887,1.0063741511652897e-06,9,3,1.0,0.999959181166064,0.0,2.950520975346381e-05,0.0,0.8958594524733711,0.0,1.1313624182516413e-05,0.0,0.19432486563427995
9d 2d Kc Tc 4c,4d 7s,0,1,5,0.001444221296534117,9.99230592443818e-07,0.001449457219193887,1.0063741511652897e-06,9,3,1.0,0.999959181166064,0.0,2.950520975346381e-05,0.0,0.8958594524733711,0.0,1.1313624182516413e-05,0.0,0.19432486563427995
9d 2d Kc Tc 4c,4d 8c,0,1,5,9.998460237123483e-07,9.99230592443818e-07,1.005924379840575e-06,1.0016616994966721e-06,9,10,1.0,0.999959181166064,0.0,2.950520975346381e-05,0.0,0.4927083286566785,0.0,1.1313624182516413e-05,0.0,0.001875452330007434
9d 2d Kc Tc 4c,4d 8d,0,1,5,0.001244444970306037,0.007417272267024453,0.0012532024976771344,0.007359449557224925,9,3,1.0,0.999959181166064,0.0,2.950520975346381e-05,0.0,0.8958594524733711,0.0,1.1313624182516413e-05,0.0,0.19432486563427995
9d 2d Kc Tc 4c,4d 8h,0,1,5,9.998460237123483e-07,9.99230592443818e-07,9.988071407960836e-07,9.887643090541974e-07,9,3,1.0,0.999959181166064,0.0,2.950520975346381e-05,0.0,0.8958594524733711,0.0,1.1313624182516413e-05,0.0,0.19432486563427995
9d 2d Kc Tc 4c,4d 8s,0,1,5,9.998460237123483e-07,9.99230592443818e-07,9.988071407960836e-07,9.887643090541974e-07,9,3,1.0,0.999959181166064,0.0,2.950520975346381e-05,0.0,0.8958594524733711,0.0,1.1313624182516413e-05,0.0,0.19432486563427995
9d 2d Kc Tc 4c,4d 9c,0,1,5,0.00020740749505100619,0.00669700194037848,0.00020069939128818754,0.006786629592967044,10,1,0.0,6.666666666666667e-06,1.0,0.9989392906548963,1.0,0.99999,0.0,0.0010540426784370587,1.0,0.99999
9d 2d Kc Tc 4c,4d 9h,0,1,5,0.00020740749505100619,0.00669700194037848,0.0002036306335258978,0.006806999221555327,10,1,0.0,6.666666666666667e-06,1.0,0.9989392906548963,1.0,0.99999,0.0,0.0010540426784370587,1.0,0.99999
9d 2d Kc Tc 4c,4d 9s,0,1,5,0.00020740749505100619,0.00669700194037848,0.00020363063352589784,0.006806999221555327,10,1,0.0,6.666666666666667e-06,1.0,0.9989392906548963,1.0,0.99999,0.0,0.0010540426784370587,1.0,0.99999
9d 2d Kc Tc 4c,4d Td,0,1,5,0.001244444970306037,9.99230592443818e-07,0.0012328664633406957,1.009873762749743e-06,10,1,0.0,6.666666666666667e-06,0.0,0.9989392906548963,1.0,0.99999,1.0,0.0010540426784370587,1.0,0.99999
9d 2d Kc Tc 4c,4d Th,0,1,5,9.998460237123483e-07,9.99230592443818e-07,9.905433028801242e-07,1.01569868661769e-06,10,1,0.0,6.666666666666667e-06,0.0,0.9989392906548963,1.0,0.99999,1.0,0.0010540426784370587,1.0,0.99999
9d 2d Kc Tc 4c,4d Ts,0,1,5,9.998460237123483e-07,9.99230592443818e-07,9.905433028801242e-07,1.01569868661769e-06,10,1,0.0,6.666666666666667e-06,0.0,0.9989392906548963,1.0,0.99999,1.0,0.0010540426784370587,1.0,0.99999
9d 2d Kc Tc 4c,4d Jc,0,1,5,9.998460237123483e-07,9.99230592443818e-07,9.798338928644586e-07,1.0089166231075785e-06,9,10,1.0,0.999959181166064,0.0,2.950520975346381e-05,1.0,0.4927083286566785,0.0,1.1313624182516413e-05,1.0,0.001875452330007434
9d 2d Kc Tc 4c,4d Jd,0,1,5,9.998460237123483e-07,9.99230592443818e-07,9.795180420928565e-07,1.016094794769554e-06,9,10,1.0,0.999959181166064,0.0,2.950520975346381e-05,1.0,0.4927083286566785,0.0,1.1313624182516413e-05,1.0,0.001875452330007434
9d 2d Kc Tc 4c,4d Jh,0,1,5,9.998460237123483e-07,9.99230592443818e-07,9.860132034667263e-07,1.0246284734345048e-06,9,10,1.0,0.999959181166064,0.0,2.950520975346381e-05,1.0,0.4927083286566785,0.0,1.1313624182516413e-05,1.0,0.001875452330007434
9d 2d Kc Tc 4c,4d Js,0,1,5,9.998460237123483e-07,9.99230592443818e-07,9.860132034667263e-07,1.0246284734345048e-06,9,10,1.0,0.999959181166064,0.0,2.950520975346381e-05,1.0,0.4927083286566785,0.0,1.1313624182516413e-05,1.0,0.001875452330007434
9d 2d Kc Tc 4c,4d Qc,0,1,5,0.00020740749505100613,9.99230592443818e-07,0.00020422712209037825,1.0172322654905278e-06,9,10,1.0,0.999959181166064,0.0,2.950520975346381e-05,1.0,0.4927083286566785,0.0,1.1313624182516413e-05,1.0,0.001875452330007434
9d 2d Kc Tc 4c,4d Qd,0,1,5,0.00020740749505100613,9.99230592443818e-07,0.00020390996658250447,1.0094615047842968e-06,9,10,1.0,0.999959181166064,0.0,2.950520975346381e-05,1.0,0.4927083286566785,0.0,1.1313624182516413e-05,1.0,0.001875452330007434
9d 2d Kc Tc 4c,4d Qh,0,1,5,0.001244444970306037,9.99230592443818e-07,0.0012292841670926702,1.0054063666654388e-06,9,10,1.0,0.999959181166064,0.0,2.950520975346381e-05,1.0,0.4927083286566785,0.0,1.1313624182516413e-05,1.0,0.001875452330007434
9d 2d Kc Tc 4c,4d Qs,0,1,5,0.001244444970306037,9.99230592443818e-07,0.0012292841670926702,1.0054063666654388e-06,9,10,1.0,0.999959181166064,0.0,2.950520975346381e-05,1.0,0.4927083286566785,0.0,1.1313624182516413e-05,1.0,0.001875452330007434
9d 2d Kc Tc 4c,4d Kd,0,1,5,0.00020740749505100613,9.99230592443818e-07,0.00019632077030538344,1.0224960088597402e-06,10,1,0.0,6.666666666666667e-06,0.0,0.9989392906548963,1.0,0.99999,1.0,0.0010540426784370587,1.0,0.99999
9d 2d Kc Tc 4c,4d Kh,0,1,5,0.00020740749505100613,0.0064016325893638815,0.00019918529828063473,0.006600836619705701,10,1,0.0,6.666666666666667e-06,0.0,0.9989392906548963,1.0,0.99999,1.0,0.0010540426784370587,1.0,0.99999
9d 2d Kc Tc 4c,4d Ks,0,1,5,0.00020740749505100613,0.0064016325893638815,0.00019918529828063473,0.006600836619705701,10,1,0.0,6.666666666666667e-06,0.0,0.9989392906548963,1.0,0.99999,1.0,0.0010540426784370587,1.0,0.99999
9d 2d Kc Tc 4c,4d Ac,0,1,5,0.00020740749505100619,0.0034725706595640587,0.0001981590369560384,0.003503034461317363,9,10,1.0,0.999959181166064,0.0,2.950520975346381e-05,1.0,0.4927083286566785,0.0,1.1313624182516413e-05,1.0,0.001875452330007434
9d 2d Kc Tc 4c,4d Ad,0,1,5,0.001244444970306037,0.0032040611662324174,0.0012008380850474904,0.0031743642200183927,9,10,1.0,0.999959181166064,0.0,2.950520975346381e-05,1.0,0.4927083286566785,0.0,1.1313624182516413e-05,0.0,0.001875452330007434
9d 2d Kc Tc 4c,4d Ah,0,1,5,0.00020740749505100613,0.0034725706595640587,0.00019796166505492636,0.003483953832762311,9,10,1.0,0.999959181166064,0.0,2.950520975346381e-05,1.0,0.4927083286566785,0.0,1.1313624182516413e-05,0.0,0.001875452330007434
9d 2d Kc Tc 4c,4d As,0,1,5,0.00020740749505100613,0.0034725706595640587,0.00019796166505492636,0.0034839538327623106,9,10,1.0,0.999959181166064,0.0,2.950520975346381e-05,1.0,0.4927083286566785,0.0,1.1313624182516413e-05,0.0,0.001875452330007434
9d 2d Kc Tc 4c,4h 4s,0,1,5,0.001244444970306037,9.99230592443818e-07,0.0012196943384602784,1.0119037771076302e-06,5,1,0.0,6.666666666666667e-06,0.0,2.0306094220789084e-05,1.0,0.99999,1.0,0.9999730272391125,1.0,0.99999
9d 2d Kc Tc 4c,4h 5c,0,1,5,0.001244444970306037,0.000449284967677759,0.001256043273076704,0.0004500917219610571,9,10,1.0,0.999959181166064,0.0,2.950520975346381e-05,0.0,0.4927083286566785,0.0,1.1313624182516413e-05,0.0,0.001875452330007434
9d 2d Kc Tc 4c,4h 5d,0,1,5,0.001244444970306037,0.000449284967677759,0.0012465203130714775,0.0004519522675209682,9,3,1.0,0.999959181166064,0.0,2.950520975346381e-05,0.0,0.8958594524733711,0.0,1.1313624182516413e-05,0.0,0.19432486563427995
9d 2d Kc Tc 4c,4h 5h,0,1,5,0.00020740749505100613,9.99230592443818e-07,0.00020824809078982449,9.92862185042803e-07,9,3,1.0,0.999959181166064,0.0,2.950520975346381e-05,0.0,0.8958594524733711,0.0,1.1313624182516413e-05,0.0,0.19432486563427995
9d 2d Kc Tc 4c,4h 5s,0,1,5,0.001244444970306037,0.000449284967677759,0.0012500960631334824,0.0004469289286136571,9,3,1.0,0.999959181166064,0.0,2.950520975346381e-05,0.0,0.8958594524733711,0.0,1.1313624182516413e-05,0.0,0.19432486563427995
9d 2d Kc Tc 4c,4h 6c,0,1,5,0.001244444970306037,9.99230592443818e-07,0.0012167066623420186,1.0022685395153154e-06,9,10,1.0,0.999959181166064,0.0,2.950520975346381e-05,1.0,0.4927083286566785,0.0,1.1313624182516413e-05,1.0,0.001875452330007434
9d 2d Kc Tc 4c,4h 6d,0,1,5,0.001244444970306037,9.99230592443818e-07,0.0012101411139575783,1.0040775952962296e-06,9,3,1.0,0.999959181166064,0.0,2.950520975346381e-05,1.0,0.8958594524733711,0.0,1.1313624182516413e-05,0.0,0.19432486563427995
9d 2d Kc Tc 4c,4h 6h,0,1,5,0.00020740749505100613,0.001379223695527013,0.00020200148142662574,0.0013820463532123507,9,3,1.0,0.999959181166064,0.0,2.950520975346381e-05,1.0,0.8958594524733711,0.0,1.1313624182516413e-05,0.0,0.19432486563427995
9d 2d Kc Tc 4c,4h 6s,0,1,5,0.001244444970306037,9.99230592443818e-07,0.0012101411139575783,1.002404040516843e-06,9,3,1.0,0.999959181166064,0.0,2.950520975346381e-05,1.0,0.8958594524733711,0.0,1.1313624182516413e-05,0.0,0.19432486563427995
9d 2d Kc Tc 4c,4h 7c,0,1,5,0.001444221296534117,9.99230592443818e-07,0.001452289515396366,9.937813435703408e-07,9,10,1.0,0.999959181166064,0.0,2.950520975346381e-05,0.0,0.4927083286566785,0.0,1.1313624182516413e-05,0.0,0.001875452330007434
9d 2d Kc Tc 4c,4h 7d,0,1,5,0.001444221296534117,9.99230592443818e-07,0.0014571728163827594,1.000315974066984e-06,9,3,1.0,0.999959181166064,0.0,2.950520975346381e-05,0.0,0.8958594524733711,0.0,1.1313624182516413e-05,0.0,0.19432486563427995
9d 2d Kc Tc 4c,4h 7h,0,1,5,0.001244444970306037,9.99230592443818e-07,0.0012580310641844305,1.0002898195998194e-06,9,3,1.0,0.999959181166064,0.0,2.950520975346381e-05,0.0,0.8958594524733711,0.0,1.1313624182516413e-05,0.0,0.19432486563427995
9d 2d Kc Tc 4c,4h 7s,0,1,5,0.001444221296534117,9.99230592443818e-07,0.0014599884269288518,1.0005072090971866e-06,9,3,1.0,0.999959181166064,0.0,2.950520975346381e-05,0.0,0.8958594524733711,0.0,1.1313624182516413e-05,0.0,0.19432486563427995
9d 2d Kc Tc 4c,4h 8c,0,1,5,9.998460237123483e-07,9.99230592443818e-07,1.013215219688985e-06,9.957947574285692e-07,9,10,1.0,0.999959181166064,0.0,2.950520975346381e-05,1.0,0.4927083286566785,0.0,1.1313624182516413e-05,0.0,0.001875452330007434
9d 2d Kc Tc 4c,4h 8d,0,1,5,9.998460237123483e-07,9.99230592443818e-07,1.0060979806444937e-06,9.842208917726856e-07,9,3,1.0,0.999959181166064,0.0,2.950520975346381e-05,1.0,0.8958594524733711,0.0,1.1313624182516413e-05,0.0,0.19432486563427995
9d 2d Kc Tc 4c,4h 8h,0,1,5,0.001244444970306037,0.007417272267024453,0.0012622769439053381,0.007306074839925842,9,3,1.0,0.999959181166064,0.0,2.950520975346381e-05,0.4951017708335022,0.8958594524733711,0.0,1.1313624182516413e-05,0.0,0.19432486563427995
9d 2d Kc Tc 4c,4h 8s,0,1,5,9.998460237123483e-07,9.99230592443818e-07,1.0060979806444937e-06,9.82897366986094e-07,9,3,1.0,0.999959181166064,0.0,2.950520975346381e-05,1.0,0.8958594524733711,0.0,1.1313624182516413e-05,0.0,0.19432486563427995
9d 2d Kc Tc 4c,4h 9c,0,1,5,0.001244444970306037,0.00669700194037848,0.0012132707939573285,0.0067548715835334325,10,1,0.0,6.666666666666667e-06,1.0,0.9989392906548963,1.0,0.99999,0.0,0.0010540426784370587,1.0,0.99999
9d 2d Kc Tc 4c,4h 9h,0,1,5,0.00020740749505100619,9.99230592443818e-07,0.0002036306335258978,1.0097758672775618e-06,10,1,0.0,6.666666666666667e-06,1.0,0.9989392906548963,1.0,0.99999,0.0,0.0010540426784370587,1.0,0.99999
9d 2d Kc Tc 4c,4h 9s,0,1,5,0.001244444970306037,0.00669700194037848,0.0012308582473835904,0.006775241212121716,10,1,0.0,6.666666666666667e-06,1.0,0.9989392906548963,1.0,0.99999,0.0,0.0010540426784370587,1.0,0.99999
9d 2d Kc Tc 4c,4h Td,0,1,5,9.998460237123483e-07,9.99230592443818e-07,9.978341427285343e-07,1.0026537478943122e-06,10,1,0.0,6.666666666666667e-06,0.0,0.9989392906548963,1.0,0.99999,1.0,0.0010540426784370587,1.0,0.99999
9d 2d Kc Tc 4c,4h Th,0,1,5,0.001244444970306037,9.99230592443818e-07,0.0012419409095688991,1.0111848173369148e-06,10,1,0.0,6.666666666666667e-06,0.0,0.9989392906548963,1.0,0.99999,1.0,0.0010540426784370587,1.0,0.99999
9d 2d Kc Tc 4c,4h Ts,0,1,5,9.998460237123483e-07,9.99230592443818e-07,9.978341427285343e-07,1.009831744549587e-06,10,1,0.0,6.666666666666667e-06,0.0,0.9989392906548963,1.0,0.99999,1.0,0.0010540426784370587,1.0,0.99999
9d 2d Kc Tc 4c,4h Jc,0,1,5,9.998460237123483e-07,9.99230592443818e-07,9.871247327128686e-07,1.0030496810394754e-06,9,10,1.0,0.999959181166064,0.0,2.950520975346381e-05,1.0,0.4927083286566785,0.0,1.1313624182516413e-05,1.0,0.001875452330007434
9d 2d Kc Tc 4c,4h Jd,0,1,5,9.998460237123483e-07,9.99230592443818e-07,9.868088819412666e-07,1.0102278527014508e-06,9,10,1.0,0.999959181166064,0.0,2.950520975346381e-05,1.0,0.4927083286566785,0.0,1.1313624182516413e-05,1.0,0.001875452330007434
9d 2d Kc Tc 4c,4h Jh,0,1,5,9.998460237123483e-07,9.99230592443818e-07,9.933040433151363e-07,1.0187615313664019e-06,9,10,1.0,0.999959181166064,0.0,2.950520975346381e-05,1.0,0.4927083286566785,0.0,1.1313624182516413e-05,1.0,0.001875452330007434
9d 2d Kc Tc 4c,4h Js,0,1,5,9.998460237123483e-07,9.99230592443818e-07,9.933040433151363e-07,1.0187615313664019e-06,9,10,1.0,0.999959181166064,0.0,2.950520975346381e-05,1.0,0.4927083286566785,0.0,1.1313624182516413e-05,1.0,0.001875452330007434
9d 2d Kc Tc 4c,4h Qc,0,1,5,0.001244444970306037,9.99230592443818e-07,0.001234437178770473,1.0124937907426185e-06,9,10,1.0,0.999959181166064,0.0,2.950520975346381e-05,1.0,0.4927083286566785,0.0,1.1313624182516413e-05,1.0,0.001875452330007434
9d 2d Kc Tc 4c,4h Qd,0,1,5,0.001244444970306037,9.99230592443818e-07,0.0012325342457232306,1.0047230300363875e-06,9,10,1.0,0.999959181166064,0.0,2.950520975346381e-05,1.0,0.4927083286566785,0.0,1.1313624182516413e-05,1.0,0.001875452330007434
9d 2d Kc Tc 4c,4h Qh,0,1,5,0.001244444970306037,9.99230592443818e-07,0.0012383586133208739,9.995394245973357e-07,9,10,1.0,0.999959181166064,0.0,2.950520975346381e-05,1.0,0.4927083286566785,0.0,1.1313624182516413e-05,1.0,0.001875452330007434
9d 2d Kc Tc 4c,4h Qs,0,1,5,0.001244444970306037,9.99230592443818e-07,0.0012383586133208736,9.99539424597336e-07,9,10,1.0,0.999959181166064,0.0,2.950520975346381e-05,1.0,0.4927083286566785,0.0,1.1313624182516413e-05,1.0,0.001875452330007434
9d 2d Kc Tc 4c,4h Kd,0,1,5,0.00020740749505100613,0.0064016325893638815,0.00019927887145232558,0.006513096991307188,10,1,0.0,6.666666666666667e-06,0.0,0.9989392906548963,1.0,0.99999,1.0,0.0010540426784370587,1.0,0.99999
9d 2d Kc Tc 4c,4h Kh,0,1,5,0.00020740749505100613,9.99230592443818e-07,0.00019925201254309376,1.0244574000523786e-06,10,1,0.0,6.666666666666667e-06,0.0,0.9989392906548963,1.0,0.99999,1.0,0.0010540426784370587,1.0,0.99999
9d 2d Kc Tc 4c,4h Ks,0,1,5,0.00020740749505100613,0.0064016325893638815,0.0002006977059853353,0.006563249692496813,10,1,0.0,6.666666666666667e-06,0.0,0.9989392906548963,1.0,0.99999,1.0,0.0010540426784370587,1.0,0.99999
9d 2d Kc Tc 4c,4h Ac,0,1,5,0.00020740749505100613,0.0034725706595640587,0.00019967144466073895,0.0034826454029347224,9,10,1.0,0.999959181166064,0.0,2.950520975346381e-05,1.0,0.4927083286566785,0.0,1.1313624182516413e-05,1.0,0.001875452330007434
9d 2d Kc Tc 4c,4h Ad,0,1,5,0.001244444970306037,0.0034725706595640587,0.001210276416277628,0.0034199959659044644,9,10,1.0,0.999959181166064,0.0,2.950520975346381e-05,1.0,0.4927083286566785,0.0,1.1313624182516413e-05,0.0,0.001875452330007434
9d 2d Kc Tc 4c,4h Ah,0,1,5,0.001244444970306037,0.0032040611662324174,0.001196480551555828,0.003199370105270776,9,10,1.0,0.999959181166064,0.0,2.950520975346381e-05,1.0,0.4927083286566785,0.0,1.1313624182516413e-05,0.0,0.001875452330007434
9d 2d Kc Tc 4c,4h As,0,1,5,0.001244444970306037,0.0034725706595640587,0.001196844436557762,0.003467486474271582,9,10,1.0,0.999959181166064,0.0,2.950520975346381e-05,1.0,0.4927083286566785,0.0,1.1313624182516413e-05,0.0,0.001875452330007434
9d 2d Kc Tc 4c,4s 5c,0,1,5,0.001244444970306037,0.000449284967677759,0.001256043273076704,0.0004500917219610571,9,10,1.0,0.999959181166064,0.0,2.950520975346381e-05,0.0,0.4927083286566785,0.0,1.1313624182516413e-05,0.0,0.001875452330007434
9d 2d Kc Tc 4c,4s 5d,0,1,5,0.001244444970306037,0.000449284967677759,0.0012465203130714775,0.0004519522675209682,9,3,1.0,0.999959181166064,0.0,2.950520975346381e-05,0.0,0.8958594524733711,0.0,1.1313624182516413e-05,0.0,0.19432486563427995
9d 2d Kc Tc 4c,4s 5h,0,1,5,0.001244444970306037,0.000449284967677759,0.0012500960631334822,0.0004469289286136571,9,3,1.0,0.999959181166064,0.0,2.950520975346381e-05,0.0,0.8958594524733711,0.0,1.1313624182516413e-05,0.0,0.19432486563427995
9d 2d Kc Tc 4c,4s 5s,0,1,5,0.00020740749505100613,9.99230592443818e-07,0.00020824809078982449,9.92862185042803e-07,9,3,1.0,0.999959181166064,0.0,2.950520975346381e-05,0.0,0.8958594524733711,0.0,1.1313624182516413e-05,0.0,0.19432486563427995
9d 2d Kc Tc 4c,4s 6c,0,1,5,0.001244444970306037,9.99230592443818e-07,0.0012167066623420186,1.0022685395153154e-06,9,10,1.0,0.999959181166064,0.0,2.950520975346381e-05,1.0,0.4927083286566785,0.0,1.1313624182516413e-05,1.0,0.001875452330007434
9d 2d Kc Tc 4c,4s 6d,0,1,5,0.001244444970306037,9.99230592443818e-07,0.0012101411139575783,1.0040775952962296e-06,9,3,1.0,0.999959181166064,0.0,2.950520975346381e-05,1.0,0.8958594524733711,0.0,1.1313624182516413e-05,0.0,0.19432486563427995
9d 2d Kc Tc 4c,4s 6h,0,1,5,0.001244444970306037,9.99230592443818e-07,0.0012101411139575783,1.002404040516843e-06,9,3,1.0,0.999959181166064,0.0,2.950520975346381e-05,1.0,0.8958594524733711,0.0,1.1313624182516413e-05,0.0,0.19432486563427995
9d 2d Kc Tc 4c,4s 6s,0,1,5,0.00020740749505100613,0.001379223695527013,0.00020200148142662574,0.0013820463532123507,9,3,1.0,0.999959181166064,0.0,2.950520975346381e-05,0.26826203599929566,0.8958594524733711,0.0,1.1313624182516413e-05,0.0,0.19432486563427995
9d 2d Kc Tc 4c,4s 7c,0,1,5,0.001444221296534117,9.99230592443818e-07,0.001452289515396366,9.937813435703408e-07,9,10,1.0,0.999959181166064,0.0,2.950520975346381e-05,0.0,0.4927083286566785,0.0,1.1313624182516413e-05,0.0,0.001875452330007434
9d 2d Kc Tc 4c,4s 7d,0,1,5,0.001444221296534117,9.99230592443818e-07,0.0014571728163827594,1.000315974066984e-06,9,3,1.0,0.999959181166064,0.0,2.950520975346381e-05,0.0,0.8958594524733711,0.0,1.1313624182516413e-05,0.0,0.19432486563427995
9d 2d Kc Tc 4c,4s 7h,0,1,5,0.001444221296534117,9.99230592443818e-07,0.0014599884269288518,1.0005072090971866e-06,9,3,1.0,0.999959181166064,0.0,2.950520975346381e-05,0.0,0.8958594524733711,0.0,1.1313624182516413e-05,0.0,0.19432486563427995
9d 2d Kc Tc 4c,4s 7s,0,1,5,0.001244444970306037,9.99230592443818e-07,0.0012580310641844303,1.0002898195998194e-06,9,3,1.0,0.999959181166064,0.0,2.950520975346381e-05,0.0,0.8958594524733711,0.0,1.1313624182516413e-05,0.0,0.19432486563427995
9d 2d Kc Tc 4c,4s 8c,0,1,5,9.998460237123483e-07,9.99230592443818e-07,1.013215219688985e-06,9.957947574285692e-07,9,10,1.0,0.999959181166064,0.0,2.950520975346381e-05,1.0,0.4927083286566785,0.0,1.1313624182516413e-05,0.0,0.001875452330007434
9d 2d Kc Tc 4c,4s 8d,0,1,5,9.998460237123483e-07,9.99230592443818e-07,1.0060979806444937e-06,9.842208917726856e-07,9,3,1.0,0.999959181166064,0.0,2.950520975346381e-05,1.0,0.8958594524733711,0.0,1.1313624182516413e-05,0.0,0.19432486563427995
9d 2d Kc Tc 4c,4s 8h,0,1,5,9.998460237123483e-07,9.99230592443818e-07,1.0060979806444937e-06,9.82897366986094e-07,9,3,1.0,0.999959181166064,0.0,2.950520975346381e-05,1.0,0.8958594524733711,0.0,1.1313624182516413e-05,0.0,0.19432486563427995
9d 2d Kc Tc 4c,4s 8s,0,1,5,0.001244444970306037,0.007417272267024453,0.001262276943905338,0.007306074839925842,9,3,1.0,0.999959181166064,0.0,2.950520975346381e-05,0.4951017708335029,0.8958594524733711,0.0,1.1313624182516413e-05,0.0,0.19432486563427995
9d 2d Kc Tc 4c,4s 9c,0,1,5,0.001244444970306037,0.00669700194037848,0.0012132707939573285,0.0067548715835334325,10,1,0.0,6.666666666666667e-06,1.0,0.9989392906548963,1.0,0.99999,0.0,0.0010540426784370587,1.0,0.99999
9d 2d Kc Tc 4c,4s 9h,0,1,5,0.001244444970306037,0.00669700194037848,0.0012308582473835904,0.006775241212121716,10,1,0.0,6.666666666666667e-06,1.0,0.9989392906548963,1.0,0.99999,0.0,0.0010540426784370587,1.0,0.99999
9d 2d Kc Tc 4c,4s 9s,0,1,5,0.00020740749505100619,9.99230592443818e-07,0.00020363063352589784,1.0097758672775618e-06,10,1,0.0,6.666666666666667e-06,1.0,0.9989392906548963,1.0,0.99999,0.0,0.0010540426784370587,1.0,0.99999
9d 2d Kc Tc 4c,4s Td,0,1,5,9.998460237123483e-07,9.99230592443818e-07,9.978341427285343e-07,1.0026537478943122e-06,10,1,0.0,6.666666666666667e-06,0.0,0.9989392906548963,1.0,0.99999,1.0,0.0010540426784370587,1.0,0.99999
9d 2d Kc Tc 4c,4s Th,0,1,5,9.998460237123483e-07,9.99230592443818e-07,9.978341427285343e-07,1.0098317445495868e-06,10,1,0.0,6.666666666666667e-06,0.0,0.9989392906548963,1.0,0.99999,1.0,0.0010540426784370587,1.0,0.99999
9d 2d Kc Tc 4c,4s Ts,0,1,5,0.001244444970306037,9.99230592443818e-07,0.0012419409095688991,1.0111848173369148e-06,10,1,0.0,6.666666666666667e-06,0.0,0.9989392906548963,1.0,0.99999,1.0,0.0010540426784370587,1.0,0.99999
9d 2d Kc Tc 4c,4s Jc,0,1,5,9.998460237123483e-07,9.99230592443818e-07,9.871247327128686e-07,1.0030496810394754e-06,9,10,1.0,0.999959181166064,0.0,2.950520975346381e-05,1.0,0.4927083286566785,0.0,1.1313624182516413e-05,1.0,0.001875452330007434
9d 2d Kc Tc 4c,4s Jd,0,1,5,9.998460237123483e-07,9.99230592443818e-07,9.868088819412666e-07,1.0102278527014508e-06,9,10,1.0,0.999959181166064,0.0,2.950520975346381e-05,1.0,0.4927083286566785,0.0,1.1313624182516413e-05,1.0,0.001875452330007434
9d 2d Kc Tc 4c,4s Jh,0,1,5,9.998460237123483e-07,9.99230592443818e-07,9.933040433151363e-07,1.0187615313664019e-06,9,10,1.0,0.999959181166064,0.0,2.950520975346381e-05,1.0,0.4927083286566785,0.0,1.1313624182516413e-05,1.0,0.001875452330007434
9d 2d Kc Tc 4c,4s Js,0,1,5,9.998460237123483e-07,9.99230592443818e-07,9.933040433151363e-07,1.0187615313664019e-06,9,10,1.0,0.999959181166064,0.0,2.950520975346381e-05,1.0,0.4927083286566785,0.0,1.1313624182516413e-05,1.0,0.001875452330007434
9d 2d Kc Tc 4c,4s Qc,0,1,5,0.001244444970306037,9.99230592443818e-07,0.001234437178770473,1.0124937907426185e-06,9,10,1.0,0.999959181166064,0.0,2.950520975346381e-05,1.0,0.4927083286566785,0.0,1.1313624182516413e-05,1.0,0.001875452330007434
9d 2d Kc Tc 4c,4s Qd,0,1,5,0.001244444970306037,9.99230592443818e-07,0.0012325342457232306,1.0047230300363875e-06,9,10,1.0,0.999959181166064,0.0,2.950520975346381e-05,1.0,0.4927083286566785,0.0,1.1313624182516413e-05,1.0,0.001875452330007434
9d 2d Kc Tc 4c,4s Qh,0,1,5,0.001244444970306037,9.99230592443818e-07,0.0012383586133208739,9.995394245973357e-07,9,10,1.0,0.999959181166064,0.0,2.950520975346381e-05,1.0,0.4927083286566785,0.0,1.1313624182516413e-05,1.0,0.001875452330007434
9d 2d Kc Tc 4c,4s Qs,0,1,5,0.001244444970306037,9.99230592443818e-07,0.0012383586133208736,9.99539424597336e-07,9,10,1.0,0.999959181166064,0.0,2.950520975346381e-05,1.0,0.4927083286566785,0.0,1.1313624182516413e-05,1.0,0.001875452330007434
9d 2d Kc Tc 4c,4s Kd,0,1,5,0.00020740749505100613,0.0064016325893638815,0.0001992788714523256,0.006513096991307188,10,1,0.0,6.666666666666667e-06,0.0,0.9989392906548963,1.0,0.99999,1.0,0.0010540426784370587,1.0,0.99999
9d 2d Kc Tc 4c,4s Kh,0,1,5,0.00020740749505100613,0.0064016325893638815,0.0002006977059853353,0.006563249692496813,10,1,0.0,6.666666666666667e-06,0.0,0.9989392906548963,1.0,0.99999,1.0,0.0010540426784370587,1.0,0.99999
9d 2d Kc Tc 4c,4s Ks,0,1,5,0.00020740749505100613,9.99230592443818e-07,0.00019925201254309376,1.0244574000523786e-06,10,1,0.0,6.666666666666667e-06,0.0,0.9989392906548963,1.0,0.99999,1.0,0.0010540426784370587,1.0,0.99999
9d 2d Kc Tc 4c,4s Ac,0,1,5,0.00020740749505100613,0.0034725706595640587,0.00019967144466073895,0.0034826454029347224,9,10,1.0,0.999959181166064,0.0,2.950520975346381e-05,1.0,0.4927083286566785,0.0,1.1313624182516413e-05,1.0,0.001875452330007434
9d 2d Kc Tc 4c,4s Ad,0,1,5,0.001244444970306037,0.0034725706595640587,0.001210276416277628,0.0034199959659044644,9,10,1.0,0.999959181166064,0.0,2.950520975346381e-05,1.0,0.4927083286566785,0.0,1.1313624182516413e-05,0.8048733433108421,0.001875452330007434
9d 2d Kc Tc 4c,4s Ah,0,1,5,0.001244444970306037,0.0034725706595640587,0.001196844436557762,0.003467486474271582,9,10,1.0,0.999959181166064,0.0,2.950520975346381e-05,1.0,0.4927083286566785,0.0,1.1313624182516413e-05,0.0,0.001875452330007434
9d 2d Kc Tc 4c,4s As,0,1,5,0.001244444970306037,0.0032040611662324174,0.001196480551555828,0.003199370105270776,9,10,1.0,0.999959181166064,0.0,2.950520975346381e-05,1.0,0.4927083286566785,0.0,1.1313624182516413e-05,0.0,0.001875452330007434
9d 2d Kc Tc 4c,5c 5d,0,1,5,0.001244444970306037,0.003339636056865073,0.0012861787431710846,0.00332310306752281,9,10,1.0,0.999959181166064,0.0,2.950520975346381e-05,0.0,0.4927083286566785,0.0,1.1313624182516413e-05,0.0,0.001875452330007434
9d 2d Kc Tc 4c,5c 5h,0,1,5,0.001244444970306037,0.003339636056865073,0.0012897544932330893,0.003285763461376134,9,10,1.0,0.999959181166064,0.0,2.950520975346381e-05,0.0,0.4927083286566785,0.0,1.1313624182516413e-05,0.0,0.001875452330007434
9d 2d Kc Tc 4c,5c 5s,0,1,5,0.001244444970306037,0.003339636056865073,0.0012897544932330895,0.003285763461376134,9,10,1.0,0.999959181166064,0.0,2.950520975346381e-05,0.0,0.4927083286566785,0.0,1.1313624182516413e-05,0.0,0.001875452330007434
9d 2d Kc Tc 4c,5c 6c,0,1,5,0.001244444970306037,0.0033755021481204875,0.0012570212166881322,0.003349014527990415,5,1,0.0,6.666666666666667e-06,0.0,2.0306094220789084e-05,1.0,0.99999,1.0,0.9999730272391125,1.0,0.99999
9d 2d Kc Tc 4c,5c 6d,0,1,5,0.001244444970306037,9.99230592443818e-07,0.001245882530179469,9.931986695514748e-07,12,2,1.0,0.006160151193282386,0.0,0.48986146897349386,0.0,1e-05,0.0,0.5039783798332238,0.0,1e-05
9d 2d Kc Tc 4c,5c 6h,0,1,5,0.001244444970306037,9.99230592443818e-07,0.001245882530179469,9.91525114772088e-07,12,2,1.0,0.006160151193282386,0.0,0.48986146897349386,0.0,1e-05,0.0,0.5039783798332238,0.0,1e-05
9d 2d Kc Tc 4c,5c 6s,0,1,5,0.001244444970306037,9.99230592443818e-07,0.001245882530179469,9.91525114772088e-07,12,2,0.6948565619878906,0.006160151193282386,0.0,0.48986146897349386,0.0,1e-05,0.3051434380121094,0.5039783798332238,0.0,1e-05
9d 2d Kc Tc 4c,5c 7c,0,1,5,0.001244444970306037,9.99230592443818e-07,0.0012871385443492737,9.826850283282183e-07,5,1,0.0,6.666666666666667e-06,0.0,2.0306094220789084e-05,1.0,0.99999,1.0,0.9999730272391125,1.0,0.99999
9d 2d Kc Tc 4c,5c 7d,0,1,5,0.00045977810642050337,9.99230592443818e-07,0.0004771064954179371,9.883658122337193e-07,2,2,0.0,0.9954643098606948,1.0,0.004210212023580433,0.0,1e-05,0.0,0.00032547811572475907,0.0,1e-05
9d 2d Kc Tc 4c,5c 7h,0,1,5,0.00045977810642050337,9.99230592443818e-07,0.00047800286503137975,9.88557047263922e-07,2,2,0.0,0.9954643098606948,1.0,0.004210212023580433,0.0,1e-05,0.0,0.00032547811572475907,0.0,1e-05
9d 2d Kc Tc 4c,5c 7s,0,1,5,0.00045977810642050337,9.99230592443818e-07,0.00047800286503137975,9.88557047263922e-07,2,2,0.0,0.9954643098606948,1.0,0.004210212023580433,0.0,1e-05,0.0,0.00032547811572475907,0.0,1e-05
9d 2d Kc Tc 4c,5c 8c,0,1,5,0.001244444970306037,9.99230592443818e-07,0.0012968261773513073,9.862689044711422e-07,5,1,0.0,6.666666666666667e-06,0.0,2.0306094220789084e-05,1.0,0.99999,1.0,0.9999730272391125,1.0,0.99999
9d 2d Kc Tc 4c,5c 8d,0,1,5,0.001244444970306037,9.99230592443818e-07,0.0012879678010400252,9.746950388152582e-07,2,7,0.0,0.9954643098606948,0.6804538200062056,0.004210212023580433,0.0,3.103722716992478e-05,0.31954617999379437,0.00032547811572475907,0.0,1e-05
9d 2d Kc Tc 4c,5c 8h,0,1,5,0.00020740749505100613,9.99230592443818e-07,0.0002146613001733375,9.72243046708473e-07,2,7,0.0,0.9954643098606948,0.0,0.004210212023580433,0.0,3.103722716992478e-05,1.0,0.00032547811572475907,0.0,1e-05
9d 2d Kc Tc 4c,5c 8s,0,1,5,0.00020740749505100613,9.99230592443818e-07,0.00021466130017333746,9.72243046708473e-07,2,7,0.0,0.9954643098606948,1.0,0.004210212023580433,0.0,3.103722716992478e-05,0.0,0.00032547811572475907,0.0,1e-05
9d 2d Kc Tc 4c,5c 9c,0,1,5,0.001244444970306037,9.99230592443818e-07,0.0012399377639510157,9.969861449818938e-07,5,1,0.0,6.666666666666667e-06,0.0,2.0306094220789084e-05,1.0,0.99999,1.0,0.9999730272391125,1.0,0.99999
9d 2d Kc Tc 4c,5c 9h,0,1,5,0.0001549573756393653,0.0026395329220793334,0.00015703136819509054,0.002638500795748636,3,14,1.0,0.9999585294884566,0.0,2.8646578643993225e-05,1.0,0.009610196806144979,0.0,1.282393289933712e-05,0.0,0.00252881274002614
9d 2d Kc Tc 4c,5c 9s,0,1,5,0.0001549573756393653,0.0026395329220793334,0.00015703136819509057,0.002638500795748636,3,14,1.0,0.9999585294884566,0.0,2.8646578643993225e-05,0.8319136180968763,0.009610196806144979,0.0,1.282393289933712e-05,0.5429043543332392,0.00252881274002614
9d 2d Kc Tc 4c,5c Td,0,1,5,0.001244444970306037,9.99230592443818e-07,0.0012776823257907898,9.931278949368854e-07,8,8,1.0,0.9998327155272967,0.0,0.0001460205384420505,0.0,0.99999,0.0,2.1263934261221164e-05,0.0,0.9988882788311626
9d 2d Kc Tc 4c,5c Th,0,1,5,0.001244444970306037,9.99230592443818e-07,0.0012776823257907898,1.0003058915921602e-06,8,8,1.0,0.9998327155272967,0.0,0.0001460205384420505,0.0,0.99999,0.0,2.1263934261221164e-05,0.0,0.9988882788311626
9d 2d Kc Tc 4c,5c Ts,0,1,5,0.001244444970306037,9.99230592443818e-07,0.0012776823257907898,1.0003058915921602e-06,8,8,1.0,0.9998327155272967,0.0,0.0001460205384420505,0.0,0.99999,0.0,2.1263934261221164e-05,0.0,0.9988882788311626
9d 2d Kc Tc 4c,5c Jc,0,1,5,0.001244444970306037,9.99230592443818e-07,0.0012643530019620494,9.935238280820484e-07,5,1,0.0,6.666666666666667e-06,0.0,2.0306094220789084e-05,1.0,0.99999,1.0,0.9999730272391125,1.0,0.99999
9d 2d Kc Tc 4c,5c Jd,0,1,5,0.00020740749505100613,9.99230592443818e-07,0.0002106599804211484,9.995735324238303e-07,8,4,0.0,0.9998327155272967,0.0,0.0001460205384420505,0.0,3.592531340698405e-05,1.0,2.1263934261221164e-05,0.0,1.2483206694729829e-05
9d 2d Kc Tc 4c,5c Jh,0,1,5,0.00020740749505100613,9.99230592443818e-07,0.00021200733303200795,1.0081072110887813e-06,8,4,0.0,0.9998327155272967,0.0,0.0001460205384420505,0.0,3.592531340698405e-05,1.0,2.1263934261221164e-05,0.0,1.2483206694729829e-05
9d 2d Kc Tc 4c,5c Js,0,1,5,0.00020740749505100613,9.99230592443818e-07,0.00021200733303200795,1.0081072110887813e-06,8,4,0.0,0.9998327155272967,0.0,0.0001460205384420505,0.0,3.592531340698405e-05,1.0,2.1263934261221164e-05,0.0,1.2483206694729829e-05
9d 2d Kc Tc 4c,5c Qc,0,1,5,0.000185960259292819,9.99230592443818e-07,0.000189805693710089,1.0004630595580365e-06,5,1,0.0,6.666666666666667e-06,0.0,2.0306094220789084e-05,1.0,0.99999,1.0,0.9999730272391125,1.0,0.99999
9d 2d Kc Tc 4c,5c Qd,0,1,5,0.0006556186994145394,9.99230592443818e-07,0.0006681735712098932,9.932033644728434e-07,3,9,1.0,0.9999585294884566,0.0,2.8646578643993225e-05,0.0,6.51757959137998e-05,0.0,1.282393289933712e-05,0.0,0.3819288804739562
9d 2d Kc Tc 4c,5c Qh,0,1,5,0.003933712196487236,9.99230592443818e-07,0.004027452354542098,9.915868638610078e-07,3,9,1.0,0.9999585294884566,0.0,2.8646578643993225e-05,0.0,6.51757959137998e-05,0.0,1.282393289933712e-05,0.0,0.3819288804739562
9d 2d Kc Tc 4c,5c Qs,0,1,5,0.003933712196487236,9.99230592443818e-07,0.004027452354542098,9.915868638610078e-07,3,9,1.0,0.9999585294884566,0.0,2.8646578643993225e-05,0.0,6.51757959137998e-05,0.0,1.282393289933712e-05,0.0,0.3819288804739562
9d 2d Kc Tc 4c,5c Kd,0,1,5,0.00020740749505100613,9.99230592443818e-07,0.00020379008071373244,1.0057501410468818e-06,14,12,0.0,6.666666666666667e-06,1.0,0.9999112214706337,1.0,0.99999,0.0,8.211186269956467e-05,1.0,0.99999
9d 2d Kc Tc 4c,5c Kh,0,1,5,0.00020740749505100613,9.99230592443818e-07,0.00020520891524674218,1.0135784743076235e-06,14,12,0.0,6.666666666666667e-06,1.0,0.9999112214706337,1.0,0.99999,0.0,8.211186269956467e-05,1.0,0.99999
9d 2d Kc Tc 4c,5c Ks,0,1,5,0.00020740749505100613,9.99230592443818e-07,0.00020520891524674218,1.0135784743076235e-06,14,12,0.0,6.666666666666667e-06,1.0,0.9999112214706337,1.0,0.99999,0.0,8.211186269956467e-05,1.0,0.99999
9d 2d Kc Tc 4c,5c Ac,0,1,5,0.001244444970306037,9.99230592443818e-07,0.0012290653984768146,9.923791367391181e-07,5,1,0.0,6.666666666666667e-06,0.0,2.0306094220789084e-05,1.0,0.99999,1.0,0.9999730272391125,1.0,0.99999
9d 2d Kc Tc 4c,5c Ad,0,1,5,0.0015217112415559615,9.99230592443818e-07,0.0015178816378654597,9.735250343485115e-07,9,0,1.0,0.999959181166064,0.0,2.950520975346381e-05,0.0,0.4151606231392745,0.0,1.1313624182516413e-05,0.0,0.0003226866067773865
9d 2d Kc Tc 4c,5c Ah,0,1,5,0.0015217112415559615,9.99230592443818e-07,0.001501456970625216,9.871904060466897e-07,9,0,1.0,0.999959181166064,0.0,2.950520975346381e-05,0.0,0.4151606231392745,0.0,1.1313624182516413e-05,0.0,0.0003226866067773865
9d 2d Kc Tc 4c,5c As,0,1,5,0.0015217112415559615,9.99230592443818e-07,0.001501456970625216,9.871904060466897e-07,9,0,1.0,0.999959181166064,0.0,2.950520975346381e-05,0.0,0.4151606231392745,0.0,1.1313624182516413e-05,0.0,0.0003226866067773865
9d 2d Kc Tc 4c,5d 5h,0,1,5,0.001244444970306037,0.003339636056865073,0.0012802315332278626,0.0032995933143298963,9,10,1.0,0.999959181166064,0.0,2.950520975346381e-05,0.0,0.4927083286566785,0.0,1.1313624182516413e-05,0.0,0.001875452330007434
9d 2d Kc Tc 4c,5d 5s,0,1,5,0.001244444970306037,0.003339636056865073,0.001280231533227863,0.0032995933143298963,9,10,1.0,0.999959181166064,0.0,2.950520975346381e-05,0.0,0.4927083286566785,0.0,1.1313624182516413e-05,0.0,0.001875452330007434
9d 2d Kc Tc 4c,5d 6c,0,1,5,0.001244444970306037,9.99230592443818e-07,0.0012429251185586826,9.955275533319657e-07,12,2,0.6556130592322338,0.006160151193282386,0.0,0.48986146897349386,0.0,1e-05,0.34438694076776616,0.5039783798332238,0.0,1e-05
9d 2d Kc Tc 4c,5d 6d,0,1,5,0.001244444970306037,0.0033755021481204875,0.0012409327082984656,0.003369104080596852,12,2,1.0,0.006160151193282386,0.0,0.48986146897349386,0.0,1e-05,0.0,0.5039783798332238,0.0,1e-05
9d 2d Kc Tc 4c,5d 6h,0,1,5,0.001244444970306037,9.99230592443818e-07,0.0012363595701742423,9.956630543334933e-07,12,2,1.0,0.006160151193282386,0.0,0.48986146897349386,0.0,1e-05,0.0,0.5039783798332238,0.0,1e-05
9d 2d Kc Tc 4c,5d 6s,0,1,5,0.001244444970306037,9.99230592443818e-07,0.0012363595701742425,9.956630543334933e-07,12,2,1.0,0.006160151193282386,0.0,0.48986146897349386,0.0,1e-05,0.0,0.5039783798332238,0.0,1e-05
9d 2d Kc Tc 4c,5d 7c,0,1,5,0.00045977810642050337,9.99230592443818e-07,0.0004720334672240037,9.85969121298481e-07,12,2,0.0,0.006160151193282386,0.0,0.48986146897349386,0.0,1e-05,1.0,0.5039783798332238,0.0,1e-05
9d 2d Kc Tc 4c,5d 7d,0,1,5,0.001244444970306037,9.99230592443818e-07,0.0012818233877918926,9.933575983862667e-07,12,2,1.0,0.006160151193282386,0.0,0.48986146897349386,0.0,1e-05,0.0,0.5039783798332238,0.0,1e-05
9d 2d Kc Tc 4c,5d 7h,0,1,5,7.662968440341721e-05,9.99230592443818e-07,7.908074506450386e-05,9.922780583310853e-07,12,2,0.10994960970903234,0.006160151193282386,0.8900503902909677,0.48986146897349386,0.0,1e-05,0.0,0.5039783798332238,0.0,1e-05
9d 2d Kc Tc 4c,5d 7s,0,1,5,7.662968440341721e-05,9.99230592443818e-07,7.908074506450386e-05,9.922780583310853e-07,12,2,0.0,0.006160151193282386,1.0,0.48986146897349386,0.0,1e-05,0.0,0.5039783798332238,0.0,1e-05
9d 2d Kc Tc 4c,5d 8c,0,1,5,0.00020740749505100613,9.99230592443818e-07,0.00021455053622434676,9.892783767123536e-07,2,7,0.0,0.9954643098606948,0.0,0.004210212023580433,0.0,3.103722716992478e-05,1.0,0.00032547811572475907,0.0,1e-05
9d 2d Kc Tc 4c,5d 8d,0,1,5,0.001244444970306037,9.99230592443818e-07,0.0012784448410347988,9.788329783766633e-07,2,7,1.0,0.9954643098606948,0.0,0.004210212023580433,0.0,3.103722716992478e-05,0.0,0.00032547811572475907,0.0,1e-05
9d 2d Kc Tc 4c,5d 8h,0,1,5,0.001244444970306037,9.99230592443818e-07,0.0012784448410347988,9.77509453590072e-07,2,7,1.0,0.9954643098606948,0.0,0.004210212023580433,0.0,3.103722716992478e-05,0.0,0.00032547811572475907,0.0,1e-05
9d 2d Kc Tc 4c,5d 8s,0,1,5,0.001244444970306037,9.99230592443818e-07,0.0012784448410347988,9.77509453590072e-07,2,7,1.0,0.9954643098606948,0.0,0.004210212023580433,0.0,3.103722716992478e-05,0.0,0.00032547811572475907,0.0,1e-05
9d 2d Kc Tc 4c,5d 9c,0,1,5,0.0009297442538361918,0.0026395329220793334,0.0009219335963041737,0.0026436301113773454,3,14,1.0,0.9999585294884566,0.0,2.8646578643993225e-05,0.0,0.009610196806144979,0.0,1.282393289933712e-05,1.0,0.00252881274002614
9d 2d Kc Tc 4c,5d 9h,0,1,5,0.0001549573756393653,0.0026395329220793334,0.00015584557619468923,0.0026494314335658705,3,14,1.0,0.9999585294884566,0.0,2.8646578643993225e-05,0.6741632944422121,0.009610196806144979,0.0,1.282393289933712e-05,0.0,0.00252881274002614
9d 2d Kc Tc 4c,5d 9s,0,1,5,0.0001549573756393653,0.0026395329220793334,0.0001558455761946893,0.00264943143356587,3,14,1.0,0.9999585294884566,0.0,2.8646578643993225e-05,0.0,0.009610196806144979,0.0,1.282393289933712e-05,0.0,0.00252881274002614
9d 2d Kc Tc 4c,5d Td,0,1,5,9.998460237123483e-07,9.99230592443818e-07,1.0188992921096767e-06,9.959127617109625e-07,11,8,1.0,0.999915129897472,0.0,5.728078616758273e-05,0.0,0.99999,0.0,2.7589316360402657e-05,0.0,0.9988882788311626
9d 2d Kc Tc 4c,5d Th,0,1,5,0.001244444970306037,9.99230592443818e-07,0.0012681593657855631,1.004443831153565e-06,11,5,1.0,0.999915129897472,0.0,5.728078616758273e-05,0.0,0.99999,0.0,2.7589316360402657e-05,0.0,0.9988998402932956
9d 2d Kc Tc 4c,5d Ts,0,1,5,0.001244444970306037,9.99230592443818e-07,0.0012681593657855631,1.0044438311535653e-06,11,5,1.0,0.999915129897472,0.0,5.728078616758273e-05,0.0,0.99999,0.0,2.7589316360402657e-05,0.0,0.9988998402932956
9d 2d Kc Tc 4c,5d Jc,0,1,5,0.001244444970306037,9.99230592443818e-07,0.0012548300419568227,9.97661767643454e-07,8,4,0.0,0.9998327155272967,0.0,0.0001460205384420505,0.0,3.592531340698405e-05,1.0,2.1263934261221164e-05,0.0,1.2483206694729829e-05
9d 2d Kc Tc 4c,5d Jd,0,1,5,0.001244444970306037,9.99230592443818e-07,0.0012544369225216644,1.0048399393054293e-06,8,4,0.2791708066161416,0.9998327155272967,0.0,0.0001460205384420505,0.0,3.592531340698405e-05,0.7208291933838584,2.1263934261221164e-05,0.0,1.2483206694729829e-05
9d 2d Kc Tc 4c,5d Jh,0,1,5,0.001244444970306037,9.99230592443818e-07,0.0012625210381868215,1.0133736179703798e-06,8,4,1.0,0.9998327155272967,0.0,0.0001460205384420505,0.0,3.592531340698405e-05,0.0,2.1263934261221164e-05,0.0,1.2483206694729829e-05
9d 2d Kc Tc 4c,5d Js,0,1,5,0.001244444970306037,9.99230592443818e-07,0.0012625210381868215,1.0133736179703798e-06,8,4,0.44583747328280765,0.9998327155272967,0.0,0.0001460205384420505,0.0,3.592531340698405e-05,0.5541625267171923,2.1263934261221164e-05,0.0,1.2483206694729829e-05
9d 2d Kc Tc 4c,5d Qc,0,1,5,0.0006556186994145394,9.99230592443818e-07,0.0006641590649176072,1.005112064740479e-06,3,9,1.0,0.9999585294884566,0.0,2.8646578643993225e-05,0.0,6.51757959137998e-05,0.0,1.282393289933712e-05,0.0,0.3819288804739562
9d 2d Kc Tc 4c,5d Qd,0,1,5,0.0011157615557569138,9.99230592443818e-07,0.0011285897782079392,9.978420151352386e-07,3,9,1.0,0.9999585294884566,0.0,2.8646578643993225e-05,0.0,6.51757959137998e-05,0.0,1.282393289933712e-05,0.0,0.3819288804739562
9d 2d Kc Tc 4c,5d Qh,0,1,5,0.0006556186994145394,9.99230592443818e-07,0.0006662250187212059,9.921576985951968e-07,3,9,1.0,0.9999585294884566,0.0,2.8646578643993225e-05,0.0,6.51757959137998e-05,0.0,1.282393289933712e-05,0.0,0.3819288804739562
9d 2d Kc Tc 4c,5d Qs,0,1,5,0.0006556186994145394,9.99230592443818e-07,0.0006662250187212059,9.921576985951968e-07,3,9,1.0,0.9999585294884566,0.0,2.8646578643993225e-05,0.0,6.51757959137998e-05,0.0,1.282393289933712e-05,0.0,0.3819288804739562
9d 2d Kc Tc 4c,5d Kd,0,1,5,0.00020740749505100613,0.0048377107618282405,0.00020329537543582082,0.0048893083065563135,14,12,0.0,6.666666666666667e-06,1.0,0.9999112214706337,1.0,0.99999,0.0,8.211186269956467e-05,0.0,0.99999
9d 2d Kc Tc 4c,5d Kh,0,1,5,0.00020740749505100613,9.99230592443818e-07,0.00020362175524587107,1.0177164138690286e-06,14,12,0.0,6.666666666666667e-06,1.0,0.9999112214706337,1.0,0.99999,0.0,8.211186269956467e-05,0.0,0.99999
9d 2d Kc Tc 4c,5d Ks,0,1,5,0.00020740749505100613,9.99230592443818e-07,0.0002036217552458711,1.0177164138690286e-06,14,12,0.0,6.666666666666667e-06,1.0,0.9999112214706337,1.0,0.99999,0.0,8.211186269956467e-05,0.0,0.99999
9d 2d Kc Tc 4c,5d Ac,0,1,5,0.0015217112415559615,9.99230592443818e-07,0.00149126034694841,9.968187876017667e-07,9,0,1.0,0.999959181166064,0.0,2.950520975346381e-05,0.0,0.4151606231392745,0.0,1.1313624182516413e-05,0.0,0.0003226866067773865
9d 2d Kc Tc 4c,5d Ad,0,1,5,0.00020740749505100613,9.99230592443818e-07,0.0002052983644641303,9.762327952884797e-07,9,0,1.0,0.999959181166064,0.0,2.950520975346381e-05,0.0,0.4151606231392745,0.0,1.1313624182516413e-05,0.0,0.0003226866067773865
9d 2d Kc Tc 4c,5d Ah,0,1,5,0.0015217112415559615,9.99230592443818e-07,0.0014898122650427127,9.913283456080946e-07,9,0,1.0,0.999959181166064,0.0,2.950520975346381e-05,0.0,0.4151606231392745,0.0,1.1313624182516413e-05,0.0,0.0003226866067773865
9d 2d Kc Tc 4c,5d As,0,1,5,0.0015217112415559615,9.99230592443818e-07,0.0014898122650427127,9.913283456080946e-07,9,0,1.0,0.999959181166064,0.0,2.950520975346381e-05,0.0,0.4151606231392745,0.0,1.1313624182516413e-05,0.0,0.0003226866067773865
9d 2d Kc Tc 4c,5h 5s,0,1,5,0.001244444970306037,0.003339636056865073,0.0012838072832898678,0.0032622537081832205,9,10,1.0,0.999959181166064,0.0,2.950520975346381e-05,0.0,0.4927083286566785,0.0,1.1313624182516413e-05,0.0,0.001875452330007434
9d 2d Kc Tc 4c,5h 6c,0,1,5,0.001244444970306037,9.99230592443818e-07,0.0012465008686206873,9.843554147706815e-07,12,2,0.0936692262195511,0.006160151193282386,0.0,0.48986146897349386,0.0,1e-05,0.9063307737804489,0.5039783798332238,0.0,1e-05
9d 2d Kc Tc 4c,5h 6d,0,1,5,0.001244444970306037,9.99230592443818e-07,0.0012399353202362472,9.861644705515957e-07,12,2,1.0,0.006160151193282386,0.0,0.48986146897349386,0.0,1e-05,0.0,0.5039783798332238,0.0,1e-05
9d 2d Kc Tc 4c,5h 6h,0,1,5,0.001244444970306037,0.0033755021481204875,0.0012445084583604703,0.0033257100274189126,12,2,1.0,0.006160151193282386,0.0,0.48986146897349386,0.0,1e-05,0.0,0.5039783798332238,0.0,1e-05
9d 2d Kc Tc 4c,5h 6s,0,1,5,0.001244444970306037,9.99230592443818e-07,0.0012399353202362472,9.84490915772209e-07,12,2,1.0,0.006160151193282386,0.0,0.48986146897349386,0.0,1e-05,0.0,0.5039783798332238,0.0,1e-05
9d 2d Kc Tc 4c,5h 7c,0,1,5,0.00045977810642050337,9.99230592443818e-07,0.0004733545795526084,9.747969827371965e-07,12,2,0.0,0.006160151193282386,0.0,0.48986146897349386,0.0,1e-05,1.0,0.5039783798332238,0.0,1e-05
9d 2d Kc Tc 4c,5h 7d,0,1,5,0.00045977810642050337,9.99230592443818e-07,0.00047490921310218534,9.813316132338398e-07,12,2,1.0,0.006160151193282386,0.0,0.48986146897349386,0.0,1e-05,0.0,0.5039783798332238,0.0,1e-05
9d 2d Kc Tc 4c,5h 7h,0,1,5,0.001244444970306037,9.99230592443818e-07,0.0012878252704630992,9.823766948551853e-07,12,2,0.49344194721504764,0.006160151193282386,0.5065580527849524,0.48986146897349386,0.0,1e-05,0.0,0.5039783798332238,0.0,1e-05
9d 2d Kc Tc 4c,5h 7s,0,1,5,0.00045977810642050337,9.99230592443818e-07,0.00047580558271562796,9.815228482640425e-07,12,2,0.16029137644595093,0.006160151193282386,0.8397086235540491,0.48986146897349386,0.0,1e-05,0.0,0.5039783798332238,0.0,1e-05
9d 2d Kc Tc 4c,5h 8c,0,1,5,0.001244444970306037,9.99230592443818e-07,0.0012908789674080856,9.79234705471263e-07,2,7,0.0,0.9954643098606948,0.0,0.004210212023580433,0.0,3.103722716992478e-05,1.0,0.00032547811572475907,0.0,1e-05
9d 2d Kc Tc 4c,5h 8d,0,1,5,0.001244444970306037,9.99230592443818e-07,0.0012820205910968035,9.676608398153791e-07,2,7,1.0,0.9954643098606948,0.0,0.004210212023580433,0.0,3.103722716992478e-05,0.0,0.00032547811572475907,0.0,1e-05
9d 2d Kc Tc 4c,5h 8h,0,1,5,0.001244444970306037,9.99230592443818e-07,0.0012820205910968037,9.663373150287878e-07,2,7,1.0,0.9954643098606948,0.0,0.004210212023580433,0.0,3.103722716992478e-05,0.0,0.00032547811572475907,0.0,1e-05
9d 2d Kc Tc 4c,5h 8s,0,1,5,0.001244444970306037,9.99230592443818e-07,0.0012820205910968035,9.663373150287878e-07,2,7,0.6990245860795143,0.9954643098606948,0.30097541392048566,0.004210212023580433,0.0,3.103722716992478e-05,0.0,0.00032547811572475907,0.0,1e-05
9d 2d Kc Tc 4c,5h 9c,0,1,5,0.0009297442538361918,0.0026395329220793334,0.0009246050949663329,0.0026141181771295948,3,14,1.0,0.9999585294884566,0.0,2.8646578643993225e-05,0.0,0.009610196806144979,0.0,1.282393289933712e-05,0.5001892817066702,0.00252881274002614
9d 2d Kc Tc 4c,5h 9h,0,1,5,0.00020740749505100619,9.99230592443818e-07,0.00020859633457234264,9.918627425329279e-07,3,14,1.0,0.9999585294884566,0.0,2.8646578643993225e-05,0.0,0.009610196806144979,0.0,1.282393289933712e-05,0.0,0.00252881274002614
9d 2d Kc Tc 4c,5h 9s,0,1,5,0.0009297442538361918,0.0026395329220793334,0.0009377449558302948,0.0026221465912987943,3,14,1.0,0.9999585294884566,0.0,2.8646578643993225e-05,0.0,0.009610196806144979,0.0,1.282393289933712e-05,0.0,0.00252881274002614
9d 2d Kc Tc 4c,5h Td,0,1,5,0.001244444970306037,9.99230592443818e-07,0.0012717351158475678,9.860936959370066e-07,8,5,1.0,0.9998327155272967,0.0,0.0001460205384420505,0.0,0.99999,0.0,2.1263934261221164e-05,0.0,0.9988998402932956
9d 2d Kc Tc 4c,5h Th,0,1,5,9.998460237123483e-07,9.99230592443818e-07,1.0217722190502752e-06,9.91918619804953e-07,8,5,1.0,0.9998327155272967,0.0,0.0001460205384420505,0.0,0.99999,0.0,2.1263934261221164e-05,0.0,0.9988998402932956
9d 2d Kc Tc 4c,5h Ts,0,1,5,0.001244444970306037,9.99230592443818e-07,0.0012717351158475678,9.932716925922811e-07,8,5,1.0,0.9998327155272967,0.0,0.0001460205384420505,0.0,0.99999,0.0,2.1263934261221164e-05,0.0,0.9988998402932956
9d 2d Kc Tc 4c,5h Jc,0,1,5,0.00020740749505100613,9.99230592443818e-07,0.00020973429866980457,9.853611617619758e-07,8,4,0.0,0.9998327155272967,0.0,0.0001460205384420505,0.0,3.592531340698405e-05,1.0,2.1263934261221164e-05,0.0,1.2483206694729829e-05
9d 2d Kc Tc 4c,5h Jd,0,1,5,0.00020740749505100613,9.99230592443818e-07,0.00020966877876394478,9.925393334239513e-07,8,4,1.0,0.9998327155272967,0.0,0.0001460205384420505,0.0,3.592531340698405e-05,0.0,2.1263934261221164e-05,0.0,1.2483206694729829e-05
9d 2d Kc Tc 4c,5h Jh,0,1,5,0.00020740749505100613,9.99230592443818e-07,0.00021101613137480433,1.0010730120889022e-06,8,4,1.0,0.9998327155272967,0.0,0.0001460205384420505,0.0,3.592531340698405e-05,0.0,2.1263934261221164e-05,0.0,1.2483206694729829e-05
9d 2d Kc Tc 4c,5h Js,0,1,5,0.001244444970306037,9.99230592443818e-07,0.001266096788248826,1.0022014794090958e-06,8,4,1.0,0.9998327155272967,0.0,0.0001460205384420505,0.0,3.592531340698405e-05,0.0,2.1263934261221164e-05,0.0,1.2483206694729829e-05
9d 2d Kc Tc 4c,5h Qc,0,1,5,0.003933712196487236,9.99230592443818e-07,0.003996257397646726,9.975070310064114e-07,3,9,1.0,0.9999585294884566,0.0,2.8646578643993225e-05,0.0,6.51757959137998e-05,0.0,1.282393289933712e-05,0.0,0.3819288804739562
9d 2d Kc Tc 4c,5h Qd,0,1,5,0.003933712196487236,9.99230592443818e-07,0.003990242193185578,9.897362703001805e-07,3,9,1.0,0.9999585294884566,0.0,2.8646578643993225e-05,0.0,6.51757959137998e-05,0.0,1.282393289933712e-05,0.0,0.3819288804739562
9d 2d Kc Tc 4c,5h Qh,0,1,5,0.000185960259292819,9.99230592443818e-07,0.00018950297745801929,9.804744944128752e-07,3,9,1.0,0.9999585294884566,0.0,2.8646578643993225e-05,0.0,6.51757959137998e-05,0.0,1.282393289933712e-05,0.0,0.3819288804739562
9d 2d Kc Tc 4c,5h Qs,0,1,5,0.003933712196487236,9.99230592443818e-07,0.004008653120468318,9.845526648611287e-07,3,9,1.0,0.9999585294884566,0.0,2.8646578643993225e-05,0.0,6.51757959137998e-05,0.0,1.282393289933712e-05,0.0,0.3819288804739562
9d 2d Kc Tc 4c,5h Kd,0,1,5,0.00020740749505100613,9.99230592443818e-07,0.00020279887905652881,9.98715942047003e-07,14,12,0.0,6.666666666666667e-06,1.0,0.9999112214706337,1.0,0.99999,0.0,8.211186269956467e-05,0.0,0.99999
9d 2d Kc Tc 4c,5h Kh,0,1,5,0.001244444970306037,0.0048377107618282405,0.0012318610098749883,0.004878582889951116,14,12,0.0,6.666666666666667e-06,1.0,0.9999112214706337,1.0,0.99999,0.0,8.211186269956467e-05,0.0,0.99999
9d 2d Kc Tc 4c,5h Ks,0,1,5,0.001244444970306037,9.99230592443818e-07,0.0012253062815372317,1.0076727426279383e-06,14,12,0.0,6.666666666666667e-06,1.0,0.9999112214706337,1.0,0.99999,0.0,8.211186269956467e-05,0.0,0.99999
9d 2d Kc Tc 4c,5h Ac,0,1,5,0.00025361854025932686,9.99230592443818e-07,0.0002492721309036553,9.842667556359193e-07,9,0,1.0,0.999959181166064,0.0,2.950520975346381e-05,0.0,0.4151606231392745,0.0,1.1313624182516413e-05,0.0,0.0003226866067773865
9d 2d Kc Tc 4c,5h Ad,0,1,5,0.0015217112415559615,9.99230592443818e-07,0.0015106093707564782,9.664908353486323e-07,9,0,1.0,0.999959181166064,0.0,2.950520975346381e-05,0.0,0.4151606231392745,0.0,1.1313624182516413e-05,0.0,0.0003226866067773865
9d 2d Kc Tc 4c,5h Ah,0,1,5,0.001244444970306037,9.99230592443818e-07,0.0012219339571269208,9.798544957455672e-07,9,0,1.0,0.999959181166064,0.0,2.950520975346381e-05,0.0,0.4151606231392745,0.0,1.1313624182516413e-05,0.0,0.0003226866067773865
9d 2d Kc Tc 4c,5h As,0,1,5,0.0015217112415559615,9.99230592443818e-07,0.0014941847035162344,9.801562070468109e-07,9,0,1.0,0.999959181166064,0.0,2.950520975346381e-05,0.0,0.4151606231392745,0.0,1.1313624182516413e-05,0.0,0.0003226866067773865
9d 2d Kc Tc 4c,5s 6c,0,1,5,0.001244444970306037,9.99230592443818e-07,0.0012465008686206873,9.843554147706817e-07,12,2,0.9811650862700764,0.006160151193282386,0.0,0.48986146897349386,0.0,1e-05,0.01883491372992365,0.5039783798332238,0.0,1e-05
9d 2d Kc Tc 4c,5s 6d,0,1,5,0.001244444970306037,9.99230592443818e-07,0.0012399353202362472,9.861644705515957e-07,12,2,1.0,0.006160151193282386,0.0,0.48986146897349386,0.0,1e-05,0.0,0.5039783798332238,0.0,1e-05
9d 2d Kc Tc 4c,5s 6h,0,1,5,0.001244444970306037,9.99230592443818e-07,0.001239935320236247,9.84490915772209e-07,12,2,1.0,0.006160151193282386,0.0,0.48986146897349386,0.0,1e-05,0.0,0.5039783798332238,0.0,1e-05
9d 2d Kc Tc 4c,5s 6s,0,1,5,0.001244444970306037,0.0033755021481204875,0.0012445084583604703,0.0033257100274189126,12,2,1.0,0.006160151193282386,0.0,0.48986146897349386,0.0,1e-05,0.0,0.5039783798332238,0.0,1e-05
9d 2d Kc Tc 4c,5s 7c,0,1,5,0.00045977810642050337,9.99230592443818e-07,0.0004733545795526085,9.747969827371965e-07,12,2,0.0,0.006160151193282386,0.0,0.48986146897349386,0.0,1e-05,1.0,0.5039783798332238,0.0,1e-05
9d 2d Kc Tc 4c,5s 7d,0,1,5,0.00045977810642050337,9.99230592443818e-07,0.00047490921310218534,9.813316132338398e-07,12,2,1.0,0.006160151193282386,0.0,0.48986146897349386,0.0,1e-05,0.0,0.5039783798332238,0.0,1e-05
9d 2d Kc Tc 4c,5s 7h,0,1,5,0.00045977810642050337,9.99230592443818e-07,0.000475805582715628,9.815228482640425e-07,12,2,0.0,0.006160151193282386,1.0,0.48986146897349386,0.0,1e-05,0.0,0.5039783798332238,0.0,1e-05
9d 2d Kc Tc 4c,5s 7s,0,1,5,0.001244444970306037,9.99230592443818e-07,0.0012878252704630992,9.823766948551853e-07,12,2,0.4409904019855959,0.006160151193282386,0.5590095980144041,0.48986146897349386,0.0,1e-05,0.0,0.5039783798332238,0.0,1e-05
9d 2d Kc Tc 4c,5s 8c,0,1,5,0.001244444970306037,9.99230592443818e-07,0.0012908789674080856,9.79234705471263e-07,2,7,0.0,0.9954643098606948,0.0,0.004210212023580433,0.0,3.103722716992478e-05,1.0,0.00032547811572475907,0.0,1e-05
9d 2d Kc Tc 4c,5s 8d,0,1,5,0.001244444970306037,9.99230592443818e-07,0.0012820205910968035,9.676608398153791e-07,2,7,1.0,0.9954643098606948,0.0,0.004210212023580433,0.0,3.103722716992478e-05,0.0,0.00032547811572475907,0.0,1e-05
9d 2d Kc Tc 4c,5s 8h,0,1,5,0.001244444970306037,9.99230592443818e-07,0.0012820205910968035,9.663373150287878e-07,2,7,1.0,0.9954643098606948,0.0,0.004210212023580433,0.0,3.103722716992478e-05,0.0,0.00032547811572475907,0.0,1e-05
9d 2d Kc Tc 4c,5s 8s,0,1,5,0.001244444970306037,9.99230592443818e-07,0.0012820205910968035,9.663373150287878e-07,2,7,1.0,0.9954643098606948,0.0,0.004210212023580433,0.0,3.103722716992478e-05,0.0,0.00032547811572475907,0.0,1e-05
9d 2d Kc Tc 4c,5s 9c,0,1,5,0.0009297442538361918,0.0026395329220793334,0.000924605094966333,0.0026141181771295948,3,14,1.0,0.9999585294884566,0.0,2.8646578643993225e-05,0.0,0.009610196806144979,0.0,1.282393289933712e-05,0.5001892817066459,0.00252881274002614
9d 2d Kc Tc 4c,5s 9h,0,1,5,0.0009297442538361918,0.0026395329220793334,0.0009377449558302948,0.0026221465912987943,3,14,1.0,0.9999585294884566,0.0,2.8646578643993225e-05,0.0,0.009610196806144979,0.0,1.282393289933712e-05,0.0,0.00252881274002614
9d 2d Kc Tc 4c,5s 9s,0,1,5,0.00020740749505100619,9.99230592443818e-07,0.00020859633457234262,9.91862742532928e-07,3,14,1.0,0.9999585294884566,0.0,2.8646578643993225e-05,0.0,0.009610196806144979,0.0,1.282393289933712e-05,0.0,0.00252881274002614
9d 2d Kc Tc 4c,5s Td,0,1,5,0.001244444970306037,9.99230592443818e-07,0.001271735115847568,9.860936959370066e-07,8,5,1.0,0.9998327155272967,0.0,0.0001460205384420505,0.0,0.99999,0.0,2.1263934261221164e-05,0.0,0.9988998402932956
9d 2d Kc Tc 4c,5s Th,0,1,5,0.001244444970306037,9.99230592443818e-07,0.001271735115847568,9.932716925922811e-07,8,5,1.0,0.9998327155272967,0.0,0.0001460205384420505,0.0,0.99999,0.0,2.1263934261221164e-05,0.0,0.9988998402932956
9d 2d Kc Tc 4c,5s Ts,0,1,5,9.998460237123483e-07,9.99230592443818e-07,1.0217722190502752e-06,9.919186198049533e-07,8,5,1.0,0.9998327155272967,0.0,0.0001460205384420505,0.0,0.99999,0.0,2.1263934261221164e-05,0.0,0.9988998402932956
9d 2d Kc Tc 4c,5s Jc,0,1,5,0.00020740749505100613,9.99230592443818e-07,0.00020973429866980454,9.853611617619758e-07,8,4,0.0,0.9998327155272967,0.0,0.0001460205384420505,0.0,3.592531340698405e-05,1.0,2.1263934261221164e-05,0.0,1.2483206694729829e-05
9d 2d Kc Tc 4c,5s Jd,0,1,5,0.00020740749505100613,9.99230592443818e-07,0.00020966877876394478,9.925393334239513e-07,8,4,1.0,0.9998327155272967,0.0,0.0001460205384420505,0.0,3.592531340698405e-05,0.0,2.1263934261221164e-05,0.0,1.2483206694729829e-05
9d 2d Kc Tc 4c,5s Jh,0,1,5,0.001244444970306037,9.99230592443818e-07,0.0012660967882488262,1.0022014794090958e-06,8,4,0.27917080661614013,0.9998327155272967,0.0,0.0001460205384420505,0.0,3.592531340698405e-05,0.7208291933838599,2.1263934261221164e-05,0.0,1.2483206694729829e-05
9d 2d Kc Tc 4c,5s Js,0,1,5,0.00020740749505100613,9.99230592443818e-07,0.0002110161313748043,1.0010730120889022e-06,8,4,0.0,0.9998327155272967,0.0,0.0001460205384420505,0.0,3.592531340698405e-05,1.0,2.1263934261221164e-05,0.0,1.2483206694729829e-05
9d 2d Kc Tc 4c,5s Qc,0,1,5,0.003933712196487236,9.99230592443818e-07,0.003996257397646726,9.975070310064114e-07,3,9,1.0,0.9999585294884566,0.0,2.8646578643993225e-05,0.0,6.51757959137998e-05,0.0,1.282393289933712e-05,0.0,0.3819288804739562
9d 2d Kc Tc 4c,5s Qd,0,1,5,0.003933712196487236,9.99230592443818e-07,0.003990242193185579,9.897362703001805e-07,3,9,1.0,0.9999585294884566,0.0,2.8646578643993225e-05,0.0,6.51757959137998e-05,0.0,1.282393289933712e-05,0.0,0.3819288804739562
9d 2d Kc Tc 4c,5s Qh,0,1,5,0.003933712196487236,9.99230592443818e-07,0.004008653120468318,9.845526648611287e-07,3,9,1.0,0.9999585294884566,0.0,2.8646578643993225e-05,0.0,6.51757959137998e-05,0.0,1.282393289933712e-05,0.0,0.3819288804739562
9d 2d Kc Tc 4c,5s Qs,0,1,5,0.000185960259292819,9.99230592443818e-07,0.00018950297745801929,9.804744944128752e-07,3,9,1.0,0.9999585294884566,0.0,2.8646578643993225e-05,0.0,6.51757959137998e-05,0.0,1.282393289933712e-05,0.0,0.3819288804739562
9d 2d Kc Tc 4c,5s Kd,0,1,5,0.00020740749505100613,9.99230592443818e-07,0.00020279887905652881,9.98715942047003e-07,14,12,0.0,6.666666666666667e-06,1.0,0.9999112214706337,1.0,0.99999,0.0,8.211186269956467e-05,0.0,0.99999
9d 2d Kc Tc 4c,5s Kh,0,1,5,0.001244444970306037,9.99230592443818e-07,0.0012253062815372315,1.0076727426279383e-06,14,12,0.0,6.666666666666667e-06,1.0,0.9999112214706337,1.0,0.99999,0.0,8.211186269956467e-05,0.0,0.99999
9d 2d Kc Tc 4c,5s Ks,0,1,5,0.001244444970306037,0.0048377107618282405,0.0012318610098749883,0.004878582889951116,14,12,0.0,6.666666666666667e-06,1.0,0.9999112214706337,1.0,0.99999,0.0,8.211186269956467e-05,0.0,0.99999
9d 2d Kc Tc 4c,5s Ac,0,1,5,0.00025361854025932686,9.99230592443818e-07,0.0002492721309036553,9.842667556359193e-07,9,0,1.0,0.999959181166064,0.0,2.950520975346381e-05,0.0,0.4151606231392745,0.0,1.1313624182516413e-05,0.0,0.0003226866067773865
9d 2d Kc Tc 4c,5s Ad,0,1,5,0.0015217112415559615,9.99230592443818e-07,0.0015106093707564782,9.664908353486323e-07,9,0,1.0,0.999959181166064,0.0,2.950520975346381e-05,0.0,0.4151606231392745,0.0,1.1313624182516413e-05,0.0,0.0003226866067773865
9d 2d Kc Tc 4c,5s Ah,0,1,5,0.0015217112415559615,9.99230592443818e-07,0.0014941847035162344,9.801562070468109e-07,9,0,1.0,0.999959181166064,0.0,2.950520975346381e-05,0.0,0.4151606231392745,0.0,1.1313624182516413e-05,0.0,0.0003226866067773865
9d 2d Kc Tc 4c,5s As,0,1,5,0.001244444970306037,9.99230592443818e-07,0.0012219339571269208,9.798544957455672e-07,9,0,1.0,0.999959181166064,0.0,2.950520975346381e-05,0.0,0.4151606231392745,0.0,1.1313624182516413e-05,0.0,0.0003226866067773865
9d 2d Kc Tc 4c,6c 6d,0,1,5,0.001244444970306037,9.99230592443818e-07,0.0012071534378393185,9.944423577039146e-07,3,10,1.0,0.9999585294884566,0.0,2.8646578643993225e-05,0.0,0.4927083286566785,0.0,1.282393289933712e-05,0.0,0.001875452330007434
9d 2d Kc Tc 4c,6c 6h,0,1,5,0.001244444970306037,9.99230592443818e-07,0.0012071534378393185,9.927688029245282e-07,3,10,1.0,0.9999585294884566,0.0,2.8646578643993225e-05,0.0,0.4927083286566785,0.0,1.282393289933712e-05,0.0,0.001875452330007434
9d 2d Kc Tc 4c,6c 6s,0,1,5,0.001244444970306037,9.99230592443818e-07,0.0012071534378393185,9.927688029245282e-07,3,10,1.0,0.9999585294884566,0.0,2.8646578643993225e-05,0.0,0.4927083286566785,0.0,1.282393289933712e-05,0.0,0.001875452330007434
9d 2d Kc Tc 4c,6c 7c,0,1,5,0.001244444970306037,9.99230592443818e-07,0.0012484094520091233,9.839287164806586e-07,5,1,0.0,6.666666666666667e-06,0.0,2.0306094220789084e-05,1.0,0.99999,1.0,0.9999730272391125,1.0,0.99999
9d 2d Kc Tc 4c,6c 7d,0,1,5,0.001244444970306037,9.99230592443818e-07,0.0012526172554569687,9.90463346977302e-07,2,2,1.0,0.9954643098606948,0.0,0.004210212023580433,0.0,1e-05,0.0,0.00032547811572475907,0.0,1e-05
9d 2d Kc Tc 4c,6c 7h,0,1,5,0.001244444970306037,9.99230592443818e-07,0.0012550433880661705,9.906545820075048e-07,2,2,1.0,0.9954643098606948,0.0,0.004210212023580433,0.0,1e-05,0.0,0.00032547811572475907,0.0,1e-05
9d 2d Kc Tc 4c,6c 7s,0,1,5,0.001244444970306037,9.99230592443818e-07,0.0012550433880661705,9.906545820075048e-07,2,2,1.0,0.9954643098606948,0.0,0.004210212023580433,0.0,1e-05,0.0,0.00032547811572475907,0.0,1e-05
9d 2d Kc Tc 4c,6c 8c,0,1,5,0.001244444970306037,9.99230592443818e-07,0.001258097085011157,9.875125926235825e-07,5,1,0.0,6.666666666666667e-06,0.0,2.0306094220789084e-05,1.0,0.99999,1.0,0.9999730272391125,1.0,0.99999
9d 2d Kc Tc 4c,6c 8d,0,1,5,0.0025655072966638704,9.99230592443818e-07,0.0025753899119029065,9.773762600355053e-07,15,7,1.0,0.9267781203121732,0.0,0.07258207730344662,0.0,3.103722716992478e-05,0.0,0.0006398023843801892,0.0,1e-05
9d 2d Kc Tc 4c,6c 8h,0,1,5,0.0025655072966638704,9.99230592443818e-07,0.0025753899119029073,9.76052735248914e-07,15,7,1.0,0.9267781203121732,0.0,0.07258207730344662,0.0,3.103722716992478e-05,0.0,0.0006398023843801892,0.0,1e-05
9d 2d Kc Tc 4c,6c 8s,0,1,5,0.0025655072966638704,9.99230592443818e-07,0.0025753899119029065,9.76052735248914e-07,15,7,1.0,0.9267781203121732,0.0,0.07258207730344662,0.0,3.103722716992478e-05,0.0,0.0006398023843801892,0.0,1e-05
9d 2d Kc Tc 4c,6c 9c,0,1,5,0.001244444970306037,9.99230592443818e-07,0.0012012086716108653,9.982298331343339e-07,5,1,0.0,6.666666666666667e-06,0.0,2.0306094220789084e-05,1.0,0.99999,1.0,0.9999730272391125,1.0,0.99999
9d 2d Kc Tc 4c,6c 9h,0,1,5,0.001244444970306037,9.99230592443818e-07,0.0012187961250371272,1.0012690970054408e-06,11,14,1.0,0.999915129897472,0.0,5.728078616758273e-05,1.0,0.009610196806144979,0.0,2.7589316360402657e-05,1.0,0.00252881274002614
9d 2d Kc Tc 4c,6c 9s,0,1,5,0.001244444970306037,9.99230592443818e-07,0.0012187961250371272,1.001269097005441e-06,11,14,1.0,0.999915129897472,0.0,5.728078616758273e-05,1.0,0.009610196806144979,0.0,2.7589316360402657e-05,1.0,0.00252881274002614
9d 2d Kc Tc 4c,6c Td,0,1,5,0.0005504680292831022,9.99230592443818e-07,0.0005480388133384318,9.936164220487664e-07,8,8,1.0,0.9998327155272967,0.0,0.0001460205384420505,0.0,0.99999,0.0,2.1263934261221164e-05,1.0,0.9988882788311626
9d 2d Kc Tc 4c,6c Th,0,1,5,0.0005504680292831022,9.99230592443818e-07,0.0005480388133384318,1.0007944187040412e-06,8,8,1.0,0.9998327155272967,0.0,0.0001460205384420505,0.0,0.99999,0.0,2.1263934261221164e-05,0.0,0.9988882788311626
9d 2d Kc Tc 4c,6c Ts,0,1,5,0.0005504680292831022,9.99230592443818e-07,0.0005480388133384318,1.0007944187040412e-06,8,8,1.0,0.9998327155272967,0.0,0.0001460205384420505,0.0,0.99999,0.0,2.1263934261221164e-05,0.0,0.9988882788311626
9d 2d Kc Tc 4c,6c Jc,0,1,5,0.00020740749505100613,9.99230592443818e-07,0.00020427065160364977,9.936390489142949e-07,5,1,0.0,6.666666666666667e-06,0.0,2.0306094220789084e-05,1.0,0.99999,1.0,0.9999730272391125,1.0,0.99999
9d 2d Kc Tc 4c,6c Jd,0,1,5,0.001244444970306037,0.00206559973019047,0.0012280287439851974,0.0020712123490161985,11,4,1.0,0.999915129897472,0.0,5.728078616758273e-05,0.0,3.592531340698405e-05,0.0,2.7589316360402657e-05,0.0,1.2483206694729829e-05
9d 2d Kc Tc 4c,6c Jh,0,1,5,0.00020740749505100613,0.00206559973019047,0.0002060188099417257,0.002086520329647902,11,4,1.0,0.999915129897472,0.0,5.728078616758273e-05,0.0,3.592531340698405e-05,0.0,2.7589316360402657e-05,0.0,1.2483206694729829e-05
9d 2d Kc Tc 4c,6c Js,0,1,5,0.00020740749505100613,0.00206559973019047,0.0002060188099417257,0.002086520329647902,11,4,1.0,0.999915129897472,0.0,5.728078616758273e-05,0.0,3.592531340698405e-05,0.0,2.7589316360402657e-05,0.0,1.2483206694729829e-05
9d 2d Kc Tc 4c,6c Qc,0,1,5,0.001244444970306037,9.99230592443818e-07,0.0012314495026522132,1.0028585531503035e-06,5,1,0.0,6.666666666666667e-06,0.0,2.0306094220789084e-05,1.0,0.99999,1.0,0.9999730272391125,1.0,0.99999
9d 2d Kc Tc 4c,6c Qd,0,1,5,5.647715827679979e-05,0.0022812369867966334,5.594126121628512e-05,0.0022688277654879566,3,9,1.0,0.9999585294884566,0.0,2.8646578643993225e-05,0.6305689538535306,6.51757959137998e-05,0.0,1.282393289933712e-05,0.0,0.3819288804739562
9d 2d Kc Tc 4c,6c Qh,0,1,5,0.0003388629496607988,0.0022812369867966334,0.0003372335453289938,0.002257695150994596,3,9,1.0,0.9999585294884566,0.0,2.8646578643993225e-05,0.0,6.51757959137998e-05,0.0,1.282393289933712e-05,0.543575358261573,0.3819288804739562
9d 2d Kc Tc 4c,6c Qs,0,1,5,0.0003388629496607988,0.0022812369867966334,0.00033723354532899386,0.002257695150994596,3,9,1.0,0.9999585294884566,0.0,2.8646578643993225e-05,0.0,6.51757959137998e-05,0.0,1.282393289933712e-05,1.0,0.3819288804739562
9d 2d Kc Tc 4c,6c Kd,0,1,5,9.998460237123483e-07,9.99230592443818e-07,9.512908248345006e-07,1.006769223732188e-06,7,12,0.0,6.666666666666667e-06,1.0,0.999891608261136,1.0,0.99999,0.0,0.00010172507219734107,1.0,0.99999
9d 2d Kc Tc 4c,6c Kh,0,1,5,9.998460237123483e-07,9.99230592443818e-07,9.581305779773977e-07,1.0145975569929295e-06,7,12,0.0,6.666666666666667e-06,1.0,0.999891608261136,1.0,0.99999,0.0,0.00010172507219734107,1.0,0.99999
9d 2d Kc Tc 4c,6c Ks,0,1,5,9.998460237123483e-07,9.99230592443818e-07,9.58130577977398e-07,1.0145975569929295e-06,7,12,0.0,6.666666666666667e-06,1.0,0.999891608261136,1.0,0.99999,0.0,0.00010172507219734107,1.0,0.99999
9d 2d Kc Tc 4c,6c Ac,0,1,5,0.00020740749505100619,9.99230592443818e-07,0.00019838938435611067,9.924943575713646e-07,5,1,0.0,6.666666666666667e-06,0.0,2.0306094220789084e-05,1.0,0.99999,1.0,0.9999730272391125,1.0,0.99999
9d 2d Kc Tc 4c,6c Ad,0,1,5,9.998460237123483e-07,0.009132118067553147,9.761552601535023e-07,0.008893434054124995,9,15,1.0,0.999959181166064,0.0,2.950520975346381e-05,1.0,0.5116774868916053,0.0,1.1313624182516413e-05,0.0,0.00048292115427261143
9d 2d Kc Tc 4c,6c Ah,0,1,5,9.998460237123483e-07,0.009132118067553147,9.653633715333166e-07,0.009018323933126357,9,0,1.0,0.999959181166064,0.0,2.950520975346381e-05,0.0,0.4151606231392745,0.0,1.1313624182516413e-05,0.0,0.0003226866067773865
9d 2d Kc Tc 4c,6c As,0,1,5,9.998460237123483e-07,0.009132118067553147,9.653633715333166e-07,0.009018323933126356,9,0,1.0,0.999959181166064,0.0,2.950520975346381e-05,0.0,0.4151606231392745,0.0,1.1313624182516413e-05,0.0,0.0003226866067773865
9d 2d Kc Tc 4c,6d 6h,0,1,5,0.001244444970306037,9.99230592443818e-07,0.0012005878894548782,9.945778587054422e-07,3,10,1.0,0.9999585294884566,0.0,2.8646578643993225e-05,0.0,0.4927083286566785,0.0,1.282393289933712e-05,0.0,0.001875452330007434
9d 2d Kc Tc 4c,6d 6s,0,1,5,0.001244444970306037,9.99230592443818e-07,0.0012005878894548782,9.945778587054422e-07,3,10,1.0,0.9999585294884566,0.0,2.8646578643993225e-05,0.0,0.4927083286566785,0.0,1.282393289933712e-05,0.0,0.001875452330007434
9d 2d Kc Tc 4c,6d 7c,0,1,5,0.001244444970306037,9.99230592443818e-07,0.001241843903624683,9.857377722615728e-07,2,2,1.0,0.9954643098606948,0.0,0.004210212023580433,0.0,1e-05,0.0,0.00032547811572475907,0.0,1e-05
9d 2d Kc Tc 4c,6d 7d,0,1,5,0.001244444970306037,9.99230592443818e-07,0.0012460517070725283,9.922724027582159e-07,2,2,1.0,0.9954643098606948,0.0,0.004210212023580433,0.0,1e-05,0.0,0.00032547811572475907,0.0,1e-05
9d 2d Kc Tc 4c,6d 7h,0,1,5,0.001244444970306037,9.99230592443818e-07,0.0012484778396817302,9.924636377884186e-07,2,2,1.0,0.9954643098606948,0.0,0.004210212023580433,0.0,1e-05,0.0,0.00032547811572475907,0.0,1e-05
9d 2d Kc Tc 4c,6d 7s,0,1,5,0.001244444970306037,9.99230592443818e-07,0.0012484778396817304,9.924636377884186e-07,2,2,1.0,0.9954643098606948,0.0,0.004210212023580433,0.0,1e-05,0.0,0.00032547811572475907,0.0,1e-05
9d 2d Kc Tc 4c,6d 8c,0,1,5,0.0025655072966638704,9.99230592443818e-07,0.0025801167314221827,9.907591814723032e-07,15,7,0.0,0.9267781203121732,0.035786893931260444,0.07258207730344662,0.0,3.103722716992478e-05,0.9642131060687396,0.0006398023843801892,0.0,1e-05
9d 2d Kc Tc 4c,6d 8d,0,1,5,0.001244444970306037,9.99230592443818e-07,0.0012426731603154347,9.777477827486127e-07,15,7,1.0,0.9267781203121732,0.0,0.07258207730344662,0.0,3.103722716992478e-05,0.0,0.0006398023843801892,0.0,1e-05
9d 2d Kc Tc 4c,6d 8h,0,1,5,0.0025655072966638704,9.99230592443818e-07,0.002561854590784819,9.77861791029828e-07,15,7,1.0,0.9267781203121732,0.0,0.07258207730344662,0.0,3.103722716992478e-05,0.0,0.0006398023843801892,0.0,1e-05
9d 2d Kc Tc 4c,6d 8s,0,1,5,0.0025655072966638704,9.99230592443818e-07,0.002561854590784819,9.77861791029828e-07,15,7,1.0,0.9267781203121732,0.0,0.07258207730344662,0.0,3.103722716992478e-05,0.0,0.0006398023843801892,0.0,1e-05
9d 2d Kc Tc 4c,6d 9c,0,1,5,0.001244444970306037,9.99230592443818e-07,0.0011946431232264252,1.0000388889152477e-06,11,14,1.0,0.999915129897472,0.0,5.728078616758273e-05,1.0,0.009610196806144979,0.0,2.7589316360402657e-05,1.0,0.00252881274002614
9d 2d Kc Tc 4c,6d 9h,0,1,5,0.00020740749505100619,9.99230592443818e-07,0.0002020384294421145,1.001949685466161e-06,3,14,1.0,0.9999585294884566,0.0,2.8646578643993225e-05,1.0,0.009610196806144979,0.0,1.282393289933712e-05,0.0,0.00252881274002614
9d 2d Kc Tc 4c,6d 9s,0,1,5,0.00020740749505100619,9.99230592443818e-07,0.0002020384294421145,1.0019496854661612e-06,3,14,1.0,0.9999585294884566,0.0,2.8646578643993225e-05,1.0,0.009610196806144979,0.0,1.282393289933712e-05,0.0,0.00252881274002614
9d 2d Kc Tc 4c,6d Td,0,1,5,9.998460237123483e-07,9.99230592443818e-07,9.901586297403568e-07,9.948275660829116e-07,8,8,1.0,0.9998327155272967,0.0,0.0001460205384420505,1.0,0.99999,0.0,2.1263934261221164e-05,0.0,0.9988882788311626
9d 2d Kc Tc 4c,6d Th,0,1,5,0.0005504680292831022,9.99230592443818e-07,0.0005451346073939481,1.0026034744849552e-06,8,8,1.0,0.9998327155272967,0.0,0.0001460205384420505,1.0,0.99999,0.0,2.1263934261221164e-05,0.0,0.9988882788311626
9d 2d Kc Tc 4c,6d Ts,0,1,5,0.0005504680292831022,9.99230592443818e-07,0.0005451346073939481,1.0026034744849552e-06,8,8,1.0,0.9998327155272967,0.0,0.0001460205384420505,1.0,0.99999,0.0,2.1263934261221164e-05,0.0,0.9988882788311626
9d 2d Kc Tc 4c,6d Jc,0,1,5,0.001244444970306037,0.00206559973019047,0.0012218563150359157,0.0020601133650587915,8,4,1.0,0.9998327155272967,0.0,0.0001460205384420505,1.0,3.592531340698405e-05,0.0,2.1263934261221164e-05,0.0,1.2483206694729829e-05
9d 2d Kc Tc 4c,6d Jd,0,1,5,0.001244444970306037,9.99230592443818e-07,0.0012186652418023003,1.0037547436773783e-06,11,4,1.0,0.999915129897472,0.0,5.728078616758273e-05,0.0,3.592531340698405e-05,0.0,2.7589316360402657e-05,0.0,1.2483206694729829e-05
9d 2d Kc Tc 4c,6d Jh,0,1,5,0.00020740749505100613,0.00206559973019047,0.00020492455187765235,0.00209025999210541,11,4,1.0,0.999915129897472,0.0,5.728078616758273e-05,0.0,3.592531340698405e-05,0.0,2.7589316360402657e-05,0.0,1.2483206694729829e-05
9d 2d Kc Tc 4c,6d Js,0,1,5,0.00020740749505100613,0.00206559973019047,0.00020492455187765235,0.0020902599921054097,11,4,1.0,0.999915129897472,0.0,5.728078616758273e-05,0.0,3.592531340698405e-05,0.0,2.7589316360402657e-05,0.0,1.2483206694729829e-05
9d 2d Kc Tc 4c,6d Qc,0,1,5,0.0003388629496607988,0.0022812369867966334,0.00033437793495237053,0.002291399947869718,3,9,1.0,0.9999585294884566,0.0,2.8646578643993225e-05,0.0,6.51757959137998e-05,0.0,1.282393289933712e-05,0.0,0.3819288804739562
9d 2d Kc Tc 4c,6d Qd,0,1,5,0.001244444970306037,9.99230592443818e-07,0.0012229810212205305,9.96896848224987e-07,3,9,1.0,0.9999585294884566,0.0,2.8646578643993225e-05,1.0,6.51757959137998e-05,0.0,1.282393289933712e-05,0.0,0.3819288804739562
9d 2d Kc Tc 4c,6d Qh,0,1,5,5.647715827679979e-05,0.0022812369867966334,5.5907623903582286e-05,0.0022611236904204607,3,9,1.0,0.9999585294884566,0.0,2.8646578643993225e-05,0.0,6.51757959137998e-05,0.0,1.282393289933712e-05,0.0,0.3819288804739562
9d 2d Kc Tc 4c,6d Qs,0,1,5,5.647715827679979e-05,0.0022812369867966334,5.5907623903582286e-05,0.0022611236904204607,3,9,1.0,0.9999585294884566,0.0,2.8646578643993225e-05,0.0,6.51757959137998e-05,0.0,1.282393289933712e-05,0.0,0.3819288804739562
9d 2d Kc Tc 4c,6d Kd,0,1,5,0.001244444970306037,0.0034674703721848726,0.0011821436173400678,0.003504603510464733,7,12,0.0,6.666666666666667e-06,1.0,0.999891608261136,1.0,0.99999,0.0,0.00010172507219734107,1.0,0.99999
9d 2d Kc Tc 4c,6d Kh,0,1,5,9.998460237123483e-07,9.99230592443818e-07,9.528555054733407e-07,1.0164066127738436e-06,7,12,0.0,6.666666666666667e-06,1.0,0.999891608261136,1.0,0.99999,0.0,0.00010172507219734107,0.0,0.99999
9d 2d Kc Tc 4c,6d Ks,0,1,5,9.998460237123483e-07,9.99230592443818e-07,9.528555054733408e-07,1.0164066127738436e-06,7,12,0.0,6.666666666666667e-06,1.0,0.999891608261136,1.0,0.99999,0.0,0.00010172507219734107,0.0,0.99999
9d 2d Kc Tc 4c,6d Ac,0,1,5,9.998460237123483e-07,0.009132118067553147,9.610397666243474e-07,0.009085035136741868,9,0,1.0,0.999959181166064,0.0,2.950520975346381e-05,0.0,0.4151606231392745,0.0,1.1313624182516413e-05,0.0,0.0003226866067773865
9d 2d Kc Tc 4c,6d Ad,0,1,5,0.001244444970306037,9.99230592443818e-07,0.001196018506065418,9.762760669806226e-07,9,0,1.0,0.999959181166064,0.0,2.950520975346381e-05,1.0,0.4151606231392745,0.0,1.1313624182516413e-05,0.0,0.0003226866067773865
9d 2d Kc Tc 4c,6d Ah,0,1,5,9.998460237123483e-07,0.009132118067553147,9.600882990292594e-07,0.00903485716490191,9,0,1.0,0.999959181166064,0.0,2.950520975346381e-05,0.30461313808411355,0.4151606231392745,0.0,1.1313624182516413e-05,0.0,0.0003226866067773865
9d 2d Kc Tc 4c,6d As,0,1,5,9.998460237123483e-07,0.009132118067553147,9.600882990292594e-07,0.009034857164901908,9,0,1.0,0.999959181166064,0.0,2.950520975346381e-05,0.0,0.4151606231392745,0.0,1.1313624182516413e-05,0.0,0.0003226866067773865
9d 2d Kc Tc 4c,6h 6s,0,1,5,0.001244444970306037,9.99230592443818e-07,0.0012005878894548782,9.929043039260557e-07,3,10,1.0,0.9999585294884566,0.0,2.8646578643993225e-05,0.0,0.4927083286566785,0.0,1.282393289933712e-05,0.0,0.001875452330007434
9d 2d Kc Tc 4c,6h 7c,0,1,5,0.001244444970306037,9.99230592443818e-07,0.0012418439036246832,9.840642174821861e-07,2,2,0.0,0.9954643098606948,1.0,0.004210212023580433,0.0,1e-05,0.0,0.00032547811572475907,0.0,1e-05
9d 2d Kc Tc 4c,6h 7d,0,1,5,0.001244444970306037,9.99230592443818e-07,0.0012460517070725283,9.905988479788296e-07,2,2,1.0,0.9954643098606948,0.0,0.004210212023580433,0.0,1e-05,0.0,0.00032547811572475907,0.0,1e-05
9d 2d Kc Tc 4c,6h 7h,0,1,5,0.001244444970306037,9.99230592443818e-07,0.0012484778396817304,9.907900830090324e-07,2,2,1.0,0.9954643098606948,0.0,0.004210212023580433,0.0,1e-05,0.0,0.00032547811572475907,0.0,1e-05
9d 2d Kc Tc 4c,6h 7s,0,1,5,0.001244444970306037,9.99230592443818e-07,0.0012484778396817304,9.907900830090324e-07,2,2,1.0,0.9954643098606948,0.0,0.004210212023580433,0.0,1e-05,0.0,0.00032547811572475907,0.0,1e-05
9d 2d Kc Tc 4c,6h 8c,0,1,5,0.0004275845494439784,9.99230592443818e-07,0.0004300194552370305,9.867592151495506e-07,15,7,0.0,0.9267781203121732,0.51518023125618,0.07258207730344662,0.0,3.103722716992478e-05,0.48481976874382,0.0006398023843801892,0.0,1e-05
9d 2d Kc Tc 4c,6h 8d,0,1,5,0.0025655072966638704,9.99230592443818e-07,0.002561854590784819,9.775117610370329e-07,15,7,1.0,0.9267781203121732,0.0,0.07258207730344662,0.0,3.103722716992478e-05,0.0,0.0006398023843801892,0.0,1e-05
9d 2d Kc Tc 4c,6h 8h,0,1,5,0.001244444970306037,9.99230592443818e-07,0.0012426731603154347,9.747507031826347e-07,15,7,1.0,0.9267781203121732,0.0,0.07258207730344662,0.0,3.103722716992478e-05,0.0,0.0006398023843801892,0.0,1e-05
9d 2d Kc Tc 4c,6h 8s,0,1,5,0.0025655072966638704,9.99230592443818e-07,0.002561854590784819,9.761882362504416e-07,15,7,1.0,0.9267781203121732,0.0,0.07258207730344662,0.0,3.103722716992478e-05,0.0,0.0006398023843801892,0.0,1e-05
9d 2d Kc Tc 4c,6h 9c,0,1,5,0.001244444970306037,9.99230592443818e-07,0.0011946431232264252,9.983653341358614e-07,11,14,1.0,0.999915129897472,0.0,5.728078616758273e-05,1.0,0.009610196806144979,0.0,2.7589316360402657e-05,1.0,0.00252881274002614
9d 2d Kc Tc 4c,6h 9h,0,1,5,0.001244444970306037,9.99230592443818e-07,0.0012122305766526869,1.0014045980069683e-06,3,14,1.0,0.9999585294884566,0.0,2.8646578643993225e-05,1.0,0.009610196806144979,0.0,1.282393289933712e-05,0.0,0.00252881274002614
9d 2d Kc Tc 4c,6h 9s,0,1,5,0.001244444970306037,9.99230592443818e-07,0.0012122305766526869,1.0014045980069686e-06,3,14,1.0,0.9999585294884566,0.0,2.8646578643993225e-05,1.0,0.009610196806144979,0.0,1.282393289933712e-05,0.0,0.00252881274002614
9d 2d Kc Tc 4c,6h Td,0,1,5,0.0005504680292831022,9.99230592443818e-07,0.0005451346073939481,9.93751923050294e-07,8,8,1.0,0.9998327155272967,0.0,0.0001460205384420505,0.0,0.99999,0.0,2.1263934261221164e-05,0.0,0.9988882788311626
9d 2d Kc Tc 4c,6h Th,0,1,5,9.998460237123483e-07,9.99230592443818e-07,9.901586297403568e-07,1.0003320079588e-06,8,8,1.0,0.9998327155272967,0.0,0.0001460205384420505,0.0,0.99999,0.0,2.1263934261221164e-05,0.0,0.9988882788311626
9d 2d Kc Tc 4c,6h Ts,0,1,5,0.0005504680292831022,9.99230592443818e-07,0.0005451346073939481,1.0009299197055687e-06,8,8,1.0,0.9998327155272967,0.0,0.0001460205384420505,0.0,0.99999,0.0,2.1263934261221164e-05,0.0,0.9988882788311626
9d 2d Kc Tc 4c,6h Jc,0,1,5,0.001244444970306037,0.00206559973019047,0.0012218563150359159,0.0020566538089494203,8,4,0.445350528743399,0.9998327155272967,0.0,0.0001460205384420505,0.10237332131326811,3.592531340698405e-05,0.554649471256601,2.1263934261221164e-05,0.0,1.2483206694729829e-05
9d 2d Kc Tc 4c,6h Jd,0,1,5,0.001244444970306037,0.00206559973019047,0.0012214631956007573,0.0020714924553643355,11,4,1.0,0.999915129897472,0.0,5.728078616758273e-05,0.0,3.592531340698405e-05,0.0,2.7589316360402657e-05,0.0,1.2483206694729829e-05
9d 2d Kc Tc 4c,6h Jh,0,1,5,0.001244444970306037,9.99230592443818e-07,0.0012267493574674572,1.0106148675629427e-06,11,4,1.0,0.999915129897472,0.0,5.728078616758273e-05,0.0,3.592531340698405e-05,0.0,2.7589316360402657e-05,0.0,1.2483206694729829e-05
9d 2d Kc Tc 4c,6h Js,0,1,5,0.00020740749505100613,0.00206559973019047,0.00020492455187765235,0.002086800435996039,11,4,1.0,0.999915129897472,0.0,5.728078616758273e-05,0.0,3.592531340698405e-05,0.0,2.7589316360402657e-05,0.0,1.2483206694729829e-05
9d 2d Kc Tc 4c,6h Qc,0,1,5,0.0003388629496607988,0.0022812369867966334,0.00033437793495237053,0.0022875792331207533,3,9,1.0,0.9999585294884566,0.0,2.8646578643993225e-05,0.0,6.51757959137998e-05,0.0,1.282393289933712e-05,0.0,0.3819288804739562
9d 2d Kc Tc 4c,6h Qd,0,1,5,0.0003388629496607988,0.0022812369867966334,0.00033385976539021056,0.002269838636633163,3,9,1.0,0.9999585294884566,0.0,2.8646578643993225e-05,0.0,6.51757959137998e-05,0.0,1.282393289933712e-05,0.0,0.3819288804739562
9d 2d Kc Tc 4c,6h Qh,0,1,5,0.001244444970306037,9.99230592443818e-07,0.0012288053888181738,9.900396880065489e-07,3,9,1.0,0.9999585294884566,0.0,2.8646578643993225e-05,0.0,6.51757959137998e-05,0.0,1.282393289933712e-05,0.0,0.3819288804739562
9d 2d Kc Tc 4c,6h Qs,0,1,5,0.0003388629496607988,0.0022812369867966334,0.0003354457434214937,0.002258004498905649,3,9,1.0,0.9999585294884566,0.0,2.8646578643993225e-05,0.0,6.51757959137998e-05,0.0,1.282393289933712e-05,0.0,0.3819288804739562
9d 2d Kc Tc 4c,6h Kd,0,1,5,9.998460237123483e-07,9.99230592443818e-07,9.460157523304435e-07,1.0069047247337156e-06,7,12,0.0,6.666666666666667e-06,1.0,0.999891608261136,1.0,0.99999,0.0,0.00010172507219734107,1.0,0.99999
9d 2d Kc Tc 4c,6h Kh,0,1,5,0.001244444970306037,0.0034674703721848726,0.0011906566245381263,0.003525961455460459,7,12,0.0,6.666666666666667e-06,1.0,0.999891608261136,1.0,0.99999,0.0,0.00010172507219734107,0.0,0.99999
9d 2d Kc Tc 4c,6h Ks,0,1,5,9.998460237123483e-07,9.99230592443818e-07,9.528555054733408e-07,1.014733057994457e-06,7,12,0.0,6.666666666666667e-06,1.0,0.999891608261136,1.0,0.99999,0.0,0.00010172507219734107,0.0,0.99999
9d 2d Kc Tc 4c,6h Ac,0,1,5,9.998460237123483e-07,0.009132118067553147,9.610397666243474e-07,0.009069740268917116,9,0,1.0,0.999959181166064,0.0,2.950520975346381e-05,0.0,0.4151606231392745,0.0,1.1313624182516413e-05,0.856094585308359,0.0003226866067773865
9d 2d Kc Tc 4c,6h Ad,0,1,5,9.998460237123483e-07,0.009132118067553147,9.708801876494453e-07,0.008894672418075797,9,0,1.0,0.999959181166064,0.0,2.950520975346381e-05,1.0,0.4151606231392745,0.0,1.1313624182516413e-05,0.0,0.0003226866067773865
9d 2d Kc Tc 4c,6h Ah,0,1,5,0.001244444970306037,9.99230592443818e-07,0.0011825865263455518,9.88267883899414e-07,9,0,1.0,0.999959181166064,0.0,2.950520975346381e-05,0.0,0.4151606231392745,0.0,1.1313624182516413e-05,0.0,0.0003226866067773865
9d 2d Kc Tc 4c,6h As,0,1,5,9.998460237123483e-07,0.009132118067553147,9.600882990292596e-07,0.009019562297077156,9,0,1.0,0.999959181166064,0.0,2.950520975346381e-05,0.0,0.4151606231392745,0.0,1.1313624182516413e-05,0.0,0.0003226866067773865
9d 2d Kc Tc 4c,6s 7c,0,1,5,0.001244444970306037,9.99230592443818e-07,0.0012418439036246832,9.840642174821861e-07,2,2,0.0,0.9954643098606948,0.9236475317377821,0.004210212023580433,0.0,1e-05,0.07635246826221782,0.00032547811572475907,0.0,1e-05
9d 2d Kc Tc 4c,6s 7d,0,1,5,0.001244444970306037,9.99230592443818e-07,0.0012460517070725283,9.905988479788296e-07,2,2,1.0,0.9954643098606948,0.0,0.004210212023580433,0.0,1e-05,0.0,0.00032547811572475907,0.0,1e-05
9d 2d Kc Tc 4c,6s 7h,0,1,5,0.001244444970306037,9.99230592443818e-07,0.0012484778396817304,9.907900830090324e-07,2,2,1.0,0.9954643098606948,0.0,0.004210212023580433,0.0,1e-05,0.0,0.00032547811572475907,0.0,1e-05
9d 2d Kc Tc 4c,6s 7s,0,1,5,0.001244444970306037,9.99230592443818e-07,0.0012484778396817304,9.907900830090324e-07,2,2,1.0,0.9954643098606948,0.0,0.004210212023580433,0.0,1e-05,0.0,0.00032547811572475907,0.0,1e-05
9d 2d Kc Tc 4c,6s 8c,0,1,5,0.0004275845494439784,9.99230592443818e-07,0.00043001945523703044,9.867592151495506e-07,15,7,0.0,0.9267781203121732,0.0,0.07258207730344662,0.0,3.103722716992478e-05,1.0,0.0006398023843801892,0.0,1e-05
9d 2d Kc Tc 4c,6s 8d,0,1,5,0.0025655072966638704,9.99230592443818e-07,0.002561854590784819,9.775117610370329e-07,15,7,1.0,0.9267781203121732,0.0,0.07258207730344662,0.0,3.103722716992478e-05,0.0,0.0006398023843801892,0.0,1e-05
9d 2d Kc Tc 4c,6s 8h,0,1,5,0.0025655072966638704,9.99230592443818e-07,0.002561854590784819,9.761882362504416e-07,15,7,1.0,0.9267781203121732,0.0,0.07258207730344662,0.0,3.103722716992478e-05,0.0,0.0006398023843801892,0.0,1e-05
9d 2d Kc Tc 4c,6s 8s,0,1,5,0.001244444970306037,9.99230592443818e-07,0.0012426731603154347,9.747507031826347e-07,15,7,1.0,0.9267781203121732,0.0,0.07258207730344662,0.0,3.103722716992478e-05,0.0,0.0006398023843801892,0.0,1e-05
9d 2d Kc Tc 4c,6s 9c,0,1,5,0.001244444970306037,9.99230592443818e-07,0.001194643123226425,9.983653341358614e-07,11,14,1.0,0.999915129897472,0.0,5.728078616758273e-05,1.0,0.009610196806144979,0.0,2.7589316360402657e-05,1.0,0.00252881274002614
9d 2d Kc Tc 4c,6s 9h,0,1,5,0.001244444970306037,9.99230592443818e-07,0.0012122305766526869,1.0014045980069683e-06,3,14,1.0,0.9999585294884566,0.0,2.8646578643993225e-05,1.0,0.009610196806144979,0.0,1.282393289933712e-05,0.0,0.00252881274002614
9d 2d Kc Tc 4c,6s 9s,0,1,5,0.001244444970306037,9.99230592443818e-07,0.0012122305766526869,1.0014045980069686e-06,3,14,1.0,0.9999585294884566,0.0,2.8646578643993225e-05,1.0,0.009610196806144979,0.0,1.282393289933712e-05,0.0,0.00252881274002614
9d 2d Kc Tc 4c,6s Td,0,1,5,0.0005504680292831022,9.99230592443818e-07,0.0005451346073939481,9.93751923050294e-07,8,8,1.0,0.9998327155272967,0.0,0.0001460205384420505,0.0,0.99999,0.0,2.1263934261221164e-05,0.0,0.9988882788311626
9d 2d Kc Tc 4c,6s Th,0,1,5,0.0005504680292831022,9.99230592443818e-07,0.0005451346073939481,1.0009299197055687e-06,8,8,1.0,0.9998327155272967,0.0,0.0001460205384420505,0.0,0.99999,0.0,2.1263934261221164e-05,0.0,0.9988882788311626
9d 2d Kc Tc 4c,6s Ts,0,1,5,9.998460237123483e-07,9.99230592443818e-07,9.901586297403568e-07,1.0003320079588e-06,8,8,1.0,0.9998327155272967,0.0,0.0001460205384420505,0.0,0.99999,0.0,2.1263934261221164e-05,0.0,0.9988882788311626
9d 2d Kc Tc 4c,6s Jc,0,1,5,0.001244444970306037,0.00206559973019047,0.0012218563150359159,0.0020566538089494203,8,4,0.7981434649408945,0.9998327155272967,0.0,0.0001460205384420505,0.5909628210676096,3.592531340698405e-05,0.20185653505910553,2.1263934261221164e-05,0.0,1.2483206694729829e-05
9d 2d Kc Tc 4c,6s Jd,0,1,5,0.001244444970306037,0.00206559973019047,0.0012214631956007573,0.0020714924553643355,11,4,1.0,0.999915129897472,0.0,5.728078616758273e-05,0.0,3.592531340698405e-05,0.0,2.7589316360402657e-05,0.0,1.2483206694729829e-05
9d 2d Kc Tc 4c,6s Jh,0,1,5,0.00020740749505100613,0.00206559973019047,0.00020492455187765235,0.002086800435996039,11,4,1.0,0.999915129897472,0.0,5.728078616758273e-05,0.0,3.592531340698405e-05,0.0,2.7589316360402657e-05,0.0,1.2483206694729829e-05
9d 2d Kc Tc 4c,6s Js,0,1,5,0.001244444970306037,9.99230592443818e-07,0.0012267493574674572,1.0106148675629427e-06,11,4,1.0,0.999915129897472,0.0,5.728078616758273e-05,0.0,3.592531340698405e-05,0.0,2.7589316360402657e-05,0.0,1.2483206694729829e-05
9d 2d Kc Tc 4c,6s Qc,0,1,5,0.0003388629496607988,0.0022812369867966334,0.00033437793495237053,0.0022875792331207533,3,9,1.0,0.9999585294884566,0.0,2.8646578643993225e-05,0.0,6.51757959137998e-05,0.0,1.282393289933712e-05,0.0,0.3819288804739562
9d 2d Kc Tc 4c,6s Qd,0,1,5,0.0003388629496607988,0.0022812369867966334,0.00033385976539021056,0.002269838636633163,3,9,1.0,0.9999585294884566,0.0,2.8646578643993225e-05,0.0,6.51757959137998e-05,0.0,1.282393289933712e-05,0.0,0.3819288804739562
9d 2d Kc Tc 4c,6s Qh,0,1,5,0.0003388629496607988,0.0022812369867966334,0.0003354457434214937,0.0022580044989056495,3,9,1.0,0.9999585294884566,0.0,2.8646578643993225e-05,0.0,6.51757959137998e-05,0.0,1.282393289933712e-05,0.0,0.3819288804739562
9d 2d Kc Tc 4c,6s Qs,0,1,5,0.001244444970306037,9.99230592443818e-07,0.0012288053888181738,9.900396880065486e-07,3,9,1.0,0.9999585294884566,0.0,2.8646578643993225e-05,0.0,6.51757959137998e-05,0.0,1.282393289933712e-05,0.0,0.3819288804739562
9d 2d Kc Tc 4c,6s Kd,0,1,5,9.998460237123483e-07,9.99230592443818e-07,9.460157523304435e-07,1.0069047247337156e-06,7,12,0.0,6.666666666666667e-06,1.0,0.999891608261136,1.0,0.99999,0.0,0.00010172507219734107,1.0,0.99999
9d 2d Kc Tc 4c,6s Kh,0,1,5,9.998460237123483e-07,9.99230592443818e-07,9.528555054733408e-07,1.014733057994457e-06,7,12,0.0,6.666666666666667e-06,1.0,0.999891608261136,1.0,0.99999,0.0,0.00010172507219734107,0.0,0.99999
9d 2d Kc Tc 4c,6s Ks,0,1,5,0.001244444970306037,0.0034674703721848726,0.0011906566245381265,0.003525961455460459,7,12,0.0,6.666666666666667e-06,1.0,0.999891608261136,1.0,0.99999,0.0,0.00010172507219734107,0.5137269226014003,0.99999
9d 2d Kc Tc 4c,6s Ac,0,1,5,9.998460237123483e-07,0.009132118067553147,9.610397666243474e-07,0.009069740268917116,9,0,1.0,0.999959181166064,0.0,2.950520975346381e-05,0.0,0.4151606231392745,0.0,1.1313624182516413e-05,0.6610321835372744,0.0003226866067773865
9d 2d Kc Tc 4c,6s Ad,0,1,5,9.998460237123483e-07,0.009132118067553147,9.708801876494453e-07,0.008894672418075797,9,0,1.0,0.999959181166064,0.0,2.950520975346381e-05,1.0,0.4151606231392745,0.0,1.1313624182516413e-05,0.0,0.0003226866067773865
9d 2d Kc Tc 4c,6s Ah,0,1,5,9.998460237123483e-07,0.009132118067553147,9.600882990292596e-07,0.009019562297077158,9,0,1.0,0.999959181166064,0.0,2.950520975346381e-05,0.0,0.4151606231392745,0.0,1.1313624182516413e-05,0.0,0.0003226866067773865
9d 2d Kc Tc 4c,6s As,0,1,5,0.001244444970306037,9.99230592443818e-07,0.001182586526345552,9.88267883899414e-07,9,0,1.0,0.999959181166064,0.0,2.950520975346381e-05,0.0,0.4151606231392745,0.0,1.1313624182516413e-05,0.0,0.0003226866067773865
9d 2d Kc Tc 4c,7c 7d,0,1,5,0.00020740749505100619,9.99230592443818e-07,0.0002145512868737222,9.806302942147658e-07,3,10,1.0,0.9999585294884566,0.0,2.8646578643993225e-05,0.0,0.4927083286566785,0.0,1.282393289933712e-05,0.0,0.001875452330007434
9d 2d Kc Tc 4c,7c 7h,0,1,5,0.001244444970306037,9.99230592443818e-07,0.001289733853851535,9.819499965651624e-07,3,10,1.0,0.9999585294884566,0.0,2.8646578643993225e-05,0.0,0.4927083286566785,0.0,1.282393289933712e-05,0.0,0.001875452330007434
9d 2d Kc Tc 4c,7c 7s,0,1,5,0.001244444970306037,9.99230592443818e-07,0.001289733853851535,9.819499965651624e-07,3,10,1.0,0.9999585294884566,0.0,2.8646578643993225e-05,0.0,0.4927083286566785,0.0,1.282393289933712e-05,0.0,0.001875452330007434
9d 2d Kc Tc 4c,7c 8c,0,1,5,0.001244444970306037,0.005347878483453134,0.001300033660210108,0.005238576881672595,5,1,0.0,6.666666666666667e-06,0.0,2.0306094220789084e-05,1.0,0.99999,1.0,0.9999730272391125,1.0,0.99999
9d 2d Kc Tc 4c,7c 8d,0,1,5,0.0019121397749957123,9.99230592443818e-07,0.0019728088436139395,9.679607032793277e-07,15,7,0.0,0.9267781203121732,0.08776568334069368,0.07258207730344662,0.0,3.103722716992478e-05,0.9122343166593063,0.0006398023843801892,0.0,1e-05
9d 2d Kc Tc 4c,7c 8h,0,1,5,0.0019121397749957123,9.99230592443818e-07,0.0019728088436139395,9.666371784927364e-07,15,7,0.0,0.9267781203121732,0.8754049457696318,0.07258207730344662,0.0,3.103722716992478e-05,0.12459505423036825,0.0006398023843801892,0.0,1e-05
9d 2d Kc Tc 4c,7c 8s,0,1,5,0.0019121397749957123,9.99230592443818e-07,0.0019728088436139395,9.666371784927364e-07,15,7,0.0,0.9267781203121732,0.5710575111834534,0.07258207730344662,0.0,3.103722716992478e-05,0.4289424888165466,0.0006398023843801892,0.0,1e-05
9d 2d Kc Tc 4c,7c 9c,0,1,5,0.00020740749505100619,0.0008620292408258973,0.00020617766804490042,0.0008526829869518509,5,1,0.0,6.666666666666667e-06,0.0,2.0306094220789084e-05,1.0,0.99999,1.0,0.9999730272391125,1.0,0.99999
9d 2d Kc Tc 4c,7c 9h,0,1,5,0.001244444970306037,9.99230592443818e-07,0.0012534865908224917,9.92564511563099e-07,11,5,1.0,0.999915129897472,0.0,5.728078616758273e-05,0.0,0.99999,0.0,2.7589316360402657e-05,0.0,0.9988998402932956
9d 2d Kc Tc 4c,7c 9s,0,1,5,0.001244444970306037,9.99230592443818e-07,0.001253486590822492,9.92564511563099e-07,11,5,1.0,0.999915129897472,0.0,5.728078616758273e-05,0.0,0.99999,0.0,2.7589316360402657e-05,0.0,0.9988998402932956
9d 2d Kc Tc 4c,7c Td,0,1,5,0.001244444970306037,9.99230592443818e-07,0.0012736436992360038,9.856669976469836e-07,15,8,1.0,0.9267781203121732,0.0,0.07258207730344662,0.0,0.99999,0.0,0.0006398023843801892,0.0,0.9988882788311626
9d 2d Kc Tc 4c,7c Th,0,1,5,0.001244444970306037,9.99230592443818e-07,0.0012736436992360038,9.928449943022584e-07,15,8,1.0,0.9267781203121732,0.0,0.07258207730344662,0.0,0.99999,0.0,0.0006398023843801892,0.0,0.9988882788311626
9d 2d Kc Tc 4c,7c Ts,0,1,5,0.001244444970306037,9.99230592443818e-07,0.0012736436992360038,9.928449943022582e-07,15,8,1.0,0.9267781203121732,0.0,0.07258207730344662,0.0,0.99999,0.0,0.0006398023843801892,0.0,0.9988882788311626
9d 2d Kc Tc 4c,7c Jc,0,1,5,9.998460237123483e-07,9.99230592443818e-07,1.0125962553157914e-06,9.847098580048186e-07,5,1,0.0,6.666666666666667e-06,0.0,2.0306094220789084e-05,1.0,0.99999,1.0,0.9999730272391125,1.0,0.99999
9d 2d Kc Tc 4c,7c Jd,0,1,5,0.001244444970306037,9.99230592443818e-07,0.0012599212559721048,9.932411024541222e-07,11,4,1.0,0.999915129897472,0.0,5.728078616758273e-05,0.0,3.592531340698405e-05,0.0,2.7589316360402657e-05,0.0,1.2483206694729829e-05
9d 2d Kc Tc 4c,7c Jh,0,1,5,0.00020740749505100613,9.99230592443818e-07,0.0002113342286062103,1.0006463137988793e-06,11,4,1.0,0.999915129897472,0.0,5.728078616758273e-05,0.0,3.592531340698405e-05,0.0,2.7589316360402657e-05,0.0,1.2483206694729829e-05
9d 2d Kc Tc 4c,7c Js,0,1,5,0.00020740749505100613,9.99230592443818e-07,0.00021133422860621033,1.0006463137988793e-06,11,4,1.0,0.999915129897472,0.0,5.728078616758273e-05,0.0,3.592531340698405e-05,0.0,2.7589316360402657e-05,0.0,1.2483206694729829e-05
9d 2d Kc Tc 4c,7c Qc,0,1,5,9.998460237123483e-07,9.99230592443818e-07,1.0172768126454526e-06,9.928008949206337e-07,5,1,0.0,6.666666666666667e-06,0.0,2.0306094220789084e-05,1.0,0.99999,1.0,0.9999730272391125,1.0,0.99999
9d 2d Kc Tc 4c,7c Qd,0,1,5,0.00020740749505100613,9.99230592443818e-07,0.00021070617256505582,9.852547396815368e-07,3,9,1.0,0.9999585294884566,0.0,2.8646578643993225e-05,0.0,6.51757959137998e-05,0.0,1.282393289933712e-05,0.0,0.3819288804739562
9d 2d Kc Tc 4c,7c Qh,0,1,5,0.001244444970306037,9.99230592443818e-07,0.0012700614029879786,9.811996015626793e-07,3,9,1.0,0.9999585294884566,0.0,2.8646578643993225e-05,0.0,6.51757959137998e-05,0.0,1.282393289933712e-05,0.0,0.3819288804739562
9d 2d Kc Tc 4c,7c Qs,0,1,5,0.001244444970306037,9.99230592443818e-07,0.0012700614029879786,9.811996015626793e-07,3,9,1.0,0.9999585294884566,0.0,2.8646578643993225e-05,0.0,6.51757959137998e-05,0.0,1.282393289933712e-05,0.0,0.3819288804739562
9d 2d Kc Tc 4c,7c Kd,0,1,5,0.00020740749505100613,0.0022448929347614506,0.00020362379838371363,0.0022427780805603895,7,12,0.0,6.666666666666667e-06,1.0,0.999891608261136,1.0,0.99999,0.0,0.00010172507219734107,0.46995306030768674,0.99999
9d 2d Kc Tc 4c,7c Kh,0,1,5,0.001244444970306037,0.0022448929347614506,0.0012302557975003405,0.0022629006213375226,7,12,0.0,6.666666666666667e-06,1.0,0.999891608261136,1.0,0.99999,0.0,0.00010172507219734107,0.0,0.99999
9d 2d Kc Tc 4c,7c Ks,0,1,5,0.001244444970306037,0.0022448929347614506,0.0012302557975003405,0.0022629006213375226,7,12,0.0,6.666666666666667e-06,1.0,0.999891608261136,1.0,0.99999,0.0,0.00010172507219734107,0.0,0.99999
9d 2d Kc Tc 4c,7c Ac,0,1,5,0.001244444970306037,0.004076876240267737,0.0012305504146623483,0.004018481619138961,5,1,0.0,6.666666666666667e-06,0.0,2.0306094220789084e-05,1.0,0.99999,1.0,0.9999730272391125,1.0,0.99999
9d 2d Kc Tc 4c,7c Ad,0,1,5,0.001244444970306037,0.003181517917354445,0.0012415847702532876,0.003074956356110063,0,15,1.0,0.9999791841119858,0.0,1.4149221347486966e-05,0.0,0.5116774868916053,0.0,6.666666666666667e-06,0.0,0.00048292115427261143
9d 2d Kc Tc 4c,7c Ah,0,1,5,0.001244444970306037,0.003181517917354445,0.0012281527905334216,0.003118466458016305,0,15,1.0,0.9999791841119858,0.0,1.4149221347486966e-05,0.0,0.5116774868916053,0.0,6.666666666666667e-06,0.0,0.00048292115427261143
9d 2d Kc Tc 4c,7c As,0,1,5,0.001244444970306037,0.003181517917354445,0.0012281527905334219,0.0031184664580163044,0,15,1.0,0.9999791841119858,0.0,1.4149221347486966e-05,0.0,0.5116774868916053,0.0,6.666666666666667e-06,0.0,0.00048292115427261143
9d 2d Kc Tc 4c,7d 7h,0,1,5,0.001244444970306037,9.99230592443818e-07,0.0012939416572993803,9.88484627061806e-07,3,10,1.0,0.9999585294884566,0.0,2.8646578643993225e-05,0.0,0.4927083286566785,0.0,1.282393289933712e-05,0.0,0.001875452330007434
9d 2d Kc Tc 4c,7d 7s,0,1,5,0.001244444970306037,9.99230592443818e-07,0.0012939416572993803,9.88484627061806e-07,3,10,1.0,0.9999585294884566,0.0,2.8646578643993225e-05,0.0,0.4927083286566785,0.0,1.282393289933712e-05,0.0,0.001875452330007434
9d 2d Kc Tc 4c,7d 8c,0,1,5,0.0019121397749957123,9.99230592443818e-07,0.001992885554614288,9.86069199431855e-07,15,7,0.0,0.9267781203121732,0.019285216578164066,0.07258207730344662,0.0,3.103722716992478e-05,0.9807147834218359,0.0006398023843801892,0.0,1e-05
9d 2d Kc Tc 4c,7d 8d,0,1,5,0.001244444970306037,0.005347878483453134,0.0012953830873466713,0.0052116069134941255,15,7,1.0,0.9267781203121732,0.0,0.07258207730344662,0.0,3.103722716992478e-05,0.0,0.0006398023843801892,0.0,1e-05
9d 2d Kc Tc 4c,7d 8h,0,1,5,0.0019121397749957123,9.99230592443818e-07,0.00197927430293916,9.731718089893794e-07,15,7,1.0,0.9267781203121732,0.0,0.07258207730344662,0.0,3.103722716992478e-05,0.0,0.0006398023843801892,0.0,1e-05
9d 2d Kc Tc 4c,7d 8s,0,1,5,0.0019121397749957123,9.99230592443818e-07,0.0019792743029391604,9.731718089893794e-07,15,7,1.0,0.9267781203121732,0.0,0.07258207730344662,0.0,3.103722716992478e-05,0.0,0.0006398023843801892,0.0,1e-05
9d 2d Kc Tc 4c,7d 9c,0,1,5,0.001244444970306037,9.99230592443818e-07,0.001240106940844075,9.960598781886349e-07,11,14,1.0,0.999915129897472,0.0,5.728078616758273e-05,1.0,0.009610196806144979,0.0,2.7589316360402657e-05,1.0,0.00252881274002614
9d 2d Kc Tc 4c,7d 9h,0,1,5,0.001244444970306037,9.99230592443818e-07,0.001257694394270337,9.99099142059742e-07,3,14,1.0,0.9999585294884566,0.0,2.8646578643993225e-05,1.0,0.009610196806144979,0.0,1.282393289933712e-05,0.0,0.00252881274002614
9d 2d Kc Tc 4c,7d 9s,0,1,5,0.001244444970306037,9.99230592443818e-07,0.001257694394270337,9.99099142059742e-07,3,14,1.0,0.9999585294884566,0.0,2.8646578643993225e-05,1.0,0.009610196806144979,0.0,1.282393289933712e-05,0.0,0.00252881274002614
9d 2d Kc Tc 4c,7d Td,0,1,5,9.998460237123483e-07,9.99230592443818e-07,1.026686413895097e-06,9.90848555356299e-07,8,8,1.0,0.9998327155272967,0.0,0.0001460205384420505,0.0,0.99999,0.0,2.1263934261221164e-05,0.0,0.9988882788311626
9d 2d Kc Tc 4c,7d Th,0,1,5,0.001244444970306037,9.99230592443818e-07,0.0012778515026838494,9.993796247989015e-07,8,8,1.0,0.9998327155272967,0.0,0.0001460205384420505,0.0,0.99999,0.0,2.1263934261221164e-05,0.0,0.9988882788311626
9d 2d Kc Tc 4c,7d Ts,0,1,5,0.001244444970306037,9.99230592443818e-07,0.0012778515026838494,9.993796247989015e-07,8,8,1.0,0.9998327155272967,0.0,0.0001460205384420505,0.0,0.99999,0.0,2.1263934261221164e-05,0.0,0.9988882788311626
9d 2d Kc Tc 4c,7d Jc,0,1,5,0.001244444970306037,9.99230592443818e-07,0.0012645221788551088,9.9259756128879e-07,11,4,0.7856768129318684,0.999915129897472,0.0,5.728078616758273e-05,0.0,3.592531340698405e-05,0.2143231870681316,2.7589316360402657e-05,0.0,1.2483206694729829e-05
9d 2d Kc Tc 4c,7d Jd,0,1,5,9.998460237123483e-07,9.99230592443818e-07,1.0156611531078293e-06,9.984226601634376e-07,11,4,1.0,0.999915129897472,0.0,5.728078616758273e-05,0.0,3.592531340698405e-05,0.0,2.7589316360402657e-05,0.0,1.2483206694729829e-05
9d 2d Kc Tc 4c,7d Jh,0,1,5,0.001244444970306037,9.99230592443818e-07,0.0012722131750851073,1.0083094116157164e-06,11,4,1.0,0.999915129897472,0.0,5.728078616758273e-05,0.0,3.592531340698405e-05,0.0,2.7589316360402657e-05,0.0,1.2483206694729829e-05
9d 2d Kc Tc 4c,7d Js,0,1,5,0.001244444970306037,9.99230592443818e-07,0.0012722131750851073,1.0083094116157164e-06,11,4,1.0,0.999915129897472,0.0,5.728078616758273e-05,0.0,3.592531340698405e-05,0.0,2.7589316360402657e-05,0.0,1.2483206694729829e-05
9d 2d Kc Tc 4c,7d Qc,0,1,5,0.00020740749505100613,9.99230592443818e-07,0.00021172462864757046,9.99560130884411e-07,3,9,1.0,0.9999585294884566,0.0,2.8646578643993225e-05,0.0,6.51757959137998e-05,0.0,1.282393289933712e-05,0.0,0.3819288804739562
9d 2d Kc Tc 4c,7d Qd,0,1,5,9.998460237123483e-07,9.99230592443818e-07,1.0191286546796153e-06,9.91564764711046e-07,3,9,1.0,0.9999585294884566,0.0,2.8646578643993225e-05,0.0,6.51757959137998e-05,0.0,1.282393289933712e-05,0.0,0.3819288804739562
9d 2d Kc Tc 4c,7d Qh,0,1,5,0.00020740749505100619,9.99230592443818e-07,0.00021237820107263732,9.866057647391285e-07,3,9,1.0,0.9999585294884566,0.0,2.8646578643993225e-05,0.0,6.51757959137998e-05,0.0,1.282393289933712e-05,0.0,0.3819288804739562
9d 2d Kc Tc 4c,7d Qs,0,1,5,0.00020740749505100619,9.99230592443818e-07,0.00021237820107263732,9.866057647391285e-07,3,9,1.0,0.9999585294884566,0.0,2.8646578643993225e-05,0.0,6.51757959137998e-05,0.0,1.282393289933712e-05,0.0,0.3819288804739562
9d 2d Kc Tc 4c,7d Kd,0,1,5,9.998460237123483e-07,9.99230592443818e-07,9.825435364851837e-07,1.0045992687864891e-06,7,12,0.0,6.666666666666667e-06,1.0,0.999891608261136,1.0,0.99999,0.0,0.00010172507219734107,1.0,0.99999
9d 2d Kc Tc 4c,7d Kh,0,1,5,0.00020740749505100613,0.0022448929347614506,0.00020574393349136424,0.0022750462237747914,7,12,0.0,6.666666666666667e-06,1.0,0.999891608261136,1.0,0.99999,0.0,0.00010172507219734107,0.0,0.99999
9d 2d Kc Tc 4c,7d Ks,0,1,5,0.00020740749505100613,0.0022448929347614506,0.00020574393349136422,0.0022750462237747914,7,12,0.0,6.666666666666667e-06,1.0,0.999891608261136,1.0,0.99999,0.0,0.00010172507219734107,0.3677871046994871,0.99999
9d 2d Kc Tc 4c,7d Ac,0,1,5,0.00020740749505100613,0.003181517917354445,0.0002055908042313231,0.003153160896766717,0,15,1.0,0.9999791841119858,0.0,1.4149221347486966e-05,0.0,0.5116774868916053,0.0,6.666666666666667e-06,0.0,0.00048292115427261143
9d 2d Kc Tc 4c,7d Ad,0,1,5,0.001244444970306037,0.004076876240267737,0.0012470059664233873,0.0039669869968948935,0,15,1.0,0.9999791841119858,0.0,1.4149221347486966e-05,0.06647087168868092,0.5116774868916053,0.0,6.666666666666667e-06,0.0,0.00048292115427261143
9d 2d Kc Tc 4c,7d Ah,0,1,5,0.00020740749505100613,0.003181517917354445,0.00020539343233021113,0.0031356795068761796,0,0,1.0,0.9999791841119858,0.0,1.4149221347486966e-05,0.0,0.4151606231392745,0.0,6.666666666666667e-06,0.0,0.0003226866067773865
9d 2d Kc Tc 4c,7d As,0,1,5,0.00020740749505100613,0.003181517917354445,0.00020539343233021113,0.0031356795068761788,0,0,1.0,0.9999791841119858,0.0,1.4149221347486966e-05,0.0,0.4151606231392745,0.0,6.666666666666667e-06,0.0,0.0003226866067773865
9d 2d Kc Tc 4c,7h 7s,0,1,5,0.00020740749505100613,9.99230592443818e-07,0.00021606129831809698,9.87547394771815e-07,3,10,1.0,0.9999585294884566,0.0,2.8646578643993225e-05,0.0,0.4927083286566785,0.0,1.282393289933712e-05,0.0,0.001875452330007434
9d 2d Kc Tc 4c,7h 8c,0,1,5,0.0019121397749957123,9.99230592443818e-07,0.0019966134049991292,9.862604344620578e-07,15,7,0.0,0.9267781203121732,0.02226421171415105,0.07258207730344662,0.0,3.103722716992478e-05,0.977735788285849,0.0006398023843801892,0.0,1e-05
9d 2d Kc Tc 4c,7h 8d,0,1,5,0.0019121397749957123,9.99230592443818e-07,0.0019830021533240013,9.746865688061737e-07,15,7,1.0,0.9267781203121732,0.0,0.07258207730344662,0.0,3.103722716992478e-05,0.0,0.0006398023843801892,0.0,1e-05
9d 2d Kc Tc 4c,7h 8h,0,1,5,0.001244444970306037,0.005347878483453134,0.001297809219955873,0.00520554690285092,15,7,1.0,0.9267781203121732,0.0,0.07258207730344662,0.0,3.103722716992478e-05,0.0,0.0006398023843801892,0.0,1e-05
9d 2d Kc Tc 4c,7h 8s,0,1,5,0.0019121397749957123,9.99230592443818e-07,0.0019830021533240013,9.733630440195822e-07,15,7,1.0,0.9267781203121732,0.0,0.07258207730344662,0.0,3.103722716992478e-05,0.0,0.0006398023843801892,0.0,1e-05
9d 2d Kc Tc 4c,7h 9c,0,1,5,0.00020740749505100619,9.99230592443818e-07,0.00020708884557554618,9.951226458986438e-07,11,14,1.0,0.999915129897472,0.0,5.728078616758273e-05,0.0,0.009610196806144979,0.0,2.7589316360402657e-05,1.0,0.00252881274002614
9d 2d Kc Tc 4c,7h 9h,0,1,5,0.00020740749505100619,0.0008620292408258973,0.00021021456629211858,0.0008611072957601888,3,14,1.0,0.9999585294884566,0.0,2.8646578643993225e-05,0.07172245686005818,0.009610196806144979,0.0,1.282393289933712e-05,0.0,0.00252881274002614
9d 2d Kc Tc 4c,7h 9s,0,1,5,0.00020740749505100619,9.99230592443818e-07,0.0002100200878132565,9.981619097697514e-07,3,14,1.0,0.9999585294884566,0.0,2.8646578643993225e-05,1.0,0.009610196806144979,0.0,1.282393289933712e-05,0.0,0.00252881274002614
9d 2d Kc Tc 4c,7h Td,0,1,5,0.001244444970306037,9.99230592443818e-07,0.001280277635293051,9.923928631738294e-07,8,8,1.0,0.9998327155272967,0.0,0.0001460205384420505,0.0,0.99999,0.0,2.1263934261221164e-05,0.0,0.9988882788311626
9d 2d Kc Tc 4c,7h Th,0,1,5,9.998460237123483e-07,9.99230592443818e-07,1.0286356837303977e-06,9.982177870417766e-07,8,8,1.0,0.9998327155272967,0.0,0.0001460205384420505,0.0,0.99999,0.0,2.1263934261221164e-05,0.0,0.9988882788311626
9d 2d Kc Tc 4c,7h Ts,0,1,5,0.001244444970306037,9.99230592443818e-07,0.001280277635293051,9.995708598291042e-07,8,8,1.0,0.9998327155272967,0.0,0.0001460205384420505,0.0,0.99999,0.0,2.1263934261221164e-05,0.0,0.9988882788311626
9d 2d Kc Tc 4c,7h Jc,0,1,5,0.001244444970306037,9.99230592443818e-07,0.0012669483114643109,9.927887963189927e-07,11,4,0.0,0.999915129897472,0.0,5.728078616758273e-05,0.0,3.592531340698405e-05,1.0,2.7589316360402657e-05,0.0,1.2483206694729829e-05
9d 2d Kc Tc 4c,7h Jd,0,1,5,0.001244444970306037,9.99230592443818e-07,0.001266555192029152,9.999669679809682e-07,11,4,1.0,0.999915129897472,0.0,5.728078616758273e-05,0.0,3.592531340698405e-05,0.0,2.7589316360402657e-05,0.0,1.2483206694729829e-05
9d 2d Kc Tc 4c,7h Jh,0,1,5,9.998460237123483e-07,9.99230592443818e-07,1.0241055843169997e-06,1.007147573858591e-06,11,4,1.0,0.999915129897472,0.0,5.728078616758273e-05,0.0,3.592531340698405e-05,0.0,2.7589316360402657e-05,0.0,1.2483206694729829e-05
9d 2d Kc Tc 4c,7h Js,0,1,5,0.001244444970306037,9.99230592443818e-07,0.0012746393076943092,1.0085006466459191e-06,11,4,1.0,0.999915129897472,0.0,5.728078616758273e-05,0.0,3.592531340698405e-05,0.0,2.7589316360402657e-05,0.0,1.2483206694729829e-05
9d 2d Kc Tc 4c,7h Qc,0,1,5,0.00020740749505100613,9.99230592443818e-07,0.00021212898408243743,9.99751365914614e-07,3,9,1.0,0.9999585294884566,0.0,2.8646578643993225e-05,0.0,6.51757959137998e-05,0.0,1.282393289933712e-05,0.0,0.3819288804739562
9d 2d Kc Tc 4c,7h Qd,0,1,5,0.001244444970306037,9.99230592443818e-07,0.0012708709714473825,9.931090725285769e-07,3,9,1.0,0.9999585294884566,0.0,2.8646578643993225e-05,0.0,6.51757959137998e-05,0.0,1.282393289933712e-05,0.0,0.3819288804739562
9d 2d Kc Tc 4c,7h Qh,0,1,5,9.998460237123483e-07,9.99230592443818e-07,1.0257574972739352e-06,9.86572394302197e-07,3,9,1.0,0.9999585294884566,0.0,2.8646578643993225e-05,0.0,6.51757959137998e-05,0.0,1.282393289933712e-05,0.0,0.3819288804739562
9d 2d Kc Tc 4c,7h Qs,0,1,5,0.001244444970306037,9.99230592443818e-07,0.0012766953390450256,9.879254670895253e-07,3,9,1.0,0.9999585294884566,0.0,2.8646578643993225e-05,0.0,6.51757959137998e-05,0.0,1.282393289933712e-05,0.0,0.3819288804739562
9d 2d Kc Tc 4c,7h Kd,0,1,5,0.00020740749505100613,0.0022448929347614506,0.0002047294543932215,0.0022578885546747237,7,12,0.0,6.666666666666667e-06,1.0,0.999891608261136,1.0,0.99999,0.0,0.00010172507219734107,0.2978346190115828,0.99999
9d 2d Kc Tc 4c,7h Kh,0,1,5,9.998460237123483e-07,9.99230592443818e-07,9.913325594633816e-07,1.0126188370774335e-06,7,12,0.0,6.666666666666667e-06,1.0,0.999891608261136,1.0,0.99999,0.0,0.00010172507219734107,0.0,0.99999
9d 2d Kc Tc 4c,7h Ks,0,1,5,0.001244444970306037,0.0022448929347614506,0.0012368897335573877,0.002278011095451856,7,12,0.0,6.666666666666667e-06,1.0,0.999891608261136,1.0,0.99999,0.0,0.00010172507219734107,0.0,0.99999
9d 2d Kc Tc 4c,7h Ac,0,1,5,0.00020740749505100619,0.003181517917354445,0.00020599515966619015,0.003153769782923343,0,15,1.0,0.9999791841119858,0.0,1.4149221347486966e-05,0.0,0.5116774868916053,0.0,6.666666666666667e-06,0.0,0.00048292115427261143
9d 2d Kc Tc 4c,7h Ad,0,1,5,0.001244444970306037,0.0005302529862257408,0.0012446257028279604,0.0005160618824348199,0,15,1.0,0.9999791841119858,0.0,1.4149221347486966e-05,0.0,0.5116774868916053,0.0,6.666666666666667e-06,0.0,0.00048292115427261143
9d 2d Kc Tc 4c,7h Ah,0,1,5,0.001244444970306037,0.004076876240267737,0.0012360001193127234,0.0040235221662230395,0,0,1.0,0.9999791841119858,0.0,1.4149221347486966e-05,0.0,0.4151606231392745,0.0,6.666666666666667e-06,0.0,0.0003226866067773865
9d 2d Kc Tc 4c,7h As,0,1,5,0.001244444970306037,0.003181517917354445,0.0012347867265904689,0.0031398813965151785,0,0,1.0,0.9999791841119858,0.0,1.4149221347486966e-05,0.0,0.4151606231392745,0.0,6.666666666666667e-06,0.0,0.0003226866067773865
9d 2d Kc Tc 4c,7s 8c,0,1,5,0.0019121397749957123,9.99230592443818e-07,0.001996613404999129,9.86260434462058e-07,15,7,0.0,0.9267781203121732,0.15376224702940022,0.07258207730344662,0.0,3.103722716992478e-05,0.8462377529705998,0.0006398023843801892,0.0,1e-05
9d 2d Kc Tc 4c,7s 8d,0,1,5,0.0019121397749957123,9.99230592443818e-07,0.0019830021533240013,9.74686568806174e-07,15,7,1.0,0.9267781203121732,0.0,0.07258207730344662,0.0,3.103722716992478e-05,0.0,0.0006398023843801892,0.0,1e-05
9d 2d Kc Tc 4c,7s 8h,0,1,5,0.0019121397749957123,9.99230592443818e-07,0.0019830021533240013,9.733630440195824e-07,15,7,1.0,0.9267781203121732,0.0,0.07258207730344662,0.0,3.103722716992478e-05,0.0,0.0006398023843801892,0.0,1e-05
9d 2d Kc Tc 4c,7s 8s,0,1,5,0.001244444970306037,0.005347878483453134,0.001297809219955873,0.00520554690285092,15,7,1.0,0.9267781203121732,0.0,0.07258207730344662,0.0,3.103722716992478e-05,0.0,0.0006398023843801892,0.0,1e-05
9d 2d Kc Tc 4c,7s 9c,0,1,5,0.00020740749505100619,9.99230592443818e-07,0.00020708884557554618,9.95122645898644e-07,11,14,1.0,0.999915129897472,0.0,5.728078616758273e-05,0.0,0.009610196806144979,0.0,2.7589316360402657e-05,1.0,0.00252881274002614
9d 2d Kc Tc 4c,7s 9h,0,1,5,0.00020740749505100619,9.99230592443818e-07,0.0002100200878132565,9.981619097697514e-07,3,14,1.0,0.9999585294884566,0.0,2.8646578643993225e-05,1.0,0.009610196806144979,0.0,1.282393289933712e-05,0.0,0.00252881274002614
9d 2d Kc Tc 4c,7s 9s,0,1,5,0.00020740749505100619,0.0008620292408258973,0.00021021456629211858,0.0008611072957601888,3,14,1.0,0.9999585294884566,0.0,2.8646578643993225e-05,0.07172245686010825,0.009610196806144979,0.0,1.282393289933712e-05,0.0,0.00252881274002614
9d 2d Kc Tc 4c,7s Td,0,1,5,0.001244444970306037,9.99230592443818e-07,0.001280277635293051,9.923928631738294e-07,8,8,1.0,0.9998327155272967,0.0,0.0001460205384420505,0.0,0.99999,0.0,2.1263934261221164e-05,0.0,0.9988882788311626
9d 2d Kc Tc 4c,7s Th,0,1,5,0.001244444970306037,9.99230592443818e-07,0.001280277635293051,9.995708598291044e-07,8,8,1.0,0.9998327155272967,0.0,0.0001460205384420505,0.0,0.99999,0.0,2.1263934261221164e-05,0.0,0.9988882788311626
9d 2d Kc Tc 4c,7s Ts,0,1,5,9.998460237123483e-07,9.99230592443818e-07,1.0286356837303977e-06,9.982177870417766e-07,8,8,1.0,0.9998327155272967,0.0,0.0001460205384420505,0.0,0.99999,0.0,2.1263934261221164e-05,0.0,0.9988882788311626
9d 2d Kc Tc 4c,7s Jc,0,1,5,0.001244444970306037,9.99230592443818e-07,0.0012669483114643109,9.927887963189927e-07,11,4,0.0,0.999915129897472,0.0,5.728078616758273e-05,0.0,3.592531340698405e-05,1.0,2.7589316360402657e-05,0.0,1.2483206694729829e-05
9d 2d Kc Tc 4c,7s Jd,0,1,5,0.001244444970306037,9.99230592443818e-07,0.001266555192029152,9.999669679809682e-07,11,4,1.0,0.999915129897472,0.0,5.728078616758273e-05,0.0,3.592531340698405e-05,0.0,2.7589316360402657e-05,0.0,1.2483206694729829e-05
9d 2d Kc Tc 4c,7s Jh,0,1,5,0.001244444970306037,9.99230592443818e-07,0.0012746393076943094,1.0085006466459191e-06,11,4,1.0,0.999915129897472,0.0,5.728078616758273e-05,0.0,3.592531340698405e-05,0.0,2.7589316360402657e-05,0.0,1.2483206694729829e-05
9d 2d Kc Tc 4c,7s Js,0,1,5,9.998460237123483e-07,9.99230592443818e-07,1.0241055843169997e-06,1.0071475738585913e-06,11,4,1.0,0.999915129897472,0.0,5.728078616758273e-05,0.0,3.592531340698405e-05,0.0,2.7589316360402657e-05,0.0,1.2483206694729829e-05
9d 2d Kc Tc 4c,7s Qc,0,1,5,0.00020740749505100613,9.99230592443818e-07,0.00021212898408243746,9.99751365914614e-07,3,9,1.0,0.9999585294884566,0.0,2.8646578643993225e-05,0.0,6.51757959137998e-05,0.0,1.282393289933712e-05,0.0,0.3819288804739562
9d 2d Kc Tc 4c,7s Qd,0,1,5,0.001244444970306037,9.99230592443818e-07,0.0012708709714473825,9.931090725285769e-07,3,9,1.0,0.9999585294884566,0.0,2.8646578643993225e-05,0.0,6.51757959137998e-05,0.0,1.282393289933712e-05,0.0,0.3819288804739562
9d 2d Kc Tc 4c,7s Qh,0,1,5,0.001244444970306037,9.99230592443818e-07,0.0012766953390450258,9.879254670895253e-07,3,9,1.0,0.9999585294884566,0.0,2.8646578643993225e-05,0.0,6.51757959137998e-05,0.0,1.282393289933712e-05,0.0,0.3819288804739562
9d 2d Kc Tc 4c,7s Qs,0,1,5,9.998460237123483e-07,9.99230592443818e-07,1.0257574972739352e-06,9.865723943021972e-07,3,9,1.0,0.9999585294884566,0.0,2.8646578643993225e-05,0.0,6.51757959137998e-05,0.0,1.282393289933712e-05,0.0,0.3819288804739562
9d 2d Kc Tc 4c,7s Kd,0,1,5,0.00020740749505100613,0.0022448929347614506,0.0002047294543932215,0.0022578885546747237,7,12,0.0,6.666666666666667e-06,1.0,0.999891608261136,1.0,0.99999,0.0,0.00010172507219734107,0.2978346190115828,0.99999
9d 2d Kc Tc 4c,7s Kh,0,1,5,0.001244444970306037,0.0022448929347614506,0.0012368897335573877,0.002278011095451856,7,12,0.0,6.666666666666667e-06,1.0,0.999891608261136,1.0,0.99999,0.0,0.00010172507219734107,0.0,0.99999
9d 2d Kc Tc 4c,7s Ks,0,1,5,9.998460237123483e-07,9.99230592443818e-07,9.913325594633819e-07,1.0126188370774335e-06,7,12,0.0,6.666666666666667e-06,1.0,0.999891608261136,1.0,0.99999,0.0,0.00010172507219734107,0.0,0.99999
9d 2d Kc Tc 4c,7s Ac,0,1,5,0.00020740749505100619,0.003181517917354445,0.00020599515966619015,0.003153769782923343,0,15,1.0,0.9999791841119858,0.0,1.4149221347486966e-05,0.0,0.5116774868916053,0.0,6.666666666666667e-06,0.0,0.00048292115427261143
9d 2d Kc Tc 4c,7s Ad,0,1,5,0.001244444970306037,0.0005302529862257408,0.0012446257028279604,0.0005160618824348199,0,15,1.0,0.9999791841119858,0.0,1.4149221347486966e-05,0.0,0.5116774868916053,0.0,6.666666666666667e-06,0.0,0.00048292115427261143
9d 2d Kc Tc 4c,7s Ah,0,1,5,0.001244444970306037,0.003181517917354445,0.0012347867265904687,0.003139881396515179,0,0,1.0,0.9999791841119858,0.0,1.4149221347486966e-05,0.0,0.4151606231392745,0.0,6.666666666666667e-06,0.0,0.0003226866067773865
9d 2d Kc Tc 4c,7s As,0,1,5,0.001244444970306037,0.004076876240267737,0.0012360001193127234,0.00402352216622304,0,0,1.0,0.9999791841119858,0.0,1.4149221347486966e-05,0.0,0.4151606231392745,0.0,6.666666666666667e-06,0.0,0.0003226866067773865
9d 2d Kc Tc 4c,8c 8d,0,1,5,0.001244444970306037,9.99230592443818e-07,0.001293616807487273,9.708180176682799e-07,3,10,1.0,0.9999585294884566,0.0,2.8646578643993225e-05,0.0,0.4927083286566785,0.0,1.282393289933712e-05,0.0,0.001875452330007434
9d 2d Kc Tc 4c,8c 8h,0,1,5,0.001244444970306037,9.99230592443818e-07,0.001293616807487273,9.694944928816884e-07,3,10,1.0,0.9999585294884566,0.0,2.8646578643993225e-05,0.0,0.4927083286566785,0.0,1.282393289933712e-05,0.0,0.001875452330007434
9d 2d Kc Tc 4c,8c 8s,0,1,5,0.001244444970306037,9.99230592443818e-07,0.001293616807487273,9.694944928816884e-07,3,10,1.0,0.9999585294884566,0.0,2.8646578643993225e-05,0.0,0.4927083286566785,0.0,1.282393289933712e-05,0.0,0.001875452330007434
9d 2d Kc Tc 4c,8c 9c,0,1,5,0.00020740749505100613,9.99230592443818e-07,0.0002075977950663772,9.919806565147215e-07,5,1,0.0,6.666666666666667e-06,0.0,2.0306094220789084e-05,1.0,0.99999,1.0,0.9999730272391125,1.0,0.99999
9d 2d Kc Tc 4c,8c 9h,0,1,5,0.001244444970306037,9.99230592443818e-07,0.0012631742238245253,9.961483877060225e-07,11,5,1.0,0.999915129897472,0.0,5.728078616758273e-05,1.0,0.99999,0.0,2.7589316360402657e-05,0.0,0.9988998402932956
9d 2d Kc Tc 4c,8c 9s,0,1,5,0.001244444970306037,9.99230592443818e-07,0.0012631742238245255,9.961483877060227e-07,11,5,1.0,0.999915129897472,0.0,5.728078616758273e-05,1.0,0.99999,0.0,2.7589316360402657e-05,0.0,0.9988998402932956
9d 2d Kc Tc 4c,8c Td,0,1,5,0.001244444970306037,9.99230592443818e-07,0.0012833313322380374,9.892508737899073e-07,15,8,1.0,0.9267781203121732,0.0,0.07258207730344662,1.0,0.99999,0.0,0.0006398023843801892,0.0,0.9988882788311626
9d 2d Kc Tc 4c,8c Th,0,1,5,0.001244444970306037,9.99230592443818e-07,0.0012833313322380374,9.964288704451821e-07,15,8,1.0,0.9267781203121732,0.0,0.07258207730344662,1.0,0.99999,0.0,0.0006398023843801892,0.0,0.9988882788311626
9d 2d Kc Tc 4c,8c Ts,0,1,5,0.001244444970306037,9.99230592443818e-07,0.0012833313322380374,9.964288704451821e-07,15,8,1.0,0.9267781203121732,0.0,0.07258207730344662,1.0,0.99999,0.0,0.0006398023843801892,0.0,0.9988882788311626
9d 2d Kc Tc 4c,8c Jc,0,1,5,0.001244444970306037,0.005344841535099304,0.0012772440021398814,0.005293578277911236,5,1,0.0,6.666666666666667e-06,0.0,2.0306094220789084e-05,1.0,0.99999,1.0,0.9999730272391125,1.0,0.99999
9d 2d Kc Tc 4c,8c Jd,0,1,5,0.001244444970306037,0.0009599297726764065,0.0012709084349895555,0.0009576187742236585,11,4,0.7895871362564975,0.999915129897472,0.21041286374350252,5.728078616758273e-05,0.0,3.592531340698405e-05,0.0,2.7589316360402657e-05,0.0,1.2483206694729829e-05
9d 2d Kc Tc 4c,8c Jh,0,1,5,0.00020740749505100613,0.0009599297726764065,0.00021316542510911872,0.0009647327305982417,11,4,1.0,0.999915129897472,0.0,5.728078616758273e-05,0.0,3.592531340698405e-05,0.0,2.7589316360402657e-05,0.0,1.2483206694729829e-05
9d 2d Kc Tc 4c,8c Js,0,1,5,0.00020740749505100613,0.0009599297726764065,0.00021316542510911872,0.0009647327305982417,11,4,1.0,0.999915129897472,0.0,5.728078616758273e-05,0.0,3.592531340698405e-05,0.0,2.7589316360402657e-05,0.0,1.2483206694729829e-05
9d 2d Kc Tc 4c,8c Qc,0,1,5,0.001244444970306037,9.99230592443818e-07,0.0012758276014396114,9.977378438508854e-07,5,1,0.0,6.666666666666667e-06,0.0,2.0306094220789084e-05,1.0,0.99999,1.0,0.9999730272391125,1.0,0.99999
9d 2d Kc Tc 4c,8c Qd,0,1,5,0.001244444970306037,9.99230592443818e-07,0.0012739246683923689,9.899670831446548e-07,3,9,1.0,0.9999585294884566,0.0,2.8646578643993225e-05,1.0,6.51757959137998e-05,0.0,1.282393289933712e-05,0.0,0.3819288804739562
9d 2d Kc Tc 4c,8c Qh,0,1,5,0.001244444970306037,9.99230592443818e-07,0.0012797490359900121,9.847834777056028e-07,3,9,1.0,0.9999585294884566,0.0,2.8646578643993225e-05,0.0,6.51757959137998e-05,0.0,1.282393289933712e-05,0.0,0.3819288804739562
9d 2d Kc Tc 4c,8c Qs,0,1,5,0.001244444970306037,9.99230592443818e-07,0.0012797490359900121,9.847834777056028e-07,3,9,1.0,0.9999585294884566,0.0,2.8646578643993225e-05,0.0,6.51757959137998e-05,0.0,1.282393289933712e-05,0.0,0.3819288804739562
9d 2d Kc Tc 4c,8c Kd,0,1,5,9.998460237123483e-07,0.0008807068069420896,9.879041471651234e-07,0.0008828379269962685,1,12,0.0,6.666666666666667e-06,1.0,0.9998450831764386,1.0,0.99999,0.0,0.0001482501568947111,0.0,0.99999
9d 2d Kc Tc 4c,8c Kh,0,1,5,0.00020740749505100613,0.0008807068069420896,0.00020634911345060366,0.000889935666003821,1,12,0.0,6.666666666666667e-06,1.0,0.9998450831764386,1.0,0.99999,0.0,0.0001482501568947111,0.0,0.99999
9d 2d Kc Tc 4c,8c Ks,0,1,5,0.00020740749505100613,0.0008807068069420896,0.00020634911345060366,0.000889935666003821,1,12,0.0,6.666666666666667e-06,1.0,0.9998450831764386,1.0,0.99999,0.0,0.0001482501568947111,0.0,0.99999
9d 2d Kc Tc 4c,8c Ac,0,1,5,0.001244444970306037,9.99230592443818e-07,0.0012347144049240622,9.885021155921403e-07,5,1,0.0,6.666666666666667e-06,0.0,2.0306094220789084e-05,1.0,0.99999,1.0,0.9999730272391125,1.0,0.99999
9d 2d Kc Tc 4c,8c Ad,0,1,5,0.005558997450954776,0.0010683047000612125,0.005576703044540063,0.0010413740806965966,0,13,1.0,0.9999791841119858,0.0,1.4149221347486966e-05,1.0,0.9798859797635713,0.0,6.666666666666667e-06,0.0,0.000548242861982353
9d 2d Kc Tc 4c,8c Ah,0,1,5,0.0009264995751591291,0.0010683047000612125,0.0009194502874048232,0.0010505947179098721,0,13,1.0,0.9999791841119858,0.0,1.4149221347486966e-05,1.0,0.9798859797635713,0.0,6.666666666666667e-06,0.0,0.000548242861982353
9d 2d Kc Tc 4c,8c As,0,1,5,0.0009264995751591291,0.0010683047000612125,0.0009194502874048232,0.0010505947179098721,0,13,1.0,0.9999791841119858,0.0,1.4149221347486966e-05,0.6223835508394261,0.9798859797635713,0.0,6.666666666666667e-06,0.0,0.000548242861982353
9d 2d Kc Tc 4c,8d 8h,0,1,5,0.00020740749505100619,9.99230592443818e-07,0.00021412640519599847,9.56792159905611e-07,9,10,1.0,0.999959181166064,0.0,2.950520975346381e-05,0.0,0.4927083286566785,0.0,1.1313624182516413e-05,0.0,0.001875452330007434
9d 2d Kc Tc 4c,8d 8s,0,1,5,0.00020740749505100619,9.99230592443818e-07,0.0002141264051959985,9.56792159905611e-07,9,10,1.0,0.999959181166064,0.0,2.950520975346381e-05,0.0,0.4927083286566785,0.0,1.1313624182516413e-05,0.0,0.001875452330007434
9d 2d Kc Tc 4c,8d 9c,0,1,5,0.00020740749505100613,9.99230592443818e-07,0.00020612139901449687,9.804067908588377e-07,11,14,1.0,0.999915129897472,0.0,5.728078616758273e-05,1.0,0.009610196806144979,0.0,2.7589316360402657e-05,1.0,0.00252881274002614
9d 2d Kc Tc 4c,8d 9h,0,1,5,0.00020740749505100613,9.99230592443818e-07,0.00020905264125220714,9.834460547299452e-07,3,14,1.0,0.9999585294884566,0.0,2.8646578643993225e-05,1.0,0.009610196806144979,0.0,1.282393289933712e-05,0.0,0.00252881274002614
9d 2d Kc Tc 4c,8d 9s,0,1,5,0.00020740749505100613,9.99230592443818e-07,0.00020905264125220714,9.834460547299452e-07,3,14,1.0,0.9999585294884566,0.0,2.8646578643993225e-05,1.0,0.009610196806144979,0.0,1.282393289933712e-05,0.0,0.00252881274002614
9d 2d Kc Tc 4c,8d Td,0,1,5,9.998460237123483e-07,9.99230592443818e-07,1.0239719294288407e-06,9.763239353466952e-07,8,8,1.0,0.9998327155272967,0.0,0.0001460205384420505,1.0,0.99999,0.0,2.1263934261221164e-05,0.0,0.9988882788311626
9d 2d Kc Tc 4c,8d Th,0,1,5,0.001244444970306037,9.99230592443818e-07,0.0012744729559267553,9.848550047892983e-07,8,8,1.0,0.9998327155272967,0.0,0.0001460205384420505,1.0,0.99999,0.0,2.1263934261221164e-05,0.0,0.9988882788311626
9d 2d Kc Tc 4c,8d Ts,0,1,5,0.001244444970306037,9.99230592443818e-07,0.0012744729559267553,9.848550047892983e-07,8,8,1.0,0.9998327155272967,0.0,0.0001460205384420505,1.0,0.99999,0.0,2.1263934261221164e-05,0.0,0.9988882788311626
9d 2d Kc Tc 4c,8d Jc,0,1,5,0.001244444970306037,0.0009599297726764065,0.001262443178113432,0.0009396042748119373,11,4,1.0,0.999915129897472,0.0,5.728078616758273e-05,1.0,3.592531340698405e-05,0.0,2.7589316360402657e-05,0.0,1.2483206694729829e-05
9d 2d Kc Tc 4c,8d Jd,0,1,5,0.001244444970306037,0.005344841535099304,0.0012679925063934408,0.005270065899475376,11,4,1.0,0.999915129897472,0.0,5.728078616758273e-05,0.0,3.592531340698405e-05,0.0,2.7589316360402657e-05,0.0,1.2483206694729829e-05
9d 2d Kc Tc 4c,8d Jh,0,1,5,0.001244444970306037,0.0009599297726764065,0.0012701341743434303,0.0009546981610747334,11,4,1.0,0.999915129897472,0.0,5.728078616758273e-05,0.0,3.592531340698405e-05,0.0,2.7589316360402657e-05,0.0,1.2483206694729829e-05
9d 2d Kc Tc 4c,8d Js,0,1,5,0.001244444970306037,0.0009599297726764065,0.0012701341743434306,0.0009546981610747334,11,4,1.0,0.999915129897472,0.0,5.728078616758273e-05,0.0,3.592531340698405e-05,0.0,2.7589316360402657e-05,0.0,1.2483206694729829e-05
9d 2d Kc Tc 4c,8d Qc,0,1,5,0.00020740749505100613,9.99230592443818e-07,0.00021116153752138818,9.850355108748082e-07,3,9,1.0,0.9999585294884566,0.0,2.8646578643993225e-05,0.0,6.51757959137998e-05,0.0,1.282393289933712e-05,0.0,0.3819288804739562
9d 2d Kc Tc 4c,8d Qd,0,1,5,0.001244444970306037,9.99230592443818e-07,0.0012650662920810868,9.783932174887707e-07,3,9,1.0,0.9999585294884566,0.0,2.8646578643993225e-05,1.0,6.51757959137998e-05,0.0,1.282393289933712e-05,0.0,0.3819288804739562
9d 2d Kc Tc 4c,8d Qh,0,1,5,0.001244444970306037,9.99230592443818e-07,0.00127089065967873,9.732096120497187e-07,3,9,1.0,0.9999585294884566,0.0,2.8646578643993225e-05,0.0,6.51757959137998e-05,0.0,1.282393289933712e-05,0.0,0.3819288804739562
9d 2d Kc Tc 4c,8d Qs,0,1,5,0.001244444970306037,9.99230592443818e-07,0.00127089065967873,9.732096120497187e-07,3,9,1.0,0.9999585294884566,0.0,2.8646578643993225e-05,0.0,6.51757959137998e-05,0.0,1.282393289933712e-05,0.0,0.3819288804739562
9d 2d Kc Tc 4c,8d Kd,0,1,5,0.00020740749505100613,9.99230592443818e-07,0.0002032551857363934,9.902992542440206e-07,7,12,0.0,6.666666666666667e-06,1.0,0.999891608261136,1.0,0.99999,0.0,0.00010172507219734107,1.0,0.99999
9d 2d Kc Tc 4c,8d Kh,0,1,5,0.00020740749505100613,0.0008807068069420896,0.0002048727173987233,0.0008797346349877057,7,12,0.0,6.666666666666667e-06,1.0,0.999891608261136,1.0,0.99999,0.0,0.00010172507219734107,0.0,0.99999
9d 2d Kc Tc 4c,8d Ks,0,1,5,0.00020740749505100613,0.0008807068069420896,0.0002048727173987233,0.0008797346349877057,7,12,0.0,6.666666666666667e-06,1.0,0.999891608261136,1.0,0.99999,0.0,0.00010172507219734107,1.0,0.99999
9d 2d Kc Tc 4c,8d Ac,0,1,5,0.005558997450954776,0.0010683047000612125,0.005482420938230339,0.0010494801482886973,0,13,1.0,0.9999791841119858,0.0,1.4149221347486966e-05,0.07193019107786963,0.9798859797635713,0.0,6.666666666666667e-06,0.07407432944188523,0.000548242861982353
9d 2d Kc Tc 4c,8d Ad,0,1,5,0.00020740749505100613,9.99230592443818e-07,0.0002063506294876623,9.566439689242124e-07,0,13,1.0,0.9999791841119858,0.0,1.4149221347486966e-05,1.0,0.9798859797635713,0.0,6.666666666666667e-06,0.0,0.000548242861982353
9d 2d Kc Tc 4c,8d Ah,0,1,5,0.005558997450954776,0.0010683047000612125,0.0054771309177568655,0.0010436101668934027,0,15,1.0,0.9999791841119858,0.0,1.4149221347486966e-05,1.0,0.5116774868916053,0.0,6.666666666666667e-06,0.0,0.00048292115427261143
9d 2d Kc Tc 4c,8d As,0,1,5,0.005558997450954776,0.0010683047000612125,0.0054771309177568655,0.0010436101668934027,0,15,1.0,0.9999791841119858,0.0,1.4149221347486966e-05,1.0,0.5116774868916053,0.0,6.666666666666667e-06,0.0,0.00048292115427261143
9d 2d Kc Tc 4c,8h 8s,0,1,5,0.00020740749505100613,9.99230592443818e-07,0.00021412640519599845,9.554686351190198e-07,9,10,1.0,0.999959181166064,0.0,2.950520975346381e-05,0.0,0.4927083286566785,0.0,1.1313624182516413e-05,0.0,0.001875452330007434
9d 2d Kc Tc 4c,8h 9c,0,1,5,0.00020740749505100619,9.99230592443818e-07,0.0002061213990144969,9.790832660722463e-07,11,14,1.0,0.999915129897472,0.0,5.728078616758273e-05,1.0,0.009610196806144979,0.0,2.7589316360402657e-05,1.0,0.00252881274002614
9d 2d Kc Tc 4c,8h 9h,0,1,5,0.00020740749505100619,9.99230592443818e-07,0.00020905264125220722,9.821225299433535e-07,3,14,1.0,0.9999585294884566,0.0,2.8646578643993225e-05,1.0,0.009610196806144979,0.0,1.282393289933712e-05,0.0,0.00252881274002614
9d 2d Kc Tc 4c,8h 9s,0,1,5,0.001244444970306037,9.99230592443818e-07,0.0012543158475132434,9.832509972635475e-07,3,14,1.0,0.9999585294884566,0.0,2.8646578643993225e-05,1.0,0.009610196806144979,0.0,1.282393289933712e-05,0.0,0.00252881274002614
9d 2d Kc Tc 4c,8h Td,0,1,5,0.001244444970306037,9.99230592443818e-07,0.0012744729559267553,9.76353483347432e-07,8,8,1.0,0.9998327155272967,0.0,0.0001460205384420505,0.0,0.99999,0.0,2.1263934261221164e-05,0.0,0.9988882788311626
9d 2d Kc Tc 4c,8h Th,0,1,5,9.998460237123483e-07,9.99230592443818e-07,1.0239719294288407e-06,9.821784072153787e-07,8,8,1.0,0.9998327155272967,0.0,0.0001460205384420505,0.0,0.99999,0.0,2.1263934261221164e-05,0.0,0.9988882788311626
9d 2d Kc Tc 4c,8h Ts,0,1,5,0.001244444970306037,9.99230592443818e-07,0.0012744729559267555,9.83531480002707e-07,8,8,1.0,0.9998327155272967,0.0,0.0001460205384420505,0.0,0.99999,0.0,2.1263934261221164e-05,0.0,0.9988882788311626
9d 2d Kc Tc 4c,8h Jc,0,1,5,0.001244444970306037,0.0009599297726764065,0.001262443178113432,0.0009383328056864604,11,4,1.0,0.999915129897472,0.0,5.728078616758273e-05,1.0,3.592531340698405e-05,0.0,2.7589316360402657e-05,0.0,1.2483206694729829e-05
9d 2d Kc Tc 4c,8h Jd,0,1,5,0.001244444970306037,0.0009599297726764065,0.0012620500586782734,0.0009452286520945058,11,4,1.0,0.999915129897472,0.0,5.728078616758273e-05,0.0,3.592531340698405e-05,0.0,2.7589316360402657e-05,0.0,1.2483206694729829e-05
9d 2d Kc Tc 4c,8h Jh,0,1,5,0.00020740749505100613,0.005344841535099304,0.00021267943700976628,0.005302596579746127,11,4,1.0,0.999915129897472,0.0,5.728078616758273e-05,0.0,3.592531340698405e-05,0.0,2.7589316360402657e-05,0.0,1.2483206694729829e-05
9d 2d Kc Tc 4c,8h Js,0,1,5,0.001244444970306037,0.0009599297726764065,0.0012701341743434306,0.0009534266919492564,11,4,1.0,0.999915129897472,0.0,5.728078616758273e-05,0.0,3.592531340698405e-05,0.0,2.7589316360402657e-05,0.0,1.2483206694729829e-05
9d 2d Kc Tc 4c,8h Qc,0,1,5,0.001244444970306037,9.99230592443818e-07,0.0012669692251283293,9.848404534084105e-07,3,9,1.0,0.9999585294884566,0.0,2.8646578643993225e-05,0.0,6.51757959137998e-05,0.0,1.282393289933712e-05,0.0,0.3819288804739562
9d 2d Kc Tc 4c,8h Qd,0,1,5,0.001244444970306037,9.99230592443818e-07,0.0012650662920810868,9.770696927021794e-07,3,9,1.0,0.9999585294884566,0.0,2.8646578643993225e-05,1.0,6.51757959137998e-05,0.0,1.282393289933712e-05,0.0,0.3819288804739562
9d 2d Kc Tc 4c,8h Qh,0,1,5,0.00020740749505100619,9.99230592443818e-07,0.00021181510994645503,9.707576199429336e-07,3,9,1.0,0.9999585294884566,0.0,2.8646578643993225e-05,0.0,6.51757959137998e-05,0.0,1.282393289933712e-05,0.0,0.3819288804739562
9d 2d Kc Tc 4c,8h Qs,0,1,5,0.001244444970306037,9.99230592443818e-07,0.00127089065967873,9.718860872631274e-07,3,9,1.0,0.9999585294884566,0.0,2.8646578643993225e-05,0.0,6.51757959137998e-05,0.0,1.282393289933712e-05,0.0,0.3819288804739562
9d 2d Kc Tc 4c,8h Kd,0,1,5,9.998460237123483e-07,0.0008807068069420896,9.807869081206318e-07,0.0008714703611507332,7,12,0.0,6.666666666666667e-06,1.0,0.999891608261136,1.0,0.99999,0.0,0.00010172507219734107,1.0,0.99999
9d 2d Kc Tc 4c,8h Kh,0,1,5,9.998460237123483e-07,9.99230592443818e-07,9.866688051618246e-07,9.965794572510362e-07,7,12,0.0,6.666666666666667e-06,1.0,0.999891608261136,1.0,0.99999,0.0,0.00010172507219734107,1.0,0.99999
9d 2d Kc Tc 4c,8h Ks,0,1,5,0.001244444970306037,0.0008807068069420896,0.0012292363043923402,0.0008795627142722068,7,12,0.0,6.666666666666667e-06,1.0,0.999891608261136,1.0,0.99999,0.0,0.00010172507219734107,1.0,0.99999
9d 2d Kc Tc 4c,8h Ac,0,1,5,0.005558997450954776,0.0010683047000612125,0.005482420938230339,0.0010480651318141663,0,13,1.0,0.9999791841119858,0.0,1.4149221347486966e-05,0.0,0.9798859797635713,0.0,6.666666666666667e-06,1.0,0.000548242861982353
9d 2d Kc Tc 4c,8h Ad,0,1,5,0.005558997450954776,0.0010683047000612125,0.005537132237867989,0.0010275851285443973,0,13,1.0,0.9999791841119858,0.0,1.4149221347486966e-05,1.0,0.9798859797635713,0.0,6.666666666666667e-06,0.0,0.000548242861982353
9d 2d Kc Tc 4c,8h Ah,0,1,5,0.001244444970306037,9.99230592443818e-07,0.0012246717972061083,9.701142831559928e-07,0,15,1.0,0.9999791841119858,0.0,1.4149221347486966e-05,0.0,0.5116774868916053,0.0,6.666666666666667e-06,0.0,0.00048292115427261143
9d 2d Kc Tc 4c,8h As,0,1,5,0.005558997450954776,0.0010683047000612125,0.005477130917756865,0.0010421951504188717,0,15,1.0,0.9999791841119858,0.0,1.4149221347486966e-05,0.0,0.5116774868916053,0.0,6.666666666666667e-06,0.0,0.00048292115427261143
9d 2d Kc Tc 4c,8s 9c,0,1,5,0.00020740749505100619,9.99230592443818e-07,0.0002061213990144969,9.790832660722463e-07,11,14,1.0,0.999915129897472,0.0,5.728078616758273e-05,1.0,0.009610196806144979,0.0,2.7589316360402657e-05,1.0,0.00252881274002614
9d 2d Kc Tc 4c,8s 9h,0,1,5,0.001244444970306037,9.99230592443818e-07,0.0012543158475132434,9.832509972635475e-07,3,14,1.0,0.9999585294884566,0.0,2.8646578643993225e-05,1.0,0.009610196806144979,0.0,1.282393289933712e-05,0.0,0.00252881274002614
9d 2d Kc Tc 4c,8s 9s,0,1,5,0.00020740749505100619,9.99230592443818e-07,0.0002090526412522072,9.821225299433535e-07,3,14,1.0,0.9999585294884566,0.0,2.8646578643993225e-05,1.0,0.009610196806144979,0.0,1.282393289933712e-05,0.0,0.00252881274002614
9d 2d Kc Tc 4c,8s Td,0,1,5,0.001244444970306037,9.99230592443818e-07,0.0012744729559267553,9.76353483347432e-07,8,8,1.0,0.9998327155272967,0.0,0.0001460205384420505,0.0,0.99999,0.0,2.1263934261221164e-05,0.0,0.9988882788311626
9d 2d Kc Tc 4c,8s Th,0,1,5,0.001244444970306037,9.99230592443818e-07,0.0012744729559267553,9.83531480002707e-07,8,8,1.0,0.9998327155272967,0.0,0.0001460205384420505,0.0,0.99999,0.0,2.1263934261221164e-05,0.0,0.9988882788311626
9d 2d Kc Tc 4c,8s Ts,0,1,5,9.998460237123483e-07,9.99230592443818e-07,1.0239719294288405e-06,9.821784072153787e-07,8,8,1.0,0.9998327155272967,0.0,0.0001460205384420505,0.0,0.99999,0.0,2.1263934261221164e-05,0.0,0.9988882788311626
9d 2d Kc Tc 4c,8s Jc,0,1,5,0.001244444970306037,0.0009599297726764065,0.0012624431781134318,0.0009383328056864604,11,4,1.0,0.999915129897472,0.0,5.728078616758273e-05,1.0,3.592531340698405e-05,0.0,2.7589316360402657e-05,0.0,1.2483206694729829e-05
9d 2d Kc Tc 4c,8s Jd,0,1,5,0.001244444970306037,0.0009599297726764065,0.0012620500586782734,0.0009452286520945058,11,4,1.0,0.999915129897472,0.0,5.728078616758273e-05,0.0,3.592531340698405e-05,0.0,2.7589316360402657e-05,0.0,1.2483206694729829e-05
9d 2d Kc Tc 4c,8s Jh,0,1,5,0.001244444970306037,0.0009599297726764065,0.0012701341743434303,0.0009534266919492565,11,4,1.0,0.999915129897472,0.0,5.728078616758273e-05,0.0,3.592531340698405e-05,0.0,2.7589316360402657e-05,0.0,1.2483206694729829e-05
9d 2d Kc Tc 4c,8s Js,0,1,5,0.00020740749505100613,0.005344841535099304,0.00021267943700976628,0.005302596579746127,11,4,1.0,0.999915129897472,0.0,5.728078616758273e-05,0.0,3.592531340698405e-05,0.0,2.7589316360402657e-05,0.0,1.2483206694729829e-05
9d 2d Kc Tc 4c,8s Qc,0,1,5,0.001244444970306037,9.99230592443818e-07,0.0012669692251283293,9.848404534084102e-07,3,9,1.0,0.9999585294884566,0.0,2.8646578643993225e-05,0.0,6.51757959137998e-05,0.0,1.282393289933712e-05,0.0,0.3819288804739562
9d 2d Kc Tc 4c,8s Qd,0,1,5,0.001244444970306037,9.99230592443818e-07,0.0012650662920810868,9.770696927021794e-07,3,9,1.0,0.9999585294884566,0.0,2.8646578643993225e-05,1.0,6.51757959137998e-05,0.0,1.282393289933712e-05,0.0,0.3819288804739562
9d 2d Kc Tc 4c,8s Qh,0,1,5,0.001244444970306037,9.99230592443818e-07,0.00127089065967873,9.718860872631274e-07,3,9,1.0,0.9999585294884566,0.0,2.8646578643993225e-05,0.0,6.51757959137998e-05,0.0,1.282393289933712e-05,0.0,0.3819288804739562
9d 2d Kc Tc 4c,8s Qs,0,1,5,0.00020740749505100619,9.99230592443818e-07,0.000211815109946455,9.707576199429338e-07,3,9,1.0,0.9999585294884566,0.0,2.8646578643993225e-05,0.0,6.51757959137998e-05,0.0,1.282393289933712e-05,0.0,0.3819288804739562
9d 2d Kc Tc 4c,8s Kd,0,1,5,9.998460237123483e-07,0.0008807068069420896,9.807869081206318e-07,0.0008714703611507332,7,12,0.0,6.666666666666667e-06,1.0,0.999891608261136,1.0,0.99999,0.0,0.00010172507219734107,1.0,0.99999
9d 2d Kc Tc 4c,8s Kh,0,1,5,0.001244444970306037,0.0008807068069420896,0.0012292363043923402,0.0008795627142722068,7,12,0.0,6.666666666666667e-06,1.0,0.999891608261136,1.0,0.99999,0.0,0.00010172507219734107,1.0,0.99999
9d 2d Kc Tc 4c,8s Ks,0,1,5,9.998460237123483e-07,9.99230592443818e-07,9.866688051618248e-07,9.965794572510362e-07,7,12,0.0,6.666666666666667e-06,1.0,0.999891608261136,1.0,0.99999,0.0,0.00010172507219734107,1.0,0.99999
9d 2d Kc Tc 4c,8s Ac,0,1,5,0.005558997450954776,0.0010683047000612125,0.005482420938230339,0.0010480651318141663,0,13,1.0,0.9999791841119858,0.0,1.4149221347486966e-05,0.0,0.9798859797635713,0.0,6.666666666666667e-06,1.0,0.000548242861982353
9d 2d Kc Tc 4c,8s Ad,0,1,5,0.005558997450954776,0.0010683047000612125,0.005537132237867989,0.0010275851285443973,0,13,1.0,0.9999791841119858,0.0,1.4149221347486966e-05,1.0,0.9798859797635713,0.0,6.666666666666667e-06,0.0,0.000548242861982353
9d 2d Kc Tc 4c,8s Ah,0,1,5,0.005558997450954776,0.0010683047000612125,0.0054771309177568655,0.0010421951504188717,0,15,1.0,0.9999791841119858,0.0,1.4149221347486966e-05,0.0,0.5116774868916053,0.0,6.666666666666667e-06,0.0,0.00048292115427261143
9d 2d Kc Tc 4c,8s As,0,1,5,0.001244444970306037,9.99230592443818e-07,0.0012246717972061083,9.701142831559926e-07,0,15,1.0,0.9999791841119858,0.0,1.4149221347486966e-05,0.0,0.5116774868916053,0.0,6.666666666666667e-06,0.0,0.00048292115427261143
9d 2d Kc Tc 4c,9c 9h,0,1,5,0.001244444970306037,9.99230592443818e-07,0.0012062858104242339,1.0068656282167738e-06,5,1,0.0,6.666666666666667e-06,0.0,2.0306094220789084e-05,1.0,0.99999,1.0,0.9999730272391125,1.0,0.99999
9d 2d Kc Tc 4c,9c 9s,0,1,5,0.001244444970306037,9.99230592443818e-07,0.0012062858104242339,1.0068656282167738e-06,5,1,0.0,6.666666666666667e-06,0.0,2.0306094220789084e-05,1.0,0.99999,1.0,0.9999730272391125,1.0,0.99999
9d 2d Kc Tc 4c,9c Td,0,1,5,0.001244444970306037,9.99230592443818e-07,0.0012264429188377458,9.999681143006585e-07,10,1,0.0,6.666666666666667e-06,0.05914506059040181,0.9989392906548963,1.0,0.99999,0.9408549394095982,0.0010540426784370587,1.0,0.99999
9d 2d Kc Tc 4c,9c Th,0,1,5,0.001244444970306037,9.99230592443818e-07,0.0012264429188377458,1.0071461109559333e-06,10,1,0.0,6.666666666666667e-06,0.0,0.9989392906548963,1.0,0.99999,1.0,0.0010540426784370587,1.0,0.99999
9d 2d Kc Tc 4c,9c Ts,0,1,5,0.001244444970306037,9.99230592443818e-07,0.0012264429188377458,1.0071461109559333e-06,10,1,0.0,6.666666666666667e-06,0.0,0.9989392906548963,1.0,0.99999,1.0,0.0010540426784370587,1.0,0.99999
9d 2d Kc Tc 4c,9c Jc,0,1,5,9.998460237123483e-07,9.99230592443818e-07,9.74672913003827e-07,9.990109746584937e-07,5,1,0.0,6.666666666666667e-06,0.0,2.0306094220789084e-05,1.0,0.99999,1.0,0.9999730272391125,1.0,0.99999
9d 2d Kc Tc 4c,9c Jd,0,1,5,0.00020740749505100613,9.99230592443818e-07,0.00020212007926230776,1.0064137517876032e-06,11,5,1.0,0.999915129897472,0.0,5.728078616758273e-05,1.0,0.99999,0.0,2.7589316360402657e-05,1.0,0.9988998402932956
9d 2d Kc Tc 4c,9c Jh,0,1,5,0.001244444970306037,9.99230592443818e-07,0.0012208045912390042,1.016075897772748e-06,11,5,1.0,0.999915129897472,0.0,5.728078616758273e-05,1.0,0.99999,0.0,2.7589316360402657e-05,1.0,0.9988998402932956
9d 2d Kc Tc 4c,9c Js,0,1,5,0.001244444970306037,9.99230592443818e-07,0.0012208045912390042,1.016075897772748e-06,11,5,1.0,0.999915129897472,0.0,5.728078616758273e-05,1.0,0.99999,0.0,2.7589316360402657e-05,1.0,0.9988998402932956
9d 2d Kc Tc 4c,9c Qc,0,1,5,0.00020740749505100613,0.0008770507674235055,0.00020335440268962212,0.000884156859490863,5,1,0.0,6.666666666666667e-06,0.0,2.0306094220789084e-05,1.0,0.99999,1.0,0.9999730272391125,1.0,0.99999
9d 2d Kc Tc 4c,9c Qd,0,1,5,0.0005873123127186906,9.99230592443818e-07,0.0005743768464154026,9.999692552544908e-07,11,5,1.0,0.999915129897472,0.0,5.728078616758273e-05,1.0,0.99999,0.0,2.7589316360402657e-05,1.0,0.9988998402932956
9d 2d Kc Tc 4c,9c Qh,0,1,5,9.78853854531151e-05,9.99230592443818e-07,9.618760672735421e-05,9.942530728293412e-07,11,5,1.0,0.999915129897472,0.0,5.728078616758273e-05,1.0,0.99999,0.0,2.7589316360402657e-05,1.0,0.9988998402932956
9d 2d Kc Tc 4c,9c Qs,0,1,5,9.78853854531151e-05,9.99230592443818e-07,9.618760672735421e-05,9.94253072829341e-07,11,5,1.0,0.999915129897472,0.0,5.728078616758273e-05,1.0,0.99999,0.0,2.7589316360402657e-05,1.0,0.9988998402932956
9d 2d Kc Tc 4c,9c Kd,0,1,5,0.00020740749505100613,0.0062827180080381505,0.00019666901408790154,0.006366718293280735,5,1,0.0,6.666666666666667e-06,0.0,2.0306094220789084e-05,1.0,0.99999,1.0,0.9999730272391125,1.0,0.99999
9d 2d Kc Tc 4c,9c Kh,0,1,5,0.001244444970306037,0.0062827180080381505,0.001188527091725468,0.00642303467583526,5,1,0.0,6.666666666666667e-06,0.0,2.0306094220789084e-05,1.0,0.99999,1.0,0.9999730272391125,1.0,0.99999
9d 2d Kc Tc 4c,9c Ks,0,1,5,0.001244444970306037,0.0062827180080381505,0.001188527091725468,0.00642303467583526,5,1,0.0,6.666666666666667e-06,0.0,2.0306094220789084e-05,1.0,0.99999,1.0,0.9999730272391125,1.0,0.99999
9d 2d Kc Tc 4c,9c Ac,0,1,5,0.00020740749505100613,0.005444309239441636,0.00019753379737237107,0.0054380995624967576,5,1,0.0,6.666666666666667e-06,0.0,2.0306094220789084e-05,1.0,0.99999,1.0,0.9999730272391125,1.0,0.99999
9d 2d Kc Tc 4c,9c Ad,0,1,5,0.003766984351695432,0.0008354273923566833,0.003605823514479983,0.0008216973458668945,11,5,1.0,0.999915129897472,0.0,5.728078616758273e-05,1.0,0.99999,0.0,2.7589316360402657e-05,1.0,0.9988998402932956
9d 2d Kc Tc 4c,9c Ah,0,1,5,0.000627830725282572,0.0008354273923566833,0.000594194063063278,0.0008302666156774085,11,5,1.0,0.999915129897472,0.0,5.728078616758273e-05,1.0,0.99999,0.0,2.7589316360402657e-05,1.0,0.9988998402932956
9d 2d Kc Tc 4c,9c As,0,1,5,0.000627830725282572,0.0008354273923566833,0.000594194063063278,0.0008302666156774085,11,5,1.0,0.999915129897472,0.0,5.728078616758273e-05,1.0,0.99999,0.0,2.7589316360402657e-05,1.0,0.9988998402932956
9d 2d Kc Tc 4c,9h 9s,0,1,5,0.001244444970306037,9.99230592443818e-07,0.0012238732638504956,1.0099048920878807e-06,5,1,0.0,6.666666666666667e-06,0.0,2.0306094220789084e-05,1.0,0.99999,1.0,0.9999730272391125,1.0,0.99999
9d 2d Kc Tc 4c,9h Td,0,1,5,0.001244444970306037,9.99230592443818e-07,0.0012440303722640075,1.0030073781717656e-06,10,1,0.0,6.666666666666667e-06,1.0,0.9989392906548963,1.0,0.99999,0.0,0.0010540426784370587,1.0,0.99999
9d 2d Kc Tc 4c,9h Th,0,1,5,0.00020740749505100613,9.99230592443818e-07,0.00020733839537733458,1.0090569075068466e-06,10,1,0.0,6.666666666666667e-06,1.0,0.9989392906548963,1.0,0.99999,0.0,0.0010540426784370587,1.0,0.99999
9d 2d Kc Tc 4c,9h Ts,0,1,5,0.001244444970306037,9.99230592443818e-07,0.0012440303722640077,1.0101853748270402e-06,10,1,0.0,6.666666666666667e-06,1.0,0.9989392906548963,1.0,0.99999,0.0,0.0010540426784370587,1.0,0.99999
9d 2d Kc Tc 4c,9h Jc,0,1,5,0.00020740749505100613,9.99230592443818e-07,0.00020511684140587784,1.002274843996735e-06,11,5,1.0,0.999915129897472,0.0,5.728078616758273e-05,1.0,0.99999,0.0,2.7589316360402657e-05,1.0,0.9988998402932956
9d 2d Kc Tc 4c,9h Jd,0,1,5,0.001244444970306037,9.99230592443818e-07,0.001230307929000109,1.0105814829789042e-06,3,5,1.0,0.9999585294884566,0.0,2.8646578643993225e-05,1.0,0.99999,0.0,1.282393289933712e-05,1.0,0.9988998402932956
9d 2d Kc Tc 4c,9h Jh,0,1,5,9.998460237123483e-07,9.99230592443818e-07,9.949828165974019e-07,1.0177620888565273e-06,3,5,1.0,0.9999585294884566,0.0,2.8646578643993225e-05,1.0,0.99999,0.0,1.282393289933712e-05,1.0,0.9988998402932956
9d 2d Kc Tc 4c,9h Js,0,1,5,0.00020740749505100619,9.99230592443818e-07,0.00020639867411087769,1.0179866943236615e-06,3,5,1.0,0.9999585294884566,0.0,2.8646578643993225e-05,1.0,0.99999,0.0,1.282393289933712e-05,1.0,0.9988998402932956
9d 2d Kc Tc 4c,9h Qc,0,1,5,9.788538545311512e-05,9.99230592443818e-07,9.726254660592857e-05,1.010246702845731e-06,11,5,1.0,0.999915129897472,0.0,5.728078616758273e-05,1.0,0.99999,0.0,2.7589316360402657e-05,1.0,0.9988998402932956
9d 2d Kc Tc 4c,9h Qd,0,1,5,9.78853854531151e-05,9.99230592443818e-07,9.71128659536977e-05,1.0024759421394999e-06,3,5,1.0,0.9999585294884566,0.0,2.8646578643993225e-05,1.0,0.99999,0.0,1.282393289933712e-05,1.0,0.9988998402932956
9d 2d Kc Tc 4c,9h Qh,0,1,5,0.001244444970306037,0.0008770507674235055,0.0012416353041143956,0.0008764446006912067,3,5,1.0,0.9999585294884566,0.0,2.8646578643993225e-05,1.0,0.99999,0.0,1.282393289933712e-05,1.0,0.9988998402932956
9d 2d Kc Tc 4c,9h Qs,0,1,5,0.0005873123127186906,9.99230592443818e-07,0.0005854259896709089,9.978249136865465e-07,3,5,1.0,0.9999585294884566,0.0,2.8646578643993225e-05,1.0,0.99999,0.0,1.282393289933712e-05,1.0,0.9988998402932956
9d 2d Kc Tc 4c,9h Kd,0,1,5,0.001244444970306037,0.0062827180080381505,0.0011976015379536714,0.006392923135292439,5,1,0.0,6.666666666666667e-06,0.0,2.0306094220789084e-05,1.0,0.99999,1.0,0.9999730272391125,1.0,0.99999
9d 2d Kc Tc 4c,9h Kh,0,1,5,0.001244444970306037,9.99230592443818e-07,0.0011976015379536714,1.0245864248626975e-06,5,1,0.0,6.666666666666667e-06,0.0,2.0306094220789084e-05,1.0,0.99999,1.0,0.9999730272391125,1.0,0.99999
9d 2d Kc Tc 4c,9h Ks,0,1,5,0.001244444970306037,0.0062827180080381505,0.0012061145451517298,0.006442144216714595,5,1,0.0,6.666666666666667e-06,0.0,2.0306094220789084e-05,1.0,0.99999,1.0,0.9999730272391125,1.0,0.99999
9d 2d Kc Tc 4c,9h Ac,0,1,5,0.000627830725282572,0.0008354273923566833,0.0006036645023230698,0.0008373980525870359,11,5,1.0,0.999915129897472,0.0,5.728078616758273e-05,1.0,0.99999,0.0,2.7589316360402657e-05,1.0,0.9988998402932956
9d 2d Kc Tc 4c,9h Ad,0,1,5,0.003766984351695432,0.0008354273923566833,0.003659061434535707,0.0008242383852523217,3,5,1.0,0.9999585294884566,0.0,2.8646578643993225e-05,1.0,0.99999,0.0,1.282393289933712e-05,1.0,0.9988998402932956
9d 2d Kc Tc 4c,9h Ah,0,1,5,0.00020740749505100613,0.005444309239441636,0.0002002676677089694,0.005424744315168349,3,5,1.0,0.9999585294884566,0.0,2.8646578643993225e-05,1.0,0.99999,0.0,1.282393289933712e-05,1.0,0.9988998402932956
9d 2d Kc Tc 4c,9h As,0,1,5,0.000627830725282572,0.0008354273923566833,0.0006030670497392319,0.0008328076550628358,3,5,1.0,0.9999585294884566,0.0,2.8646578643993225e-05,1.0,0.99999,0.0,1.282393289933712e-05,1.0,0.9988998402932956
9d 2d Kc Tc 4c,9s Td,0,1,5,0.001244444970306037,9.99230592443818e-07,0.0012440303722640077,1.0030073781717656e-06,10,1,0.0,6.666666666666667e-06,1.0,0.9989392906548963,1.0,0.99999,0.0,0.0010540426784370587,1.0,0.99999
9d 2d Kc Tc 4c,9s Th,0,1,5,0.001244444970306037,9.99230592443818e-07,0.001244030372264008,1.0101853748270402e-06,10,1,0.0,6.666666666666667e-06,1.0,0.9989392906548963,1.0,0.99999,0.0,0.0010540426784370587,1.0,0.99999
9d 2d Kc Tc 4c,9s Ts,0,1,5,0.00020740749505100613,9.99230592443818e-07,0.00020733839537733455,1.0090569075068466e-06,10,1,0.0,6.666666666666667e-06,1.0,0.9989392906548963,1.0,0.99999,0.0,0.0010540426784370587,1.0,0.99999
9d 2d Kc Tc 4c,9s Jc,0,1,5,0.00020740749505100613,9.99230592443818e-07,0.00020511684140587784,1.002274843996735e-06,11,5,1.0,0.999915129897472,0.0,5.728078616758273e-05,1.0,0.99999,0.0,2.7589316360402657e-05,1.0,0.9988998402932956
9d 2d Kc Tc 4c,9s Jd,0,1,5,0.001244444970306037,9.99230592443818e-07,0.001230307929000109,1.0105814829789042e-06,3,5,1.0,0.9999585294884566,0.0,2.8646578643993225e-05,1.0,0.99999,0.0,1.282393289933712e-05,1.0,0.9988998402932956
9d 2d Kc Tc 4c,9s Jh,0,1,5,0.00020740749505100619,9.99230592443818e-07,0.00020639867411087769,1.0179866943236615e-06,3,5,1.0,0.9999585294884566,0.0,2.8646578643993225e-05,1.0,0.99999,0.0,1.282393289933712e-05,1.0,0.9988998402932956
9d 2d Kc Tc 4c,9s Js,0,1,5,9.998460237123483e-07,9.99230592443818e-07,9.949828165974019e-07,1.0177620888565273e-06,3,5,1.0,0.9999585294884566,0.0,2.8646578643993225e-05,1.0,0.99999,0.0,1.282393289933712e-05,1.0,0.9988998402932956
9d 2d Kc Tc 4c,9s Qc,0,1,5,9.788538545311512e-05,9.99230592443818e-07,9.726254660592857e-05,1.010246702845731e-06,11,5,1.0,0.999915129897472,0.0,5.728078616758273e-05,1.0,0.99999,0.0,2.7589316360402657e-05,1.0,0.9988998402932956
9d 2d Kc Tc 4c,9s Qd,0,1,5,9.78853854531151e-05,9.99230592443818e-07,9.71128659536977e-05,1.0024759421394999e-06,3,5,1.0,0.9999585294884566,0.0,2.8646578643993225e-05,1.0,0.99999,0.0,1.282393289933712e-05,1.0,0.9988998402932956
9d 2d Kc Tc 4c,9s Qh,0,1,5,0.0005873123127186906,9.99230592443818e-07,0.0005854259896709089,9.978249136865465e-07,3,5,1.0,0.9999585294884566,0.0,2.8646578643993225e-05,1.0,0.99999,0.0,1.282393289933712e-05,1.0,0.9988998402932956
9d 2d Kc Tc 4c,9s Qs,0,1,5,0.001244444970306037,0.0008770507674235055,0.0012416353041143956,0.0008764446006912067,3,5,1.0,0.9999585294884566,0.0,2.8646578643993225e-05,1.0,0.99999,0.0,1.282393289933712e-05,1.0,0.9988998402932956
9d 2d Kc Tc 4c,9s Kd,0,1,5,0.001244444970306037,0.0062827180080381505,0.0011976015379536714,0.006392923135292439,5,1,0.0,6.666666666666667e-06,0.0,2.0306094220789084e-05,1.0,0.99999,1.0,0.9999730272391125,1.0,0.99999
9d 2d Kc Tc 4c,9s Kh,0,1,5,0.001244444970306037,0.0062827180080381505,0.0012061145451517298,0.006442144216714595,5,1,0.0,6.666666666666667e-06,0.0,2.0306094220789084e-05,1.0,0.99999,1.0,0.9999730272391125,1.0,0.99999
9d 2d Kc Tc 4c,9s Ks,0,1,5,0.001244444970306037,9.99230592443818e-07,0.0011976015379536714,1.0245864248626975e-06,5,1,0.0,6.666666666666667e-06,0.0,2.0306094220789084e-05,1.0,0.99999,1.0,0.9999730272391125,1.0,0.99999
9d 2d Kc Tc 4c,9s Ac,0,1,5,0.000627830725282572,0.0008354273923566833,0.0006036645023230697,0.0008373980525870359,11,5,1.0,0.999915129897472,0.0,5.728078616758273e-05,1.0,0.99999,0.0,2.7589316360402657e-05,1.0,0.9988998402932956
9d 2d Kc Tc 4c,9s Ad,0,1,5,0.003766984351695432,0.0008354273923566833,0.003659061434535707,0.0008242383852523217,3,5,1.0,0.9999585294884566,0.0,2.8646578643993225e-05,1.0,0.99999,0.0,1.282393289933712e-05,1.0,0.9988998402932956
9d 2d Kc Tc 4c,9s Ah,0,1,5,0.000627830725282572,0.0008354273923566833,0.0006030670497392319,0.0008328076550628358,3,5,1.0,0.9999585294884566,0.0,2.8646578643993225e-05,1.0,0.99999,0.0,1.282393289933712e-05,1.0,0.9988998402932956
9d 2d Kc Tc 4c,9s As,0,1,5,0.00020740749505100613,0.005444309239441636,0.0002002676677089694,0.005424744315168349,3,5,1.0,0.9999585294884566,0.0,2.8646578643993225e-05,1.0,0.99999,0.0,1.282393289933712e-05,1.0,0.9988998402932956
9d 2d Kc Tc 4c,Td Th,0,1,5,9.998460237123483e-07,0.005255497233040169,1.021429371070258e-06,0.005269720069110361,5,1,0.0,6.666666666666667e-06,0.0,2.0306094220789084e-05,1.0,0.99999,1.0,0.9999730272391125,1.0,0.99999
9d 2d Kc Tc 4c,Td Ts,0,1,5,9.998460237123483e-07,0.005255497233040169,1.021429371070258e-06,0.005269720069110361,5,1,0.0,6.666666666666667e-06,0.0,2.0306094220789084e-05,1.0,0.99999,1.0,0.9999730272391125,1.0,0.99999
9d 2d Kc Tc 4c,Td Jc,0,1,5,0.002210975084112597,0.0018310886513849757,0.002226775647219406,0.0018280227871870177,15,8,1.0,0.9267781203121732,0.0,0.07258207730344662,1.0,0.99999,0.0,0.0006398023843801892,0.048711110241362765,0.9988882788311626
9d 2d Kc Tc 4c,Td Jd,0,1,5,0.001244444970306037,9.99230592443818e-07,0.001250465037413621,1.003683969062789e-06,8,8,1.0,0.9998327155272967,0.0,0.0001460205384420505,1.0,0.99999,0.0,2.1263934261221164e-05,1.0,0.9988882788311626
9d 2d Kc Tc 4c,Td Jh,0,1,5,0.002210975084112597,0.0018310886513849757,0.0022404400529924865,0.0018568147307518495,8,8,1.0,0.9998327155272967,0.0,0.0001460205384420505,1.0,0.99999,0.0,2.1263934261221164e-05,0.43336376355011075,0.9988882788311626
9d 2d Kc Tc 4c,Td Js,0,1,5,0.002210975084112597,0.0018310886513849757,0.0022404400529924865,0.0018568147307518497,8,8,1.0,0.9998327155272967,0.0,0.0001460205384420505,1.0,0.99999,0.0,2.1263934261221164e-05,0.0,0.9988882788311626
9d 2d Kc Tc 4c,Td Qc,0,1,5,0.0029681573768157864,0.0044469560661123805,0.0030117192026773323,0.004479185383438461,2,8,1.0,0.9954643098606948,0.0,0.004210212023580433,1.0,0.99999,0.0,0.00032547811572475907,1.0,0.9988882788311626
9d 2d Kc Tc 4c,Td Qd,0,1,5,0.00020740749505100613,9.99230592443818e-07,0.0002091301361386418,9.95697606290204e-07,15,8,1.0,0.9267781203121732,0.0,0.07258207730344662,1.0,0.99999,0.0,0.0006398023843801892,1.0,0.9988882788311626
9d 2d Kc Tc 4c,Td Qh,0,1,5,0.0029681573768157864,0.0044469560661123805,0.0030210723160461056,0.004421533528553272,2,8,1.0,0.9954643098606948,0.0,0.004210212023580433,1.0,0.99999,0.0,0.00032547811572475907,1.0,0.9988882788311626
9d 2d Kc Tc 4c,Td Qs,0,1,5,0.0029681573768157864,0.0044469560661123805,0.0030210723160461056,0.004421533528553272,2,8,1.0,0.9954643098606948,0.0,0.004210212023580433,1.0,0.99999,0.0,0.00032547811572475907,1.0,0.9988882788311626
9d 2d Kc Tc 4c,Td Kd,0,1,5,0.001244444970306037,9.99230592443818e-07,0.0012092456391691252,1.0098605776858408e-06,5,1,0.0,6.666666666666667e-06,0.0,2.0306094220789084e-05,1.0,0.99999,1.0,0.9999730272391125,1.0,0.99999
9d 2d Kc Tc 4c,Td Kh,0,1,5,9.998460237123483e-07,0.0020997991670966996,9.806902133656948e-07,0.002135744404340094,5,1,0.0,6.666666666666667e-06,0.0,2.0306094220789084e-05,1.0,0.99999,1.0,0.9999730272391125,1.0,0.99999
9d 2d Kc Tc 4c,Td Ks,0,1,5,9.998460237123483e-07,0.0020997991670966996,9.806902133656948e-07,0.002135744404340094,5,1,0.0,6.666666666666667e-06,0.0,2.0306094220789084e-05,1.0,0.99999,1.0,0.9999730272391125,1.0,0.99999
9d 2d Kc Tc 4c,Td Ac,0,1,5,9.998460237123483e-07,9.99230592443818e-07,9.76646949702781e-07,9.940080332705552e-07,12,8,1.0,0.006160151193282386,0.0,0.48986146897349386,1.0,0.99999,0.0,0.5039783798332238,1.0,0.9988882788311626
9d 2d Kc Tc 4c,Td Ad,0,1,5,0.001244444970306037,9.99230592443818e-07,0.0012278183016767386,9.762052923660332e-07,12,8,0.6123422902248488,0.006160151193282386,0.0,0.48986146897349386,1.0,0.99999,0.3876577097751512,0.5039783798332238,0.0,0.9988882788311626
9d 2d Kc Tc 4c,Td Ah,0,1,5,9.998460237123483e-07,9.99230592443818e-07,9.756954821076932e-07,9.885175912768833e-07,2,8,1.0,0.9954643098606948,0.0,0.004210212023580433,1.0,0.99999,0.0,0.00032547811572475907,0.0,0.9988882788311626
9d 2d Kc Tc 4c,Td As,0,1,5,9.998460237123483e-07,9.99230592443818e-07,9.75695482107693e-07,9.885175912768833e-07,2,8,1.0,0.9954643098606948,0.0,0.004210212023580433,1.0,0.99999,0.0,0.00032547811572475907,0.0,0.9988882788311626
9d 2d Kc Tc 4c,Th Ts,0,1,5,9.998460237123483e-07,0.005255497233040169,1.021429371070258e-06,0.005307473058105934,5,1,0.0,6.666666666666667e-06,0.0,2.0306094220789084e-05,1.0,0.99999,1.0,0.9999730272391125,1.0,0.99999
9d 2d Kc Tc 4c,Th Jc,0,1,5,0.002210975084112597,0.0018310886513849757,0.0022267756472194064,0.0018411764559342972,15,8,1.0,0.9267781203121732,0.0,0.07258207730344662,1.0,0.99999,0.0,0.0006398023843801892,0.0,0.9988882788311626
9d 2d Kc Tc 4c,Th Jd,0,1,5,0.002210975084112597,0.0018310886513849757,0.0022260772014890155,0.001854330445381109,8,8,1.0,0.9998327155272967,0.0,0.0001460205384420505,1.0,0.99999,0.0,2.1263934261221164e-05,0.0,0.9988882788311626
9d 2d Kc Tc 4c,Th Jh,0,1,5,0.00020740749505100613,9.99230592443818e-07,0.0002097581921797963,1.018267177062821e-06,8,8,1.0,0.9998327155272967,0.0,0.0001460205384420505,1.0,0.99999,0.0,2.1263934261221164e-05,0.0,0.9988882788311626
9d 2d Kc Tc 4c,Th Js,0,1,5,0.0003684958473520995,0.0018310886513849757,0.0003734066754987477,0.0018662943856635299,8,8,1.0,0.9998327155272967,0.0,0.0001460205384420505,1.0,0.99999,0.0,2.1263934261221164e-05,0.0,0.9988882788311626
9d 2d Kc Tc 4c,Th Qc,0,1,5,0.0004946928961359644,0.0044469560661123805,0.0005019532004462221,0.004499151838622644,2,8,1.0,0.9954643098606948,0.0,0.004210212023580433,1.0,0.99999,0.0,0.00032547811572475907,1.0,0.9988882788311626
9d 2d Kc Tc 4c,Th Qd,0,1,5,0.0029681573768157864,0.0044469560661123805,0.003007180468625982,0.004476547358029604,15,8,1.0,0.9267781203121732,0.0,0.07258207730344662,1.0,0.99999,0.0,0.0006398023843801892,1.0,0.9988882788311626
9d 2d Kc Tc 4c,Th Qh,0,1,5,0.00020740749505100613,9.99230592443818e-07,0.00021010086407158236,9.97691997506427e-07,2,8,1.0,0.9954643098606948,0.0,0.004210212023580433,1.0,0.99999,0.0,0.00032547811572475907,1.0,0.9988882788311626
9d 2d Kc Tc 4c,Th Qs,0,1,5,0.0029681573768157864,0.0044469560661123805,0.0030210723160461056,0.004453478342903524,2,8,1.0,0.9954643098606948,0.0,0.004210212023580433,1.0,0.99999,0.0,0.00032547811572475907,1.0,0.9988882788311626
9d 2d Kc Tc 4c,Th Kd,0,1,5,9.998460237123483e-07,0.0020997991670966996,9.738504602227976e-07,0.0021343777765838777,5,1,0.0,6.666666666666667e-06,0.0,2.0306094220789084e-05,1.0,0.99999,1.0,0.9999730272391125,1.0,0.99999
9d 2d Kc Tc 4c,Th Kh,0,1,5,0.00020740749505100613,9.99230592443818e-07,0.00020295977439453052,1.0237384402816634e-06,5,1,0.0,6.666666666666667e-06,0.0,2.0306094220789084e-05,1.0,0.99999,1.0,0.9999730272391125,1.0,0.99999
9d 2d Kc Tc 4c,Th Ks,0,1,5,9.998460237123483e-07,0.0020997991670966996,9.806902133656948e-07,0.0021508283614488396,5,1,0.0,6.666666666666667e-06,0.0,2.0306094220789084e-05,1.0,0.99999,1.0,0.9999730272391125,1.0,0.99999
9d 2d Kc Tc 4c,Th Ac,0,1,5,9.998460237123483e-07,9.99230592443818e-07,9.76646949702781e-07,1.0011860299258298e-06,12,8,1.0,0.006160151193282386,0.0,0.48986146897349386,1.0,0.99999,0.0,0.5039783798332238,1.0,0.9988882788311626
9d 2d Kc Tc 4c,Th Ad,0,1,5,9.998460237123483e-07,9.99230592443818e-07,9.864873707278786e-07,9.8203021623398e-07,12,8,0.0,0.006160151193282386,0.0,0.48986146897349386,1.0,0.99999,1.0,0.5039783798332238,0.0,0.9988882788311626
9d 2d Kc Tc 4c,Th Ah,0,1,5,0.001244444970306037,9.99230592443818e-07,0.0012143863219568726,9.970486607194862e-07,2,8,1.0,0.9954643098606948,0.0,0.004210212023580433,1.0,0.99999,0.0,0.00032547811572475907,0.0,0.9988882788311626
9d 2d Kc Tc 4c,Th As,0,1,5,9.998460237123483e-07,9.99230592443818e-07,9.75695482107693e-07,9.95695587932158e-07,2,8,1.0,0.9954643098606948,0.0,0.004210212023580433,1.0,0.99999,0.0,0.00032547811572475907,0.0,0.9988882788311626
9d 2d Kc Tc 4c,Ts Jc,0,1,5,0.002210975084112597,0.0018310886513849757,0.002226775647219406,0.0018411764559342972,15,8,1.0,0.9267781203121732,0.0,0.07258207730344662,1.0,0.99999,0.0,0.0006398023843801892,0.0,0.9988882788311626
9d 2d Kc Tc 4c,Ts Jd,0,1,5,0.002210975084112597,0.0018310886513849757,0.0022260772014890155,0.001854330445381109,8,8,1.0,0.9998327155272967,0.0,0.0001460205384420505,1.0,0.99999,0.0,2.1263934261221164e-05,0.0,0.9988882788311626
9d 2d Kc Tc 4c,Ts Jh,0,1,5,0.0003684958473520995,0.0018310886513849757,0.0003734066754987477,0.0018662943856635297,8,8,1.0,0.9998327155272967,0.0,0.0001460205384420505,1.0,0.99999,0.0,2.1263934261221164e-05,0.0,0.9988882788311626
9d 2d Kc Tc 4c,Ts Js,0,1,5,0.00020740749505100613,9.99230592443818e-07,0.0002097581921797963,1.018267177062821e-06,8,8,1.0,0.9998327155272967,0.0,0.0001460205384420505,1.0,0.99999,0.0,2.1263934261221164e-05,0.0,0.9988882788311626
9d 2d Kc Tc 4c,Ts Qc,0,1,5,0.0004946928961359644,0.0044469560661123805,0.0005019532004462221,0.004499151838622643,2,8,1.0,0.9954643098606948,0.0,0.004210212023580433,1.0,0.99999,0.0,0.00032547811572475907,1.0,0.9988882788311626
9d 2d Kc Tc 4c,Ts Qd,0,1,5,0.0029681573768157864,0.0044469560661123805,0.0030071804686259817,0.004476547358029603,15,8,1.0,0.9267781203121732,0.0,0.07258207730344662,1.0,0.99999,0.0,0.0006398023843801892,1.0,0.9988882788311626
9d 2d Kc Tc 4c,Ts Qh,0,1,5,0.0029681573768157864,0.0044469560661123805,0.0030210723160461056,0.004453478342903524,2,8,1.0,0.9954643098606948,0.0,0.004210212023580433,1.0,0.99999,0.0,0.00032547811572475907,1.0,0.9988882788311626
9d 2d Kc Tc 4c,Ts Qs,0,1,5,0.00020740749505100613,9.99230592443818e-07,0.00021010086407158236,9.97691997506427e-07,2,8,1.0,0.9954643098606948,0.0,0.004210212023580433,1.0,0.99999,0.0,0.00032547811572475907,1.0,0.9988882788311626
9d 2d Kc Tc 4c,Ts Kd,0,1,5,9.998460237123483e-07,0.0020997991670966996,9.738504602227976e-07,0.0021343777765838773,5,1,0.0,6.666666666666667e-06,0.0,2.0306094220789084e-05,1.0,0.99999,1.0,0.9999730272391125,1.0,0.99999
9d 2d Kc Tc 4c,Ts Kh,0,1,5,9.998460237123483e-07,0.0020997991670966996,9.806902133656948e-07,0.002150828361448839,5,1,0.0,6.666666666666667e-06,0.0,2.0306094220789084e-05,1.0,0.99999,1.0,0.9999730272391125,1.0,0.99999
9d 2d Kc Tc 4c,Ts Ks,0,1,5,0.00020740749505100613,9.99230592443818e-07,0.00020295977439453052,1.0237384402816634e-06,5,1,0.0,6.666666666666667e-06,0.0,2.0306094220789084e-05,1.0,0.99999,1.0,0.9999730272391125,1.0,0.99999
9d 2d Kc Tc 4c,Ts Ac,0,1,5,9.998460237123483e-07,9.99230592443818e-07,9.76646949702781e-07,1.0011860299258298e-06,12,8,1.0,0.006160151193282386,0.0,0.48986146897349386,1.0,0.99999,0.0,0.5039783798332238,1.0,0.9988882788311626
9d 2d Kc Tc 4c,Ts Ad,0,1,5,9.998460237123483e-07,9.99230592443818e-07,9.864873707278786e-07,9.8203021623398e-07,12,8,0.0,0.006160151193282386,0.0,0.48986146897349386,1.0,0.99999,1.0,0.5039783798332238,0.0,0.9988882788311626
9d 2d Kc Tc 4c,Ts Ah,0,1,5,9.998460237123483e-07,9.99230592443818e-07,9.75695482107693e-07,9.95695587932158e-07,2,8,1.0,0.9954643098606948,0.0,0.004210212023580433,1.0,0.99999,0.0,0.00032547811572475907,0.0,0.9988882788311626
9d 2d Kc Tc 4c,Ts As,0,1,5,0.001244444970306037,9.99230592443818e-07,0.0012143863219568726,9.97048660719486e-07,2,8,1.0,0.9954643098606948,0.0,0.004210212023580433,1.0,0.99999,0.0,0.00032547811572475907,0.0,0.9988882788311626
9d 2d Kc Tc 4c,Jc Jd,0,1,5,9.998460237123483e-07,9.99230592443818e-07,9.939734207099481e-07,1.0027268294206242e-06,12,8,0.0,0.006160151193282386,0.0,0.48986146897349386,1.0,0.99999,1.0,0.5039783798332238,0.0,0.9988882788311626
9d 2d Kc Tc 4c,Jc Jh,0,1,5,9.998460237123483e-07,9.99230592443818e-07,1.0004685820838179e-06,1.011260508085575e-06,12,12,0.0,0.006160151193282386,0.0,0.48986146897349386,1.0,0.99999,1.0,0.5039783798332238,0.0,0.99999
9d 2d Kc Tc 4c,Jc Js,0,1,5,9.998460237123483e-07,9.99230592443818e-07,1.0004685820838177e-06,1.011260508085575e-06,12,12,0.0,0.006160151193282386,0.0,0.48986146897349386,1.0,0.99999,1.0,0.5039783798332238,0.0,0.99999
9d 2d Kc Tc 4c,Jc Qc,0,1,5,0.001244444970306037,9.99230592443818e-07,0.0012433544260503535,1.0049927674617914e-06,5,1,0.0,6.666666666666667e-06,0.0,2.0306094220789084e-05,1.0,0.99999,1.0,0.9999730272391125,1.0,0.99999
9d 2d Kc Tc 4c,Jc Qd,0,1,5,0.001244444970306037,9.99230592443818e-07,0.001241451493003111,9.972220067555608e-07,5,1,0.0,6.666666666666667e-06,0.0,2.0306094220789084e-05,1.0,0.99999,1.0,0.9999730272391125,1.0,0.99999
9d 2d Kc Tc 4c,Jc Qh,0,1,5,0.001244444970306037,9.99230592443818e-07,0.0012472758606007542,9.920384013165092e-07,5,1,0.0,6.666666666666667e-06,0.0,2.0306094220789084e-05,1.0,0.99999,1.0,0.9999730272391125,1.0,0.99999
9d 2d Kc Tc 4c,Jc Qs,0,1,5,0.001244444970306037,9.99230592443818e-07,0.0012472758606007542,9.920384013165092e-07,5,1,0.0,6.666666666666667e-06,0.0,2.0306094220789084e-05,1.0,0.99999,1.0,0.9999730272391125,1.0,0.99999
9d 2d Kc Tc 4c,Jc Kd,0,1,5,9.998460237123483e-07,0.0038460695167322322,9.650424498933375e-07,0.0038833005992100463,1,12,0.0,6.666666666666667e-06,1.0,0.9998450831764386,1.0,0.99999,0.0,0.0001482501568947111,1.0,0.99999
9d 2d Kc Tc 4c,Jc Kh,0,1,5,0.002503917272727672,0.0038460695167322322,0.0024338873961848775,0.003923915262605496,1,12,0.0,6.666666666666667e-06,1.0,0.9998450831764386,1.0,0.99999,0.0,0.0001482501568947111,1.0,0.99999
9d 2d Kc Tc 4c,Jc Ks,0,1,5,0.002503917272727672,0.0038460695167322322,0.0024338873961848775,0.003923915262605496,1,12,0.0,6.666666666666667e-06,1.0,0.9998450831764386,1.0,0.99999,0.0,0.0001482501568947111,1.0,0.99999
9d 2d Kc Tc 4c,Jc Ac,0,1,5,0.001244444970306037,9.99230592443818e-07,0.0012022412295348045,9.957570392030465e-07,5,1,0.0,6.666666666666667e-06,0.0,2.0306094220789084e-05,1.0,0.99999,1.0,0.9999730272391125,1.0,0.99999
9d 2d Kc Tc 4c,Jc Ad,0,1,5,0.001244444970306037,9.99230592443818e-07,0.0012144889778479984,9.766012255111964e-07,0,6,1.0,0.9999791841119858,0.0,1.4149221347486966e-05,1.0,0.9985282232013408,0.0,6.666666666666667e-06,0.0,0.9923454624934344
9d 2d Kc Tc 4c,Jc Ah,0,1,5,0.001244444970306037,9.99230592443818e-07,0.0012010569981281325,9.902665972093744e-07,0,6,1.0,0.9999791841119858,0.0,1.4149221347486966e-05,1.0,0.9985282232013408,0.0,6.666666666666667e-06,0.0,0.9923454624934344
9d 2d Kc Tc 4c,Jc As,0,1,5,0.001244444970306037,9.99230592443818e-07,0.0012010569981281325,9.902665972093744e-07,0,6,1.0,0.9999791841119858,0.0,1.4149221347486966e-05,1.0,0.9985282232013408,0.0,6.666666666666667e-06,0.0,0.9923454624934344
9d 2d Kc Tc 4c,Jd Jh,0,1,5,9.998460237123483e-07,9.99230592443818e-07,1.0001527313122156e-06,1.018438679747551e-06,12,8,1.0,0.006160151193282386,0.0,0.48986146897349386,1.0,0.99999,0.0,0.5039783798332238,0.0,0.9988882788311626
9d 2d Kc Tc 4c,Jd Js,0,1,5,9.998460237123483e-07,9.99230592443818e-07,1.0001527313122156e-06,1.018438679747551e-06,12,8,1.0,0.006160151193282386,0.0,0.48986146897349386,1.0,0.99999,0.0,0.5039783798332238,0.0,0.9988882788311626
9d 2d Kc Tc 4c,Jd Qc,0,1,5,0.00020740749505100613,9.99230592443818e-07,0.0002071602177691991,1.0110424718035733e-06,5,1,0.0,6.666666666666667e-06,0.0,2.0306094220789084e-05,1.0,0.99999,1.0,0.9999730272391125,1.0,0.99999
9d 2d Kc Tc 4c,Jd Qd,0,1,5,0.00020740749505100613,9.99230592443818e-07,0.0002068430622613253,1.0032717110973425e-06,5,1,0.0,6.666666666666667e-06,0.0,2.0306094220789084e-05,1.0,0.99999,1.0,0.9999730272391125,1.0,0.99999
9d 2d Kc Tc 4c,Jd Qh,0,1,5,0.001244444970306037,9.99230592443818e-07,0.0012468827411655954,9.992165729784845e-07,5,1,0.0,6.666666666666667e-06,0.0,2.0306094220789084e-05,1.0,0.99999,1.0,0.9999730272391125,1.0,0.99999
9d 2d Kc Tc 4c,Jd Qs,0,1,5,0.001244444970306037,9.99230592443818e-07,0.0012468827411655954,9.99216572978485e-07,5,1,0.0,6.666666666666667e-06,0.0,2.0306094220789084e-05,1.0,0.99999,1.0,0.9999730272391125,1.0,0.99999
9d 2d Kc Tc 4c,Jd Kd,0,1,5,0.001244444970306037,9.99230592443818e-07,0.001195523195905226,1.0174346824929798e-06,1,12,0.0,6.666666666666667e-06,1.0,0.9998450831764386,1.0,0.99999,0.0,0.0001482501568947111,1.0,0.99999
9d 2d Kc Tc 4c,Jd Kh,0,1,5,9.998460237123483e-07,0.0038460695167322322,9.715663522646326e-07,0.00394106110171308,1,12,0.0,6.666666666666667e-06,1.0,0.9998450831764386,1.0,0.99999,0.0,0.0001482501568947111,1.0,0.99999
9d 2d Kc Tc 4c,Jd Ks,0,1,5,9.998460237123483e-07,0.0038460695167322322,9.715663522646326e-07,0.003941061101713081,1,12,0.0,6.666666666666667e-06,1.0,0.9998450831764386,1.0,0.99999,0.0,0.0001482501568947111,1.0,0.99999
9d 2d Kc Tc 4c,Jd Ac,0,1,5,0.001244444970306037,9.99230592443818e-07,0.0012018481100996457,1.0029352108650218e-06,0,6,1.0,0.9999791841119858,0.0,1.4149221347486966e-05,1.0,0.9985282232013408,0.0,6.666666666666667e-06,1.0,0.9923454624934344
9d 2d Kc Tc 4c,Jd Ad,0,1,5,0.001244444970306037,9.99230592443818e-07,0.0012140958584128398,9.83779397173172e-07,0,6,1.0,0.9999791841119858,0.0,1.4149221347486966e-05,1.0,0.9985282232013408,0.0,6.666666666666667e-06,0.0,0.9923454624934344
9d 2d Kc Tc 4c,Jd Ah,0,1,5,0.001244444970306037,9.99230592443818e-07,0.0012006638786929739,9.9744476887135e-07,0,6,1.0,0.9999791841119858,0.0,1.4149221347486966e-05,1.0,0.9985282232013408,0.0,6.666666666666667e-06,0.0,0.9923454624934344
9d 2d Kc Tc 4c,Jd As,0,1,5,0.001244444970306037,9.99230592443818e-07,0.0012006638786929737,9.974447688713497e-07,0,6,1.0,0.9999791841119858,0.0,1.4149221347486966e-05,1.0,0.9985282232013408,0.0,6.666666666666667e-06,0.0,0.9923454624934344
9d 2d Kc Tc 4c,Jh Js,0,1,5,9.998460237123483e-07,9.99230592443818e-07,1.0066478926860854e-06,1.0269723584125025e-06,12,8,1.0,0.006160151193282386,0.0,0.48986146897349386,1.0,0.99999,0.0,0.5039783798332238,0.0,0.9988882788311626
9d 2d Kc Tc 4c,Jh Qc,0,1,5,0.00020740749505100613,9.99230592443818e-07,0.00020850757038005864,1.0195761504685247e-06,5,1,0.0,6.666666666666667e-06,0.0,2.0306094220789084e-05,1.0,0.99999,1.0,0.9999730272391125,1.0,0.99999
9d 2d Kc Tc 4c,Jh Qd,0,1,5,0.001244444970306037,9.99230592443818e-07,0.0012491424892331093,1.0129338570824872e-06,5,1,0.0,6.666666666666667e-06,0.0,2.0306094220789084e-05,1.0,0.99999,1.0,0.9999730272391125,1.0,0.99999
9d 2d Kc Tc 4c,Jh Qh,0,1,5,0.00020740749505100613,9.99230592443818e-07,0.0002091611428051254,1.006621784323242e-06,5,1,0.0,6.666666666666667e-06,0.0,2.0306094220789084e-05,1.0,0.99999,1.0,0.9999730272391125,1.0,0.99999
9d 2d Kc Tc 4c,Jh Qs,0,1,5,0.001244444970306037,9.99230592443818e-07,0.0012549668568307528,1.0077502516434358e-06,5,1,0.0,6.666666666666667e-06,0.0,2.0306094220789084e-05,1.0,0.99999,1.0,0.9999730272391125,1.0,0.99999
9d 2d Kc Tc 4c,Jh Kd,0,1,5,0.002503917272727672,0.0038460695167322322,0.0024322334480309546,0.003954259164105487,1,12,0.0,6.666666666666667e-06,1.0,0.9998450831764386,1.0,0.99999,0.0,0.0001482501568947111,1.0,0.99999
9d 2d Kc Tc 4c,Jh Kh,0,1,5,0.00020740749505100613,9.99230592443818e-07,0.00020202005312807358,1.032668227098479e-06,1,12,0.0,6.666666666666667e-06,1.0,0.9998450831764386,1.0,0.99999,0.0,0.0001482501568947111,1.0,0.99999
9d 2d Kc Tc 4c,Jh Ks,0,1,5,9.998460237123483e-07,0.0038460695167322322,9.780615136385024e-07,0.003973907495355398,1,12,0.0,6.666666666666667e-06,1.0,0.9998450831764386,1.0,0.99999,0.0,0.0001482501568947111,1.0,0.99999
9d 2d Kc Tc 4c,Jh Ac,0,1,5,0.001244444970306037,9.99230592443818e-07,0.001209932225764803,1.0114688895299727e-06,0,6,1.0,0.9999791841119858,0.0,1.4149221347486966e-05,1.0,0.9985282232013408,0.0,6.666666666666667e-06,1.0,0.9923454624934344
9d 2d Kc Tc 4c,Jh Ad,0,1,5,0.001244444970306037,9.99230592443818e-07,0.001222179974077997,9.923130758381227e-07,0,6,1.0,0.9999791841119858,0.0,1.4149221347486966e-05,1.0,0.9985282232013408,0.0,6.666666666666667e-06,0.0,0.9923454624934344
9d 2d Kc Tc 4c,Jh Ah,0,1,5,0.001244444970306037,9.99230592443818e-07,0.001208747994358131,1.0059784475363009e-06,0,6,1.0,0.9999791841119858,0.0,1.4149221347486966e-05,1.0,0.9985282232013408,0.0,6.666666666666667e-06,0.0,0.9923454624934344
9d 2d Kc Tc 4c,Jh As,0,1,5,0.00020740749505100613,9.99230592443818e-07,0.00020145799905968843,1.004849980216107e-06,0,6,1.0,0.9999791841119858,0.0,1.4149221347486966e-05,1.0,0.9985282232013408,0.0,6.666666666666667e-06,0.0,0.9923454624934344
9d 2d Kc Tc 4c,Js Qc,0,1,5,0.00020740749505100613,9.99230592443818e-07,0.00020850757038005864,1.0195761504685247e-06,5,1,0.0,6.666666666666667e-06,0.0,2.0306094220789084e-05,1.0,0.99999,1.0,0.9999730272391125,1.0,0.99999
9d 2d Kc Tc 4c,Js Qd,0,1,5,0.001244444970306037,9.99230592443818e-07,0.0012491424892331095,1.0129338570824872e-06,5,1,0.0,6.666666666666667e-06,0.0,2.0306094220789084e-05,1.0,0.99999,1.0,0.9999730272391125,1.0,0.99999
9d 2d Kc Tc 4c,Js Qh,0,1,5,0.001244444970306037,9.99230592443818e-07,0.0012549668568307528,1.0077502516434358e-06,5,1,0.0,6.666666666666667e-06,0.0,2.0306094220789084e-05,1.0,0.99999,1.0,0.9999730272391125,1.0,0.99999
9d 2d Kc Tc 4c,Js Qs,0,1,5,0.00020740749505100613,9.99230592443818e-07,0.00020916114280512544,1.006621784323242e-06,5,1,0.0,6.666666666666667e-06,0.0,2.0306094220789084e-05,1.0,0.99999,1.0,0.9999730272391125,1.0,0.99999
9d 2d Kc Tc 4c,Js Kd,0,1,5,0.002503917272727672,0.0038460695167322322,0.0024322334480309546,0.003954259164105486,1,12,0.0,6.666666666666667e-06,1.0,0.9998450831764386,1.0,0.99999,0.0,0.0001482501568947111,1.0,0.99999
9d 2d Kc Tc 4c,Js Kh,0,1,5,9.998460237123483e-07,0.0038460695167322322,9.780615136385024e-07,0.003973907495355398,1,12,0.0,6.666666666666667e-06,1.0,0.9998450831764386,1.0,0.99999,0.0,0.0001482501568947111,1.0,0.99999
9d 2d Kc Tc 4c,Js Ks,0,1,5,0.00020740749505100613,9.99230592443818e-07,0.00020202005312807358,1.0326682270984791e-06,1,12,0.0,6.666666666666667e-06,1.0,0.9998450831764386,1.0,0.99999,0.0,0.0001482501568947111,1.0,0.99999
9d 2d Kc Tc 4c,Js Ac,0,1,5,0.001244444970306037,9.99230592443818e-07,0.001209932225764803,1.0114688895299727e-06,0,6,1.0,0.9999791841119858,0.0,1.4149221347486966e-05,1.0,0.9985282232013408,0.0,6.666666666666667e-06,1.0,0.9923454624934344
9d 2d Kc Tc 4c,Js Ad,0,1,5,0.001244444970306037,9.99230592443818e-07,0.001222179974077997,9.923130758381227e-07,0,6,1.0,0.9999791841119858,0.0,1.4149221347486966e-05,1.0,0.9985282232013408,0.0,6.666666666666667e-06,0.0,0.9923454624934344
9d 2d Kc Tc 4c,Js Ah,0,1,5,0.00020740749505100613,9.99230592443818e-07,0.00020145799905968843,1.004849980216107e-06,0,6,1.0,0.9999791841119858,0.0,1.4149221347486966e-05,1.0,0.9985282232013408,0.0,6.666666666666667e-06,0.0,0.9923454624934344
9d 2d Kc Tc 4c,Js As,0,1,5,0.001244444970306037,9.99230592443818e-07,0.001208747994358131,1.0059784475363009e-06,0,6,1.0,0.9999791841119858,0.0,1.4149221347486966e-05,1.0,0.9985282232013408,0.0,6.666666666666667e-06,0.0,0.9923454624934344
9d 2d Kc Tc 4c,Qc Qd,0,1,5,0.00020740749505100619,9.99230592443818e-07,0.0002078795143389042,1.004184576351182e-06,2,8,1.0,0.9954643098606948,0.0,0.004210212023580433,1.0,0.99999,0.0,0.00032547811572475907,1.0,0.9988882788311626
9d 2d Kc Tc 4c,Qc Qh,0,1,5,0.00020740749505100619,9.99230592443818e-07,0.00020885024227184476,9.990009709121304e-07,2,8,1.0,0.9954643098606948,0.0,0.004210212023580433,1.0,0.99999,0.0,0.00032547811572475907,1.0,0.9988882788311626
9d 2d Kc Tc 4c,Qc Qs,0,1,5,0.00020740749505100619,9.99230592443818e-07,0.00020885024227184474,9.990009709121304e-07,2,8,1.0,0.9954643098606948,0.0,0.004210212023580433,1.0,0.99999,0.0,0.00032547811572475907,1.0,0.9988882788311626
9d 2d Kc Tc 4c,Qc Kd,0,1,5,0.001244444970306037,9.99230592443818e-07,0.001201741908370699,1.0183475477468197e-06,1,12,0.0,6.666666666666667e-06,1.0,0.9998450831764386,1.0,0.99999,0.0,0.0001482501568947111,1.0,0.99999
9d 2d Kc Tc 4c,Qc Kh,0,1,5,9.998460237123483e-07,9.99230592443818e-07,9.72376114559861e-07,1.024822808220233e-06,1,12,0.0,6.666666666666667e-06,1.0,0.9998450831764386,1.0,0.99999,0.0,0.0001482501568947111,1.0,0.99999
9d 2d Kc Tc 4c,Qc Ks,0,1,5,9.998460237123483e-07,9.99230592443818e-07,9.72376114559861e-07,1.024822808220233e-06,1,12,0.0,6.666666666666667e-06,1.0,0.9998450831764386,1.0,0.99999,0.0,0.0001482501568947111,1.0,0.99999
9d 2d Kc Tc 4c,Qc Ac,0,1,5,0.001244444970306037,0.0035968597713847096,0.001212939945312493,0.0036134810011602693,5,1,0.0,6.666666666666667e-06,0.0,2.0306094220789084e-05,1.0,0.99999,1.0,0.9999730272391125,1.0,0.99999
9d 2d Kc Tc 4c,Qc Ad,0,1,5,0.00027826317065910377,0.001358849633941886,0.0002732789794386249,0.0013376492712736641,0,6,1.0,0.9999791841119858,0.0,1.4149221347486966e-05,1.0,0.9985282232013408,0.0,6.666666666666667e-06,1.0,0.9923454624934344
9d 2d Kc Tc 4c,Qc Ah,0,1,5,0.0016695790239546226,0.001358849633941886,0.0016216531910043588,0.0013582916107675446,0,6,1.0,0.9999791841119858,0.0,1.4149221347486966e-05,1.0,0.9985282232013408,0.0,6.666666666666667e-06,1.0,0.9923454624934344
9d 2d Kc Tc 4c,Qc As,0,1,5,0.0016695790239546226,0.001358849633941886,0.001621653191004359,0.0013582916107675446,0,6,1.0,0.9999791841119858,0.0,1.4149221347486966e-05,1.0,0.9985282232013408,0.0,6.666666666666667e-06,1.0,0.9923454624934344
9d 2d Kc Tc 4c,Qd Qh,0,1,5,0.00020740749505100619,9.99230592443818e-07,0.000208533086763971,9.912302102058993e-07,2,8,1.0,0.9954643098606948,0.0,0.004210212023580433,1.0,0.99999,0.0,0.00032547811572475907,1.0,0.9988882788311626
9d 2d Kc Tc 4c,Qd Qs,0,1,5,0.00020740749505100619,9.99230592443818e-07,0.000208533086763971,9.912302102058998e-07,2,8,1.0,0.9954643098606948,0.0,0.004210212023580433,1.0,0.99999,0.0,0.00032547811572475907,1.0,0.9988882788311626
9d 2d Kc Tc 4c,Qd Kd,0,1,5,0.001244444970306037,0.0015533429777322364,0.0012019427169842117,0.0015709810803225025,1,12,0.0,6.666666666666667e-06,1.0,0.9998450831764386,1.0,0.99999,0.0,0.0001482501568947111,1.0,0.99999
9d 2d Kc Tc 4c,Qd Kh,0,1,5,0.001244444970306037,9.99230592443818e-07,0.001208351982521515,1.0184051203013296e-06,1,12,0.0,6.666666666666667e-06,1.0,0.9998450831764386,1.0,0.99999,0.0,0.0001482501568947111,1.0,0.99999
9d 2d Kc Tc 4c,Qd Ks,0,1,5,0.001244444970306037,9.99230592443818e-07,0.001208351982521515,1.0184051203013296e-06,1,12,0.0,6.666666666666667e-06,1.0,0.9998450831764386,1.0,0.99999,0.0,0.0001482501568947111,1.0,0.99999
9d 2d Kc Tc 4c,Qd Ac,0,1,5,0.00027826317065910377,0.001358849633941886,0.0002701148271005963,0.0013531317586983956,0,6,1.0,0.9999791841119858,0.0,1.4149221347486966e-05,1.0,0.9985282232013408,0.0,6.666666666666667e-06,1.0,0.9923454624934344
9d 2d Kc Tc 4c,Qd Ad,0,1,5,0.001244444970306037,0.0035968597713847096,0.0012232847605784442,0.0035165553135701895,0,6,1.0,0.9999791841119858,0.0,1.4149221347486966e-05,1.0,0.9985282232013408,0.0,6.666666666666667e-06,0.0,0.9923454624934344
9d 2d Kc Tc 4c,Qd Ah,0,1,5,0.00027826317065910377,0.001358849633941886,0.0002698500279380157,0.0013456653288775918,0,6,1.0,0.9999791841119858,0.0,1.4149221347486966e-05,1.0,0.9985282232013408,0.0,6.666666666666667e-06,0.0,0.9923454624934344
9d 2d Kc Tc 4c,Qd As,0,1,5,0.00027826317065910377,0.001358849633941886,0.0002698500279380157,0.0013456653288775918,0,6,1.0,0.9999791841119858,0.0,1.4149221347486966e-05,1.0,0.9985282232013408,0.0,6.666666666666667e-06,0.0,0.9923454624934344
9d 2d Kc Tc 4c,Qh Qs,0,1,5,0.00020740749505100619,9.99230592443818e-07,0.00020950381469691154,9.860466047668478e-07,2,8,1.0,0.9954643098606948,0.0,0.004210212023580433,1.0,0.99999,0.0,0.00032547811572475907,1.0,0.9988882788311626
9d 2d Kc Tc 4c,Qh Kd,0,1,5,0.001244444970306037,9.99230592443818e-07,0.0012056633429210995,1.0053931816015366e-06,1,12,0.0,6.666666666666667e-06,1.0,0.9998450831764386,1.0,0.99999,0.0,0.0001482501568947111,1.0,0.99999
9d 2d Kc Tc 4c,Qh Kh,0,1,5,9.998460237123483e-07,0.0015533429777322364,9.77217026468894e-07,0.0015729890085149048,1,12,0.0,6.666666666666667e-06,1.0,0.9998450831764386,1.0,0.99999,0.0,0.0001482501568947111,1.0,0.99999
9d 2d Kc Tc 4c,Qh Ks,0,1,5,9.998460237123483e-07,9.99230592443818e-07,9.755267807894027e-07,1.0118684420749502e-06,1,12,0.0,6.666666666666667e-06,1.0,0.9998450831764386,1.0,0.99999,0.0,0.0001482501568947111,1.0,0.99999
9d 2d Kc Tc 4c,Qh Ac,0,1,5,0.0016695790239546226,0.001358849633941886,0.0016285030823122498,0.0013481414505563951,0,6,1.0,0.9999791841119858,0.0,1.4149221347486966e-05,1.0,0.9985282232013408,0.0,6.666666666666667e-06,1.0,0.9923454624934344
9d 2d Kc Tc 4c,Qh Ad,0,1,5,0.0016695790239546226,0.001358849633941886,0.0016449349729641565,0.0013220915371331377,0,6,1.0,0.9999791841119858,0.0,1.4149221347486966e-05,1.0,0.9985282232013408,0.0,6.666666666666667e-06,0.0,0.9923454624934344
9d 2d Kc Tc 4c,Qh Ah,0,1,5,0.001244444970306037,0.0035968597713847096,0.0012156771484562216,0.0035470865283652934,0,6,1.0,0.9999791841119858,0.0,1.4149221347486966e-05,1.0,0.9985282232013408,0.0,6.666666666666667e-06,0.0,0.9923454624934344
9d 2d Kc Tc 4c,Qh As,0,1,5,0.0016695790239546226,0.001358849633941886,0.0016269142873367665,0.0013406750207355911,0,6,1.0,0.9999791841119858,0.0,1.4149221347486966e-05,1.0,0.9985282232013408,0.0,6.666666666666667e-06,0.0,0.9923454624934344
9d 2d Kc Tc 4c,Qs Kd,0,1,5,0.001244444970306037,9.99230592443818e-07,0.0012056633429210998,1.0053931816015366e-06,1,12,0.0,6.666666666666667e-06,1.0,0.9998450831764386,1.0,0.99999,0.0,0.0001482501568947111,1.0,0.99999
9d 2d Kc Tc 4c,Qs Kh,0,1,5,9.998460237123483e-07,9.99230592443818e-07,9.75526780789403e-07,1.0118684420749502e-06,1,12,0.0,6.666666666666667e-06,1.0,0.9998450831764386,1.0,0.99999,0.0,0.0001482501568947111,1.0,0.99999
9d 2d Kc Tc 4c,Qs Ks,0,1,5,9.998460237123483e-07,0.0015533429777322364,9.77217026468894e-07,0.0015729890085149048,1,12,0.0,6.666666666666667e-06,1.0,0.9998450831764386,1.0,0.99999,0.0,0.0001482501568947111,1.0,0.99999
9d 2d Kc Tc 4c,Qs Ac,0,1,5,0.0016695790239546226,0.001358849633941886,0.0016285030823122498,0.0013481414505563951,0,6,1.0,0.9999791841119858,0.0,1.4149221347486966e-05,1.0,0.9985282232013408,0.0,6.666666666666667e-06,1.0,0.9923454624934344
9d 2d Kc Tc 4c,Qs Ad,0,1,5,0.0016695790239546226,0.001358849633941886,0.0016449349729641565,0.0013220915371331377,0,6,1.0,0.9999791841119858,0.0,1.4149221347486966e-05,1.0,0.9985282232013408,0.0,6.666666666666667e-06,0.0,0.9923454624934344
9d 2d Kc Tc 4c,Qs Ah,0,1,5,0.0016695790239546226,0.001358849633941886,0.0016269142873367665,0.0013406750207355911,0,6,1.0,0.9999791841119858,0.0,1.4149221347486966e-05,1.0,0.9985282232013408,0.0,6.666666666666667e-06,0.0,0.9923454624934344
9d 2d Kc Tc 4c,Qs As,0,1,5,0.001244444970306037,0.0035968597713847096,0.0012156771484562216,0.003547086528365293,0,6,1.0,0.9999791841119858,0.0,1.4149221347486966e-05,1.0,0.9985282232013408,0.0,6.666666666666667e-06,0.0,0.9923454624934344
9d 2d Kc Tc 4c,Kd Kh,0,1,5,0.001244444970306037,9.99230592443818e-07,0.0011628168048587887,1.0314396243767737e-06,5,1,0.0,6.666666666666667e-06,0.0,2.0306094220789084e-05,1.0,0.99999,1.0,0.9999730272391125,1.0,0.99999
9d 2d Kc Tc 4c,Kd Ks,0,1,5,0.001244444970306037,9.99230592443818e-07,0.0011628168048587887,1.031439624376774e-06,5,1,0.0,6.666666666666667e-06,0.0,2.0306094220789084e-05,1.0,0.99999,1.0,0.9999730272391125,1.0,0.99999
9d 2d Kc Tc 4c,Kd Ac,0,1,5,0.001244444970306037,9.99230592443818e-07,0.0011606287118551498,1.009111819488074e-06,10,12,0.0,6.666666666666667e-06,1.0,0.9989392906548963,1.0,0.99999,0.0,0.0010540426784370587,1.0,0.99999
9d 2d Kc Tc 4c,Kd Ad,0,1,5,0.001244444970306037,0.0011433490122100896,0.0011744245765769497,0.00113273675757898,1,12,0.0,6.666666666666667e-06,1.0,0.9998450831764386,1.0,0.99999,0.0,0.0001482501568947111,1.0,0.99999
9d 2d Kc Tc 4c,Kd Ah,0,1,5,0.001244444970306037,9.99230592443818e-07,0.001159444480448478,1.0036213774944016e-06,1,12,0.0,6.666666666666667e-06,1.0,0.9998450831764386,1.0,0.99999,0.0,0.0001482501568947111,1.0,0.99999
9d 2d Kc Tc 4c,Kd As,0,1,5,0.001244444970306037,9.99230592443818e-07,0.001159444480448478,1.0036213774944016e-06,1,12,0.0,6.666666666666667e-06,1.0,0.9998450831764386,1.0,0.99999,0.0,0.0001482501568947111,1.0,0.99999
9d 2d Kc Tc 4c,Kh Ks,0,1,5,0.001244444970306037,9.99230592443818e-07,0.0011713298120568471,1.0392679576375154e-06,5,1,0.0,6.666666666666667e-06,0.0,2.0306094220789084e-05,1.0,0.99999,1.0,0.9999730272391125,1.0,0.99999
9d 2d Kc Tc 4c,Kh Ac,0,1,5,9.998460237123483e-07,9.99230592443818e-07,9.393438254357649e-07,1.0155870799614873e-06,1,12,0.0,6.666666666666667e-06,1.0,0.9998450831764386,1.0,0.99999,0.0,0.0001482501568947111,1.0,0.99999
9d 2d Kc Tc 4c,Kh Ad,0,1,5,9.998460237123483e-07,9.99230592443818e-07,9.491842464608626e-07,9.964312662696373e-07,1,12,0.0,6.666666666666667e-06,1.0,0.9998450831764386,1.0,0.99999,0.0,0.0001482501568947111,1.0,0.99999
9d 2d Kc Tc 4c,Kh Ah,0,1,5,9.998460237123483e-07,0.0011433490122100896,9.396361878792265e-07,0.0011557822608620199,1,12,0.0,6.666666666666667e-06,1.0,0.9998450831764386,1.0,0.99999,0.0,0.0001482501568947111,1.0,0.99999
9d 2d Kc Tc 4c,Kh As,0,1,5,0.00020740749505100613,9.99230592443818e-07,0.00019465958127442266,1.0103212434349493e-06,1,12,0.0,6.666666666666667e-06,1.0,0.9998450831764386,1.0,0.99999,0.0,0.0001482501568947111,1.0,0.99999
9d 2d Kc Tc 4c,Ks Ac,0,1,5,9.998460237123483e-07,9.99230592443818e-07,9.393438254357649e-07,1.0155870799614873e-06,1,12,0.0,6.666666666666667e-06,1.0,0.9998450831764386,1.0,0.99999,0.0,0.0001482501568947111,1.0,0.99999
9d 2d Kc Tc 4c,Ks Ad,0,1,5,9.998460237123483e-07,9.99230592443818e-07,9.491842464608626e-07,9.964312662696373e-07,1,12,0.0,6.666666666666667e-06,1.0,0.9998450831764386,1.0,0.99999,0.0,0.0001482501568947111,1.0,0.99999
9d 2d Kc Tc 4c,Ks Ah,0,1,5,0.00020740749505100613,9.99230592443818e-07,0.00019465958127442266,1.0103212434349493e-06,1,12,0.0,6.666666666666667e-06,1.0,0.9998450831764386,1.0,0.99999,0.0,0.0001482501568947111,1.0,0.99999
9d 2d Kc Tc 4c,Ks As,0,1,5,9.998460237123483e-07,0.0011433490122100896,9.396361878792265e-07,0.0011557822608620199,1,12,0.0,6.666666666666667e-06,1.0,0.9998450831764386,1.0,0.99999,0.0,0.0001482501568947111,1.0,0.99999
9d 2d Kc Tc 4c,Ac Ad,0,1,5,0.001244444970306037,9.99230592443818e-07,0.0011792013743627634,9.75456534168266e-07,1,12,0.0,6.666666666666667e-06,1.0,0.9998450831764386,1.0,0.99999,0.0,0.0001482501568947111,1.0,0.99999
9d 2d Kc Tc 4c,Ac Ah,0,1,5,0.00020740749505100613,9.99230592443818e-07,0.00019429489910714954,9.8799343854625e-07,1,12,0.0,6.666666666666667e-06,1.0,0.9998450831764386,1.0,0.99999,0.0,0.0001482501568947111,1.0,0.99999
9d 2d Kc Tc 4c,Ac As,0,1,5,0.00020740749505100613,9.99230592443818e-07,0.00019429489910714954,9.8799343854625e-07,1,12,0.0,6.666666666666667e-06,1.0,0.9998450831764386,1.0,0.99999,0.0,0.0001482501568947111,1.0,0.99999
9d 2d Kc Tc 4c,Ad Ah,0,1,5,0.001244444970306037,9.99230592443818e-07,0.0011780171429560916,9.69966092174594e-07,1,12,0.0,6.666666666666667e-06,1.0,0.9998450831764386,1.0,0.99999,0.0,0.0001482501568947111,0.0,0.99999
9d 2d Kc Tc 4c,Ad As,0,1,5,0.001244444970306037,9.99230592443818e-07,0.0011780171429560916,9.69966092174594e-07,1,12,0.0,6.666666666666667e-06,1.0,0.9998450831764386,1.0,0.99999,0.0,0.0001482501568947111,0.0,0.99999
9d 2d Kc Tc 4c,Ah As,0,1,5,9.998460237123483e-07,9.99230592443818e-07,9.356828727025049e-07,9.82278391085444e-07,1,12,0.0,6.666666666666667e-06,1.0,0.9998450831764386,1.0,0.99999,0.0,0.0001482501568947111,0.0,0.99999
