board,hand,meets_frozen_gap_threshold,bettor_seat,caller_seat,bettor_range_before_collision,caller_range_before_collision,bettor_joint_marginal,caller_joint_marginal,bettor_group,caller_group,full_check,compressed_check,full_bet_45,compressed_bet_45,full_call_facing_45,compressed_call_facing_45
Kh 4h 6h Qc Ac,2c 2d,0,1,3,0.0010637240212944875,0.0023204348820166426,0.0011020133516335745,0.002333232220484774,13,2,1.0,0.9999117191871583,0.0,8.828081284170859e-05,0.0,0.421263202038205
Kh 4h 6h Qc Ac,2c 2h,0,1,3,0.0010637240212944875,0.0023204348820166426,0.0011020133516335745,0.00233053713624704,13,2,1.0,0.9999117191871583,0.0,8.828081284170859e-05,0.0,0.421263202038205
Kh 4h 6h Qc Ac,2c 2s,0,1,3,0.0010637240212944875,0.0023204348820166426,0.0011020133516335745,0.002333232220484774,13,2,1.0,0.9999117191871583,0.0,8.828081284170859e-05,0.0,0.421263202038205
Kh 4h 6h Qc Ac,2c 3c,0,1,3,0.0010637240212944875,9.992425741288106e-07,0.0010725695322537135,1.0013622683601368e-06,15,1,1.0,0.5308743635589362,0.0,0.4691256364410637,0.0,0.5255925387794849
Kh 4h 6h Qc Ac,2c 3d,0,1,3,0.0010637240212944875,9.992425741288106e-07,0.0010722161680137654,1.002522845169285e-06,15,1,1.0,0.5308743635589362,0.0,0.4691256364410637,0.0,0.5255925387794849
Kh 4h 6h Qc Ac,2c 3h,0,1,3,0.0010637240212944875,9.992425741288106e-07,0.0010697292190559801,1.0013622683601368e-06,15,1,1.0,0.5308743635589362,0.0,0.4691256364410637,0.0,0.5255925387794849
Kh 4h 6h Qc Ac,2c 3s,0,1,3,0.0010637240212944875,9.992425741288106e-07,0.0010722161680137654,1.002522845169285e-06,15,1,1.0,0.5308743635589362,0.0,0.4691256364410637,0.0,0.5255925387794849
Kh 4h 6h Qc Ac,2c 4c,0,1,3,9.998410252769808e-07,9.992425741288106e-07,1.0294792592147897e-06,1.0071611538435572e-06,3,14,1.0,0.9999386731163625,0.0,6.132688363751407e-05,1.0,0.0009125883486175955
Kh 4h 6h Qc Ac,2c 4d,0,1,3,9.998410252769808e-07,9.992425741288106e-07,1.0247222770596793e-06,1.0074541553868344e-06,3,14,1.0,0.9999386731163625,0.0,6.132688363751407e-05,1.0,0.0009125883486175955
Kh 4h 6h Qc Ac,2c 4s,0,1,3,9.998410252769808e-07,9.992425741288106e-07,1.0247222770596793e-06,1.0074541553868344e-06,3,14,1.0,0.9999386731163625,0.0,6.132688363751407e-05,1.0,0.0009125883486175955
Kh 4h 6h Qc Ac,2c 5c,0,1,3,9.998410252769808e-07,9.992425741288106e-07,1.0587690341154038e-06,1.0035448053472695e-06,15,1,0.0,0.5308743635589362,1.0,0.4691256364410637,0.0,0.5255925387794849
Kh 4h 6h Qc Ac,2c 5d,0,1,3,0.0010637240212944875,9.992425741288106e-07,0.0011217504199035988,1.005865958965566e-06,15,1,0.0,0.5308743635589362,1.0,0.4691256364410637,0.0,0.5255925387794849
Kh 4h 6h Qc Ac,2c 5h,0,1,3,0.0010637240212944875,9.992425741288106e-07,0.0011259032335452354,1.0081871125838623e-06,15,1,0.0,0.5308743635589362,1.0,0.4691256364410637,0.0,0.5255925387794849
Kh 4h 6h Qc Ac,2c 5s,0,1,3,0.0010637240212944875,9.992425741288106e-07,0.0011217504199035988,1.005865958965566e-06,15,1,0.0,0.5308743635589362,1.0,0.4691256364410637,0.0,0.5255925387794849
Kh 4h 6h Qc Ac,2c 6c,0,1,3,0.0010637240212944875,9.992425741288106e-07,0.001070034042499092,9.96218203893205e-07,3,10,1.0,0.9999386731163625,0.0,6.132688363751407e-05,1.0,0.99999
Kh 4h 6h Qc Ac,2c 6d,0,1,3,0.0010637240212944875,9.992425741288106e-07,0.001070034042499092,9.960853652771448e-07,3,10,1.0,0.9999386731163625,0.0,6.132688363751407e-05,1.0,0.99999
Kh 4h 6h Qc Ac,2c 6s,0,1,3,0.0010637240212944875,9.992425741288106e-07,0.001070034042499092,9.960853652771448e-07,3,10,1.0,0.9999386731163625,0.0,6.132688363751407e-05,1.0,0.99999
Kh 4h 6h Qc Ac,2c 7c,0,1,3,0.0010637240212944875,9.992425741288106e-07,0.0010738432295825458,1.0013622683601368e-06,5,1,1.0,0.7095180472568701,0.0,0.29048195274313,0.0,0.5255925387794849
Kh 4h 6h Qc Ac,2c 7d,0,1,3,0.0010637240212944875,9.992425741288106e-07,0.001082651552623836,1.0013622683601368e-06,5,1,1.0,0.7095180472568701,0.0,0.29048195274313,0.0,0.5255925387794849
Kh 4h 6h Qc Ac,2c 7h,0,1,3,0.0010637240212944875,9.992425741288106e-07,0.0010818525687713815,1.0002016915509884e-06,5,1,0.2836232273285436,0.7095180472568701,0.7163767726714564,0.29048195274313,0.0,0.5255925387794849
Kh 4h 6h Qc Ac,2c 7s,0,1,3,0.0010637240212944875,9.992425741288106e-07,0.001082651552623836,1.0013622683601368e-06,5,1,1.0,0.7095180472568701,0.0,0.29048195274313,0.0,0.5255925387794849
Kh 4h 6h Qc Ac,2c 8c,0,1,3,0.0010637240212944875,9.992425741288106e-07,0.0010913514965418237,1.0023842285381214e-06,11,1,1.0,0.8550293018917648,0.0,0.1449706981082352,0.0,0.5255925387794849
Kh 4h 6h Qc Ac,2c 8d,0,1,3,0.0010637240212944875,9.992425741288106e-07,0.0010867582815497073,1.0023842285381214e-06,11,1,1.0,0.8550293018917648,0.0,0.1449706981082352,0.0,0.5255925387794849
Kh 4h 6h Qc Ac,2c 8h,0,1,3,0.0010637240212944875,9.992425741288106e-07,0.0010974803154097737,1.001223651728973e-06,11,1,0.17488060112451498,0.8550293018917648,0.825119398875485,0.1449706981082352,0.0,0.5255925387794849
Kh 4h 6h Qc Ac,2c 8s,0,1,3,0.0010637240212944875,9.992425741288106e-07,0.0010867582815497071,1.0023842285381214e-06,11,1,1.0,0.8550293018917648,0.0,0.1449706981082352,0.0,0.5255925387794849
Kh 4h 6h Qc Ac,2c 9c,0,1,3,0.0010637240212944875,9.992425741288106e-07,0.001088694097892723,1.011716918108221e-06,12,9,1.0,0.9999339325891439,0.0,6.606741085611172e-05,0.0,0.9282345585301963
Kh 4h 6h Qc Ac,2c 9d,0,1,3,0.0007371185059990112,0.0004989739020079398,0.0007479397319768941,0.0005050248840432088,12,9,1.0,0.9999339325891439,0.0,6.606741085611172e-05,0.0,0.9282345585301963
Kh 4h 6h Qc Ac,2c 9h,0,1,3,0.0007371185059990112,0.0004989739020079398,0.0007516526786981638,0.0005050248840432088,12,9,1.0,0.9999339325891439,0.0,6.606741085611172e-05,0.0,0.9282345585301963
Kh 4h 6h Qc Ac,2c 9s,0,1,3,0.0007371185059990112,0.0004989739020079398,0.0007479397319768941,0.0005050248840432088,12,9,1.0,0.9999339325891439,0.0,6.606741085611172e-05,0.0,0.9282345585301963
Kh 4h 6h Qc Ac,2c Tc,0,1,3,9.998410252769808e-07,0.0028885331947820134,1.015266866584701e-06,0.0028929423158647162,6,11,1.0,0.9999176006029368,0.0,8.239939706325524e-05,0.9939483691665986,0.11652322995435994
Kh 4h 6h Qc Ac,2c Td,0,1,3,0.0010637240212944875,9.992425741288106e-07,0.001080583392576814,1.0007678401386697e-06,6,11,1.0,0.9999176006029368,0.0,8.239939706325524e-05,1.0,0.11652322995435994
Kh 4h 6h Qc Ac,2c Th,0,1,3,0.0010637240212944875,9.992425741288106e-07,0.0010777391267536103,1.0004683311417918e-06,6,11,1.0,0.9999176006029368,0.0,8.239939706325524e-05,1.0,0.11652322995435994
Kh 4h 6h Qc Ac,2c Ts,0,1,3,0.0010637240212944875,9.992425741288106e-07,0.001080583392576814,1.0007678401386697e-06,6,11,1.0,0.9999176006029368,0.0,8.239939706325524e-05,1.0,0.11652322995435994
Kh 4h 6h Qc Ac,2c Jc,0,1,3,9.998410252769808e-07,9.992425741288106e-07,1.0287727640916283e-06,9.935516730001834e-07,13,2,1.0,0.9999117191871583,0.0,8.828081284170859e-05,1.0,0.421263202038205
Kh 4h 6h Qc Ac,2c Jd,0,1,3,0.0010637240212944875,9.992425741288106e-07,0.0010886426527753077,9.977026405323653e-07,13,2,1.0,0.9999117191871583,0.0,8.828081284170859e-05,0.0,0.421263202038205
Kh 4h 6h Qc Ac,2c Jh,0,1,3,0.0010637240212944875,9.992425741288106e-07,0.0010926493435413523,9.965420637232172e-07,13,2,1.0,0.9999117191871583,0.0,8.828081284170859e-05,1.0,0.421263202038205
Kh 4h 6h Qc Ac,2c Js,0,1,3,0.0010637240212944875,9.992425741288106e-07,0.0010886426527753077,9.977026405323655e-07,13,2,1.0,0.9999117191871583,0.0,8.828081284170859e-05,0.0,0.421263202038205
Kh 4h 6h Qc Ac,2c Qd,0,1,3,0.0010637240212944875,0.0017362380985463139,0.0010853862598241232,0.0017310041146316854,12,12,1.0,0.9999339325891439,0.0,6.606741085611172e-05,1.0,0.99999
Kh 4h 6h Qc Ac,2c Qh,0,1,3,0.0010637240212944875,0.0017362380985463139,0.0010846743209396432,0.001731234928922563,0,12,1.0,0.9999474840802659,0.0,5.251591973412176e-05,1.0,0.99999
Kh 4h 6h Qc Ac,2c Qs,0,1,3,0.0010637240212944875,0.0017362380985463139,0.0010853862598241232,0.0017310041146316854,12,12,1.0,0.9999339325891439,0.0,6.606741085611172e-05,1.0,0.99999
Kh 4h 6h Qc Ac,2c Kc,0,1,3,9.998410252769808e-07,9.992425741288106e-07,1.0080125175108637e-06,1.0021763123473019e-06,5,0,0.0,0.7095180472568701,1.0,0.29048195274313,1.0,0.99999
Kh 4h 6h Qc Ac,2c Kd,0,1,3,0.0010637240212944875,9.992425741288106e-07,0.0010713349267751464,1.0033368891564502e-06,5,0,0.0,0.7095180472568701,1.0,0.29048195274313,1.0,0.99999
Kh 4h 6h Qc Ac,2c Ks,0,1,3,0.0010637240212944875,9.992425741288106e-07,0.0010713349267751462,1.0033368891564502e-06,5,0,0.0,0.7095180472568701,1.0,0.29048195274313,1.0,0.99999
Kh 4h 6h Qc Ac,2c Ad,0,1,3,0.0010637240212944875,0.0030177586879034965,0.0010299691847146352,0.003025895501462058,14,8,0.0,1e-05,1.0,0.99999,1.0,0.99999
Kh 4h 6h Qc Ac,2c Ah,0,1,3,0.0010637240212944875,0.0030177586879034965,0.0010368247335049933,0.003025010623279636,14,8,0.0,1e-05,1.0,0.99999,1.0,0.99999
Kh 4h 6h Qc Ac,2c As,0,1,3,0.0010637240212944875,0.0030177586879034965,0.0010299691847146352,0.003025895501462058,14,8,0.0,1e-05,1.0,0.99999,1.0,0.99999
Kh 4h 6h Qc Ac,2d 2h,0,1,3,0.0010637240212944875,0.0023204348820166426,0.0010983993623509907,0.00233053713624704,13,2,1.0,0.9999117191871583,0.0,8.828081284170859e-05,0.0,0.421263202038205
Kh 4h 6h Qc Ac,2d 2s,0,1,3,0.0010637240212944875,0.0023204348820166426,0.0010983993623509907,0.002333232220484774,13,2,1.0,0.9999117191871583,0.0,8.828081284170859e-05,0.0,0.421263202038205
Kh 4h 6h Qc Ac,2d 3c,0,1,3,0.0010637240212944875,9.992425741288106e-07,0.00106895554297113,1.0013622683601368e-06,15,1,1.0,0.5308743635589362,0.0,0.4691256364410637,0.0,0.5255925387794849
Kh 4h 6h Qc Ac,2d 3d,0,1,3,0.0010637240212944875,9.992425741288106e-07,0.0010686021787311816,1.002522845169285e-06,15,1,1.0,0.5308743635589362,0.0,0.4691256364410637,0.0,0.5255925387794849
Kh 4h 6h Qc Ac,2d 3h,0,1,3,0.0010637240212944875,9.992425741288106e-07,0.0010661152297733963,1.0013622683601368e-06,15,1,0.2643981967222223,0.5308743635589362,0.7356018032777777,0.4691256364410637,0.0,0.5255925387794849
Kh 4h 6h Qc Ac,2d 3s,0,1,3,0.0010637240212944875,9.992425741288106e-07,0.0010686021787311816,1.002522845169285e-06,15,1,1.0,0.5308743635589362,0.0,0.4691256364410637,0.0,0.5255925387794849
Kh 4h 6h Qc Ac,2d 4c,0,1,3,9.998410252769808e-07,9.992425741288106e-07,1.0260823116256572e-06,1.0071611538435572e-06,3,14,1.0,0.9999386731163625,0.0,6.132688363751407e-05,1.0,0.0009125883486175955
Kh 4h 6h Qc Ac,2d 4d,0,1,3,9.998410252769808e-07,9.992425741288106e-07,1.0213253294705469e-06,1.0074541553868344e-06,3,14,1.0,0.9999386731163625,0.0,6.132688363751407e-05,1.0,0.0009125883486175955
Kh 4h 6h Qc Ac,2d 4s,0,1,3,9.998410252769808e-07,9.992425741288106e-07,1.0213253294705469e-06,1.0074541553868344e-06,3,14,1.0,0.9999386731163625,0.0,6.132688363751407e-05,1.0,0.0009125883486175955
Kh 4h 6h Qc Ac,2d 5c,0,1,3,0.0010637240212944875,9.992425741288106e-07,0.0011228031371594144,1.0047053821564177e-06,15,1,0.0,0.5308743635589362,1.0,0.4691256364410637,0.0,0.5255925387794849
Kh 4h 6h Qc Ac,2d 5d,0,1,3,9.998410252769808e-07,9.992425741288106e-07,1.0509856436551765e-06,1.0047053821564177e-06,15,1,0.0,0.5308743635589362,1.0,0.4691256364410637,0.0,0.5255925387794849
Kh 4h 6h Qc Ac,2d 5h,0,1,3,0.0010637240212944875,9.992425741288106e-07,0.0011222892442626516,1.0081871125838623e-06,15,1,0.0,0.5308743635589362,1.0,0.4691256364410637,0.0,0.5255925387794849
Kh 4h 6h Qc Ac,2d 5s,0,1,3,0.0010637240212944875,9.992425741288106e-07,0.001118136430621015,1.005865958965566e-06,15,1,0.0,0.5308743635589362,1.0,0.4691256364410637,0.0,0.5255925387794849
Kh 4h 6h Qc Ac,2d 6c,0,1,3,0.0010637240212944875,9.992425741288106e-07,0.0010664200532165085,9.96218203893205e-07,3,10,1.0,0.9999386731163625,0.0,6.132688363751407e-05,1.0,0.99999
Kh 4h 6h Qc Ac,2d 6d,0,1,3,0.0010637240212944875,9.992425741288106e-07,0.0010664200532165085,9.960853652771448e-07,3,10,1.0,0.9999386731163625,0.0,6.132688363751407e-05,1.0,0.99999
Kh 4h 6h Qc Ac,2d 6s,0,1,3,0.0010637240212944875,9.992425741288106e-07,0.0010664200532165085,9.960853652771448e-07,3,10,1.0,0.9999386731163625,0.0,6.132688363751407e-05,1.0,0.99999
Kh 4h 6h Qc Ac,2d 7c,0,1,3,0.0010637240212944875,9.992425741288106e-07,0.0010702292402999622,1.0013622683601368e-06,5,1,1.0,0.7095180472568701,0.0,0.29048195274313,0.0,0.5255925387794849
Kh 4h 6h Qc Ac,2d 7d,0,1,3,0.0010637240212944875,9.992425741288106e-07,0.0010790375633412525,1.0013622683601368e-06,5,1,1.0,0.7095180472568701,0.0,0.29048195274313,0.0,0.5255925387794849
Kh 4h 6h Qc Ac,2d 7h,0,1,3,0.0010637240212944875,9.992425741288106e-07,0.001078238579488798,1.0002016915509884e-06,5,1,1.0,0.7095180472568701,0.0,0.29048195274313,0.0,0.5255925387794849
Kh 4h 6h Qc Ac,2d 7s,0,1,3,0.0010637240212944875,9.992425741288106e-07,0.0010790375633412525,1.0013622683601368e-06,5,1,1.0,0.7095180472568701,0.0,0.29048195274313,0.0,0.5255925387794849
Kh 4h 6h Qc Ac,2d 8c,0,1,3,0.0010637240212944875,9.992425741288106e-07,0.00108773750725924,1.0023842285381214e-06,11,1,1.0,0.8550293018917648,0.0,0.1449706981082352,0.0,0.5255925387794849
Kh 4h 6h Qc Ac,2d 8d,0,1,3,0.0010637240212944875,9.992425741288106e-07,0.0010831442922671236,1.0023842285381214e-06,11,1,1.0,0.8550293018917648,0.0,0.1449706981082352,0.0,0.5255925387794849
Kh 4h 6h Qc Ac,2d 8h,0,1,3,0.0010637240212944875,9.992425741288106e-07,0.00109386632612719,1.001223651728973e-06,11,1,0.19410563173083628,0.8550293018917648,0.8058943682691637,0.1449706981082352,0.0,0.5255925387794849
Kh 4h 6h Qc Ac,2d 8s,0,1,3,0.0010637240212944875,9.992425741288106e-07,0.0010831442922671233,1.0023842285381214e-06,11,1,1.0,0.8550293018917648,0.0,0.1449706981082352,0.0,0.5255925387794849
Kh 4h 6h Qc Ac,2d 9c,0,1,3,0.0007371185059990112,0.0004989739020079398,0.0007523185950728387,0.0005050248840432088,12,9,1.0,0.9999339325891439,0.0,6.606741085611172e-05,0.0,0.9282345585301963
Kh 4h 6h Qc Ac,2d 9d,0,1,3,0.0010637240212944875,9.992425741288106e-07,0.001075147051466407,1.011716918108221e-06,12,9,1.0,0.9999339325891439,0.0,6.606741085611172e-05,0.0,0.9282345585301963
Kh 4h 6h Qc Ac,2d 9h,0,1,3,0.0007371185059990112,0.0004989739020079398,0.0007491483276377893,0.0005050248840432088,12,9,1.0,0.9999339325891439,0.0,6.606741085611172e-05,0.0,0.9282345585301963
Kh 4h 6h Qc Ac,2d 9s,0,1,3,0.0007371185059990112,0.0004989739020079398,0.0007454353809165197,0.0005050248840432088,12,9,1.0,0.9999339325891439,0.0,6.606741085611172e-05,0.0,0.9282345585301963
Kh 4h 6h Qc Ac,2d Tc,0,1,3,0.0010637240212944875,9.992425741288106e-07,0.0010731645785124482,1.001928416947818e-06,6,11,1.0,0.9999176006029368,0.0,8.239939706325524e-05,1.0,0.11652322995435994
Kh 4h 6h Qc Ac,2d Td,0,1,3,9.998410252769808e-07,0.0028885331947820134,1.0154462412696362e-06,0.0028895874101340013,6,11,1.0,0.9999176006029368,0.0,8.239939706325524e-05,0.860533564983845,0.11652322995435994
Kh 4h 6h Qc Ac,2d Th,0,1,3,0.0010637240212944875,9.992425741288106e-07,0.0010741251374710265,1.0004683311417918e-06,6,11,1.0,0.9999176006029368,0.0,8.239939706325524e-05,1.0,0.11652322995435994
Kh 4h 6h Qc Ac,2d Ts,0,1,3,0.0010637240212944875,9.992425741288106e-07,0.0010769694032942301,1.0007678401386697e-06,6,11,1.0,0.9999176006029368,0.0,8.239939706325524e-05,1.0,0.11652322995435994
Kh 4h 6h Qc Ac,2d Jc,0,1,3,0.0010637240212944875,9.992425741288106e-07,0.0010908903108531654,9.947122498093316e-07,13,2,1.0,0.9999117191871583,0.0,8.828081284170859e-05,1.0,0.421263202038205
Kh 4h 6h Qc Ac,2d Jd,0,1,3,9.998410252769808e-07,9.992425741288106e-07,1.0198661961598586e-06,9.965420637232172e-07,13,2,1.0,0.9999117191871583,0.0,8.828081284170859e-05,0.0,0.421263202038205
Kh 4h 6h Qc Ac,2d Jh,0,1,3,0.0010637240212944875,9.992425741288106e-07,0.0010890353542587685,9.965420637232172e-07,13,2,1.0,0.9999117191871583,0.0,8.828081284170859e-05,1.0,0.421263202038205
Kh 4h 6h Qc Ac,2d Js,0,1,3,0.0010637240212944875,9.992425741288106e-07,0.0010850286634927241,9.977026405323655e-07,13,2,1.0,0.9999117191871583,0.0,8.828081284170859e-05,0.0,0.421263202038205
Kh 4h 6h Qc Ac,2d Qd,0,1,3,0.0010637240212944875,9.992425741288106e-07,0.001079754969897798,9.962303031941853e-07,12,12,1.0,0.9999339325891439,0.0,6.606741085611172e-05,1.0,0.99999
Kh 4h 6h Qc Ac,2d Qh,0,1,3,0.0010637240212944875,0.0017362380985463139,0.0010810603316570595,0.001731234928922563,0,12,1.0,0.9999474840802659,0.0,5.251591973412176e-05,1.0,0.99999
Kh 4h 6h Qc Ac,2d Qs,0,1,3,0.0010637240212944875,0.0017362380985463139,0.0010817722705415394,0.0017310041146316854,12,12,1.0,0.9999339325891439,0.0,6.606741085611172e-05,1.0,0.99999
Kh 4h 6h Qc Ac,2d Kc,0,1,3,0.0010637240212944875,9.992425741288106e-07,0.0010688036266527066,1.0033368891564502e-06,15,0,0.0,0.5308743635589362,1.0,0.4691256364410637,1.0,0.99999
Kh 4h 6h Qc Ac,2d Kd,0,1,3,9.998410252769808e-07,9.992425741288106e-07,1.0035979027277375e-06,1.0021763123473019e-06,15,0,0.0,0.5308743635589362,1.0,0.4691256364410637,1.0,0.99999
Kh 4h 6h Qc Ac,2d Ks,0,1,3,0.0010637240212944875,9.992425741288106e-07,0.0010677209374925624,1.0033368891564502e-06,15,0,0.0,0.5308743635589362,1.0,0.4691256364410637,1.0,0.99999
Kh 4h 6h Qc Ac,2d Ad,0,1,3,0.0010637240212944875,0.007861673807704765,0.0010319864853583767,0.007882871319052446,14,8,0.0,1e-05,1.0,0.99999,1.0,0.99999
Kh 4h 6h Qc Ac,2d Ah,0,1,3,0.0010637240212944875,0.0030177586879034965,0.0010332107442224095,0.003025010623279636,14,8,0.0,1e-05,1.0,0.99999,1.0,0.99999
Kh 4h 6h Qc Ac,2d As,0,1,3,0.0010637240212944875,0.0030177586879034965,0.0010263551954320517,0.003025895501462058,14,8,0.0,1e-05,1.0,0.99999,1.0,0.99999
Kh 4h 6h Qc Ac,2h 2s,0,1,3,0.0010637240212944875,0.0023204348820166426,0.0010983993623509907,0.00233053713624704,13,2,1.0,0.9999117191871583,0.0,8.828081284170859e-05,0.0,0.421263202038205
Kh 4h 6h Qc Ac,2h 3c,0,1,3,0.0010637240212944875,9.992425741288106e-07,0.00106895554297113,1.0002016915509884e-06,15,1,0.3803337200311586,0.5308743635589362,0.6196662799688414,0.4691256364410637,0.0,0.5255925387794849
Kh 4h 6h Qc Ac,2h 3d,0,1,3,0.0010637240212944875,9.992425741288106e-07,0.0010686021787311816,1.0013622683601368e-06,15,1,0.5041841401948174,0.5308743635589362,0.4958158598051826,0.4691256364410637,0.0,0.5255925387794849
Kh 4h 6h Qc Ac,2h 3h,0,1,3,0.0010637240212944875,9.992425741288106e-07,0.0010661152297733963,1.0002016915509884e-06,1,4,0.0,1e-05,1.0,0.99999,1.0,0.99999
Kh 4h 6h Qc Ac,2h 3s,0,1,3,0.0010637240212944875,9.992425741288106e-07,0.0010686021787311816,1.0013622683601368e-06,15,1,0.6360140704105309,0.5308743635589362,0.36398592958946907,0.4691256364410637,0.0,0.5255925387794849
Kh 4h 6h Qc Ac,2h 4c,0,1,3,9.998410252769808e-07,9.992425741288106e-07,1.0260823116256572e-06,1.006000577034409e-06,3,7,1.0,0.9999386731163625,0.0,6.132688363751407e-05,1.0,0.9999749311172953
Kh 4h 6h Qc Ac,2h 4d,0,1,3,9.998410252769808e-07,9.992425741288106e-07,1.0213253294705469e-06,1.0062935785776862e-06,3,7,1.0,0.9999386731163625,0.0,6.132688363751407e-05,1.0,0.9999749311172953
Kh 4h 6h Qc Ac,2h 4s,0,1,3,9.998410252769808e-07,9.992425741288106e-07,1.0213253294705469e-06,1.0062935785776862e-06,3,7,1.0,0.9999386731163625,0.0,6.132688363751407e-05,1.0,0.9999749311172953
Kh 4h 6h Qc Ac,2h 5c,0,1,3,0.0010637240212944875,9.992425741288106e-07,0.0011228031371594144,1.0035448053472695e-06,15,1,0.0,0.5308743635589362,1.0,0.4691256364410637,0.0,0.5255925387794849
Kh 4h 6h Qc Ac,2h 5d,0,1,3,0.0010637240212944875,9.992425741288106e-07,0.001118136430621015,1.0047053821564177e-06,15,1,0.0,0.5308743635589362,1.0,0.4691256364410637,0.0,0.5255925387794849
Kh 4h 6h Qc Ac,2h 5h,0,1,3,9.998410252769808e-07,9.992425741288106e-07,1.0548890559746474e-06,1.005865958965566e-06,1,4,0.0,1e-05,1.0,0.99999,1.0,0.99999
Kh 4h 6h Qc Ac,2h 5s,0,1,3,0.0010637240212944875,9.992425741288106e-07,0.001118136430621015,1.0047053821564177e-06,15,1,0.0,0.5308743635589362,1.0,0.4691256364410637,0.0,0.5255925387794849
Kh 4h 6h Qc Ac,2h 6c,0,1,3,0.0010637240212944875,9.992425741288106e-07,0.0010664200532165085,9.95057627084057e-07,3,10,1.0,0.9999386731163625,0.0,6.132688363751407e-05,1.0,0.99999
Kh 4h 6h Qc Ac,2h 6d,0,1,3,0.0010637240212944875,9.992425741288106e-07,0.0010664200532165085,9.949247884679966e-07,3,10,1.0,0.9999386731163625,0.0,6.132688363751407e-05,1.0,0.99999
Kh 4h 6h Qc Ac,2h 6s,0,1,3,0.0010637240212944875,9.992425741288106e-07,0.0010664200532165085,9.949247884679966e-07,3,10,1.0,0.9999386731163625,0.0,6.132688363751407e-05,1.0,0.99999
Kh 4h 6h Qc Ac,2h 7c,0,1,3,0.0010637240212944875,9.992425741288106e-07,0.0010702292402999622,1.0002016915509884e-06,5,1,1.0,0.7095180472568701,0.0,0.29048195274313,0.0,0.5255925387794849
Kh 4h 6h Qc Ac,2h 7d,0,1,3,0.0010637240212944875,9.992425741288106e-07,0.0010790375633412525,1.0002016915509884e-06,5,1,1.0,0.7095180472568701,0.0,0.29048195274313,0.0,0.5255925387794849
Kh 4h 6h Qc Ac,2h 7h,0,1,3,0.0010637240212944875,9.992425741288106e-07,0.001078238579488798,9.990411147418403e-07,1,4,0.0,1e-05,1.0,0.99999,1.0,0.99999
Kh 4h 6h Qc Ac,2h 7s,0,1,3,0.0010637240212944875,9.992425741288106e-07,0.0010790375633412525,1.0002016915509884e-06,5,1,1.0,0.7095180472568701,0.0,0.29048195274313,0.0,0.5255925387794849
Kh 4h 6h Qc Ac,2h 8c,0,1,3,0.0010637240212944875,9.992425741288106e-07,0.00108773750725924,1.001223651728973e-06,11,1,1.0,0.8550293018917648,0.0,0.1449706981082352,0.0,0.5255925387794849
Kh 4h 6h Qc Ac,2h 8d,0,1,3,0.0010637240212944875,9.992425741288106e-07,0.0010831442922671236,1.001223651728973e-06,11,1,1.0,0.8550293018917648,0.0,0.1449706981082352,0.0,0.5255925387794849
Kh 4h 6h Qc Ac,2h 8h,0,1,3,0.0010637240212944875,9.992425741288106e-07,0.00109386632612719,1.000063074919825e-06,1,4,0.0,1e-05,1.0,0.99999,1.0,0.99999
Kh 4h 6h Qc Ac,2h 8s,0,1,3,0.0010637240212944875,9.992425741288106e-07,0.0010831442922671233,1.001223651728973e-06,11,1,1.0,0.8550293018917648,0.0,0.1449706981082352,0.0,0.5255925387794849
Kh 4h 6h Qc Ac,2h 9c,0,1,3,0.0007371185059990112,0.0004989739020079398,0.0007523185950728387,0.0005044453475482336,12,9,1.0,0.9999339325891439,0.0,6.606741085611172e-05,0.0,0.9282345585301963
Kh 4h 6h Qc Ac,2h 9d,0,1,3,0.0007371185059990112,0.0004989739020079398,0.0007454353809165197,0.0005044453475482336,12,9,1.0,0.9999339325891439,0.0,6.606741085611172e-05,0.2666428918348719,0.9282345585301963
Kh 4h 6h Qc Ac,2h 9h,0,1,3,0.0010637240212944875,9.992425741288106e-07,0.0010805051459723213,1.0105563412990728e-06,1,4,0.0,1e-05,1.0,0.99999,1.0,0.99999
Kh 4h 6h Qc Ac,2h 9s,0,1,3,0.0007371185059990112,0.0004989739020079398,0.0007454353809165197,0.0005044453475482336,12,9,1.0,0.9999339325891439,0.0,6.606741085611172e-05,0.0,0.9282345585301963
Kh 4h 6h Qc Ac,2h Tc,0,1,3,0.0010637240212944875,9.992425741288106e-07,0.0010731645785124482,1.0007678401386697e-06,6,11,1.0,0.9999176006029368,0.0,8.239939706325524e-05,1.0,0.11652322995435994
Kh 4h 6h Qc Ac,2h Td,0,1,3,0.0010637240212944875,9.992425741288106e-07,0.0010769694032942301,9.996072633295216e-07,6,11,1.0,0.9999176006029368,0.0,8.239939706325524e-05,1.0,0.11652322995435994
Kh 4h 6h Qc Ac,2h Th,0,1,3,9.998410252769808e-07,0.0028885331947820134,1.0127727906377972e-06,0.002885366706946276,1,4,0.0,1e-05,1.0,0.99999,1.0,0.99999
Kh 4h 6h Qc Ac,2h Ts,0,1,3,0.0010637240212944875,9.992425741288106e-07,0.0010769694032942301,9.996072633295216e-07,6,11,1.0,0.9999176006029368,0.0,8.239939706325524e-05,1.0,0.11652322995435994
Kh 4h 6h Qc Ac,2h Jc,0,1,3,0.0010637240212944875,9.992425741288106e-07,0.0010908903108531654,9.935516730001834e-07,13,2,1.0,0.9999117191871583,0.0,8.828081284170859e-05,1.0,0.421263202038205
Kh 4h 6h Qc Ac,2h Jd,0,1,3,0.0010637240212944875,9.992425741288106e-07,0.0010850286634927241,9.965420637232172e-07,13,2,1.0,0.9999117191871583,0.0,8.828081284170859e-05,1.0,0.421263202038205
Kh 4h 6h Qc Ac,2h Jh,0,1,3,9.998410252769808e-07,9.992425741288106e-07,1.0236322611572574e-06,9.942209101049207e-07,1,4,0.0,1e-05,1.0,0.99999,1.0,0.99999
Kh 4h 6h Qc Ac,2h Js,0,1,3,0.0010637240212944875,9.992425741288106e-07,0.0010850286634927241,9.965420637232172e-07,13,2,1.0,0.9999117191871583,0.0,8.828081284170859e-05,1.0,0.421263202038205
Kh 4h 6h Qc Ac,2h Qd,0,1,3,0.0010637240212944875,0.0017362380985463139,0.0010817722705415396,0.001728987549560797,12,12,1.0,0.9999339325891439,0.0,6.606741085611172e-05,1.0,0.99999
Kh 4h 6h Qc Ac,2h Qh,0,1,3,0.0010637240212944875,9.992425741288106e-07,0.0010790430310133178,9.952025650010974e-07,1,4,0.0,1e-05,1.0,0.99999,1.0,0.99999
Kh 4h 6h Qc Ac,2h Qs,0,1,3,0.0010637240212944875,0.0017362380985463139,0.0010817722705415394,0.001728987549560797,12,12,1.0,0.9999339325891439,0.0,6.606741085611172e-05,1.0,0.99999
Kh 4h 6h Qc Ac,2h Kc,0,1,3,0.0010637240212944875,9.992425741288106e-07,0.0010688036266527064,1.0021763123473019e-06,15,0,0.0,0.5308743635589362,1.0,0.4691256364410637,1.0,0.99999
Kh 4h 6h Qc Ac,2h Kd,0,1,3,0.0010637240212944875,9.992425741288106e-07,0.0010677209374925626,1.0021763123473019e-06,15,0,0.0,0.5308743635589362,1.0,0.4691256364410637,1.0,0.99999
Kh 4h 6h Qc Ac,2h Ks,0,1,3,0.0010637240212944875,9.992425741288106e-07,0.0010677209374925624,1.002176312347302e-06,15,0,0.0,0.5308743635589362,1.0,0.4691256364410637,1.0,0.99999
Kh 4h 6h Qc Ac,2h Ad,0,1,3,0.0010637240212944875,0.0030177586879034965,0.0010263551954320517,0.0030223905059389836,14,8,0.0,1e-05,1.0,0.99999,1.0,0.99999
Kh 4h 6h Qc Ac,2h Ah,0,1,3,0.0010637240212944875,0.007861673807704765,0.0010388420341487347,0.007871435098102118,1,4,0.0,1e-05,1.0,0.99999,1.0,0.99999
Kh 4h 6h Qc Ac,2h As,0,1,3,0.0010637240212944875,0.0030177586879034965,0.0010263551954320517,0.0030223905059389836,14,8,0.0,1e-05,1.0,0.99999,1.0,0.99999
Kh 4h 6h Qc Ac,2s 3c,0,1,3,0.0010637240212944875,9.992425741288106e-07,0.00106895554297113,1.0013622683601368e-06,15,1,1.0,0.5308743635589362,0.0,0.4691256364410637,0.0,0.5255925387794849
Kh 4h 6h Qc Ac,2s 3d,0,1,3,0.0010637240212944875,9.992425741288106e-07,0.0010686021787311816,1.002522845169285e-06,15,1,1.0,0.5308743635589362,0.0,0.4691256364410637,0.0,0.5255925387794849
Kh 4h 6h Qc Ac,2s 3h,0,1,3,0.0010637240212944875,9.992425741288106e-07,0.0010661152297733963,1.0013622683601368e-06,15,1,0.0,0.5308743635589362,1.0,0.4691256364410637,0.0,0.5255925387794849
Kh 4h 6h Qc Ac,2s 3s,0,1,3,0.0010637240212944875,9.992425741288106e-07,0.0010686021787311816,1.002522845169285e-06,15,1,1.0,0.5308743635589362,0.0,0.4691256364410637,0.0,0.5255925387794849
Kh 4h 6h Qc Ac,2s 4c,0,1,3,9.998410252769808e-07,9.992425741288106e-07,1.0260823116256572e-06,1.0071611538435572e-06,3,14,1.0,0.9999386731163625,0.0,6.132688363751407e-05,1.0,0.0009125883486175955
Kh 4h 6h Qc Ac,2s 4d,0,1,3,9.998410252769808e-07,9.992425741288106e-07,1.0213253294705469e-06,1.0074541553868344e-06,3,14,1.0,0.9999386731163625,0.0,6.132688363751407e-05,1.0,0.0009125883486175955
Kh 4h 6h Qc Ac,2s 4s,0,1,3,9.998410252769808e-07,9.992425741288106e-07,1.0213253294705469e-06,1.0074541553868344e-06,3,14,1.0,0.9999386731163625,0.0,6.132688363751407e-05,1.0,0.0009125883486175955
Kh 4h 6h Qc Ac,2s 5c,0,1,3,0.0010637240212944875,9.992425741288106e-07,0.0011228031371594144,1.0047053821564177e-06,15,1,0.0,0.5308743635589362,1.0,0.4691256364410637,0.0,0.5255925387794849
Kh 4h 6h Qc Ac,2s 5d,0,1,3,0.0010637240212944875,9.992425741288106e-07,0.001118136430621015,1.005865958965566e-06,15,1,0.0,0.5308743635589362,1.0,0.4691256364410637,0.0,0.5255925387794849
Kh 4h 6h Qc Ac,2s 5h,0,1,3,0.0010637240212944875,9.992425741288106e-07,0.0011222892442626516,1.0081871125838623e-06,15,1,0.0,0.5308743635589362,1.0,0.4691256364410637,0.0,0.5255925387794849
Kh 4h 6h Qc Ac,2s 5s,0,1,3,9.998410252769808e-07,9.992425741288106e-07,1.0509856436551763e-06,1.0047053821564177e-06,15,1,0.0,0.5308743635589362,1.0,0.4691256364410637,0.0,0.5255925387794849
Kh 4h 6h Qc Ac,2s 6c,0,1,3,0.0010637240212944875,9.992425741288106e-07,0.0010664200532165085,9.96218203893205e-07,3,10,1.0,0.9999386731163625,0.0,6.132688363751407e-05,1.0,0.99999
Kh 4h 6h Qc Ac,2s 6d,0,1,3,0.0010637240212944875,9.992425741288106e-07,0.0010664200532165085,9.960853652771448e-07,3,10,1.0,0.9999386731163625,0.0,6.132688363751407e-05,1.0,0.99999
Kh 4h 6h Qc Ac,2s 6s,0,1,3,0.0010637240212944875,9.992425741288106e-07,0.0010664200532165085,9.960853652771448e-07,3,10,1.0,0.9999386731163625,0.0,6.132688363751407e-05,1.0,0.99999
Kh 4h 6h Qc Ac,2s 7c,0,1,3,0.0010637240212944875,9.992425741288106e-07,0.0010702292402999622,1.0013622683601368e-06,5,1,1.0,0.7095180472568701,0.0,0.29048195274313,0.0,0.5255925387794849
Kh 4h 6h Qc Ac,2s 7d,0,1,3,0.0010637240212944875,9.992425741288106e-07,0.0010790375633412525,1.0013622683601368e-06,5,1,1.0,0.7095180472568701,0.0,0.29048195274313,0.0,0.5255925387794849
Kh 4h 6h Qc Ac,2s 7h,0,1,3,0.0010637240212944875,9.992425741288106e-07,0.001078238579488798,1.0002016915509884e-06,5,1,1.0,0.7095180472568701,0.0,0.29048195274313,0.0,0.5255925387794849
Kh 4h 6h Qc Ac,2s 7s,0,1,3,0.0010637240212944875,9.992425741288106e-07,0.0010790375633412525,1.0013622683601368e-06,5,1,1.0,0.7095180472568701,0.0,0.29048195274313,0.0,0.5255925387794849
Kh 4h 6h Qc Ac,2s 8c,0,1,3,0.0010637240212944875,9.992425741288106e-07,0.0010877375072592401,1.0023842285381214e-06,11,1,1.0,0.8550293018917648,0.0,0.1449706981082352,0.0,0.5255925387794849
Kh 4h 6h Qc Ac,2s 8d,0,1,3,0.0010637240212944875,9.992425741288106e-07,0.0010831442922671236,1.0023842285381214e-06,11,1,1.0,0.8550293018917648,0.0,0.1449706981082352,0.0,0.5255925387794849
Kh 4h 6h Qc Ac,2s 8h,0,1,3,0.0010637240212944875,9.992425741288106e-07,0.00109386632612719,1.001223651728973e-06,11,1,0.4585038284530435,0.8550293018917648,0.5414961715469565,0.1449706981082352,0.0,0.5255925387794849
Kh 4h 6h Qc Ac,2s 8s,0,1,3,0.0010637240212944875,9.992425741288106e-07,0.0010831442922671233,1.0023842285381214e-06,11,1,1.0,0.8550293018917648,0.0,0.1449706981082352,0.0,0.5255925387794849
Kh 4h 6h Qc Ac,2s 9c,0,1,3,0.0007371185059990112,0.0004989739020079398,0.0007523185950728387,0.0005050248840432088,12,9,1.0,0.9999339325891439,0.0,6.606741085611172e-05,0.0,0.9282345585301963
Kh 4h 6h Qc Ac,2s 9d,0,1,3,0.0007371185059990112,0.0004989739020079398,0.0007454353809165197,0.0005050248840432088,12,9,1.0,0.9999339325891439,0.0,6.606741085611172e-05,0.0,0.9282345585301963
Kh 4h 6h Qc Ac,2s 9h,0,1,3,0.0007371185059990112,0.0004989739020079398,0.0007491483276377893,0.0005050248840432088,12,9,1.0,0.9999339325891439,0.0,6.606741085611172e-05,0.0,0.9282345585301963
Kh 4h 6h Qc Ac,2s 9s,0,1,3,0.0010637240212944875,9.992425741288106e-07,0.001075147051466407,1.011716918108221e-06,12,9,1.0,0.9999339325891439,0.0,6.606741085611172e-05,0.0,0.9282345585301963
Kh 4h 6h Qc Ac,2s Tc,0,1,3,0.0010637240212944875,9.992425741288106e-07,0.0010731645785124484,1.001928416947818e-06,6,11,1.0,0.9999176006029368,0.0,8.239939706325524e-05,1.0,0.11652322995435994
Kh 4h 6h Qc Ac,2s Td,0,1,3,0.0010637240212944875,9.992425741288106e-07,0.0010769694032942301,1.0007678401386697e-06,6,11,1.0,0.9999176006029368,0.0,8.239939706325524e-05,1.0,0.11652322995435994
Kh 4h 6h Qc Ac,2s Th,0,1,3,0.0010637240212944875,9.992425741288106e-07,0.0010741251374710265,1.0004683311417918e-06,6,11,1.0,0.9999176006029368,0.0,8.239939706325524e-05,1.0,0.11652322995435994
Kh 4h 6h Qc Ac,2s Ts,0,1,3,9.998410252769808e-07,0.0028885331947820134,1.0154462412696362e-06,0.0028895874101340013,6,11,1.0,0.9999176006029368,0.0,8.239939706325524e-05,0.8605335649838677,0.11652322995435994
Kh 4h 6h Qc Ac,2s Jc,0,1,3,0.0010637240212944875,9.992425741288106e-07,0.0010908903108531654,9.947122498093316e-07,13,2,1.0,0.9999117191871583,0.0,8.828081284170859e-05,1.0,0.421263202038205
Kh 4h 6h Qc Ac,2s Jd,0,1,3,0.0010637240212944875,9.992425741288106e-07,0.0010850286634927241,9.977026405323653e-07,13,2,1.0,0.9999117191871583,0.0,8.828081284170859e-05,0.0,0.421263202038205
Kh 4h 6h Qc Ac,2s Jh,0,1,3,0.0010637240212944875,9.992425741288106e-07,0.0010890353542587685,9.965420637232172e-07,13,2,1.0,0.9999117191871583,0.0,8.828081284170859e-05,1.0,0.421263202038205
Kh 4h 6h Qc Ac,2s Js,0,1,3,9.998410252769808e-07,9.992425741288106e-07,1.0198661961598588e-06,9.965420637232172e-07,13,2,1.0,0.9999117191871583,0.0,8.828081284170859e-05,0.0,0.421263202038205
Kh 4h 6h Qc Ac,2s Qd,0,1,3,0.0010637240212944875,0.0017362380985463139,0.0010817722705415396,0.0017310041146316854,12,12,1.0,0.9999339325891439,0.0,6.606741085611172e-05,1.0,0.99999
Kh 4h 6h Qc Ac,2s Qh,0,1,3,0.0010637240212944875,0.0017362380985463139,0.0010810603316570595,0.001731234928922563,0,12,1.0,0.9999474840802659,0.0,5.251591973412176e-05,1.0,0.99999
Kh 4h 6h Qc Ac,2s Qs,0,1,3,0.0010637240212944875,9.992425741288106e-07,0.001079754969897798,9.962303031941853e-07,12,12,1.0,0.9999339325891439,0.0,6.606741085611172e-05,1.0,0.99999
Kh 4h 6h Qc Ac,2s Kc,0,1,3,0.0010637240212944875,9.992425741288106e-07,0.0010688036266527066,1.0033368891564502e-06,15,0,0.0,0.5308743635589362,1.0,0.4691256364410637,1.0,0.99999
Kh 4h 6h Qc Ac,2s Kd,0,1,3,0.0010637240212944875,9.992425741288106e-07,0.0010677209374925626,1.0033368891564502e-06,15,0,0.0,0.5308743635589362,1.0,0.4691256364410637,1.0,0.99999
Kh 4h 6h Qc Ac,2s Ks,0,1,3,9.998410252769808e-07,9.992425741288106e-07,1.0035979027277375e-06,1.002176312347302e-06,15,0,0.0,0.5308743635589362,1.0,0.4691256364410637,1.0,0.99999
Kh 4h 6h Qc Ac,2s Ad,0,1,3,0.0010637240212944875,0.0030177586879034965,0.0010263551954320517,0.003025895501462058,14,8,0.0,1e-05,1.0,0.99999,1.0,0.99999
Kh 4h 6h Qc Ac,2s Ah,0,1,3,0.0010637240212944875,0.0030177586879034965,0.0010332107442224095,0.003025010623279636,14,8,0.0,1e-05,1.0,0.99999,1.0,0.99999
Kh 4h 6h Qc Ac,2s As,0,1,3,0.0010637240212944875,0.007861673807704765,0.0010319864853583767,0.007882871319052444,14,8,0.0,1e-05,1.0,0.99999,1.0,0.99999
Kh 4h 6h Qc Ac,3c 3d,0,1,3,9.998410252769808e-07,0.008648879617791327,9.887350069567018e-07,0.00863787427779702,3,2,1.0,0.9999386731163625,0.0,6.132688363751407e-05,0.36593437400235274,0.421263202038205
Kh 4h 6h Qc Ac,3c 3h,0,1,3,9.998410252769808e-07,0.008648879617791327,9.863974141732487e-07,0.008627828980119151,3,2,1.0,0.9999386731163625,0.0,6.132688363751407e-05,0.6384223221346575,0.421263202038205
Kh 4h 6h Qc Ac,3c 3s,0,1,3,9.998410252769808e-07,0.008648879617791327,9.887350069567018e-07,0.00863787427779702,3,2,1.0,0.9999386731163625,0.0,6.132688363751407e-05,0.4279222617894218,0.421263202038205
Kh 4h 6h Qc Ac,3c 4c,0,1,3,0.0010637240212944875,9.992425741288106e-07,0.0010648945849784045,1.0049305417595108e-06,3,14,1.0,0.9999386731163625,0.0,6.132688363751407e-05,1.0,0.0009125883486175955
Kh 4h 6h Qc Ac,3c 4d,0,1,3,0.0010637240212944875,9.992425741288106e-07,0.0010598336642326706,1.005223543302788e-06,3,14,1.0,0.9999386731163625,0.0,6.132688363751407e-05,1.0,0.0009125883486175955
Kh 4h 6h Qc Ac,3c 4s,0,1,3,0.0010637240212944875,9.992425741288106e-07,0.0010598336642326706,1.005223543302788e-06,3,14,1.0,0.9999386731163625,0.0,6.132688363751407e-05,1.0,0.0009125883486175955
Kh 4h 6h Qc Ac,3c 5c,0,1,3,0.0010637240212944875,9.992425741288106e-07,0.0010960557759602013,1.001314193263223e-06,15,1,1.0,0.5308743635589362,0.0,0.4691256364410637,0.0,0.5255925387794849
Kh 4h 6h Qc Ac,3c 5d,0,1,3,0.0010637240212944875,9.992425741288106e-07,0.0010913890694218022,1.0024747700723712e-06,15,1,1.0,0.5308743635589362,0.0,0.4691256364410637,0.0,0.5255925387794849
Kh 4h 6h Qc Ac,3c 5h,0,1,3,0.0010637240212944875,9.992425741288106e-07,0.0010955418830634388,1.0047959236906677e-06,15,1,0.0,0.5308743635589362,1.0,0.4691256364410637,0.0,0.5255925387794849
Kh 4h 6h Qc Ac,3c 5s,0,1,3,0.0010637240212944875,9.992425741288106e-07,0.0010913890694218024,1.002474770072371e-06,15,1,1.0,0.5308743635589362,0.0,0.4691256364410637,0.0,0.5255925387794849
Kh 4h 6h Qc Ac,3c 6c,0,1,3,0.0010637240212944875,9.992425741288106e-07,0.0010396726920172956,9.928270150000105e-07,3,10,1.0,0.9999386731163625,0.0,6.132688363751407e-05,1.0,0.99999
Kh 4h 6h Qc Ac,3c 6d,0,1,3,0.0010637240212944875,9.992425741288106e-07,0.0010396726920172956,9.926941763839502e-07,3,10,1.0,0.9999386731163625,0.0,6.132688363751407e-05,1.0,0.99999
Kh 4h 6h Qc Ac,3c 6s,0,1,3,0.0010637240212944875,9.992425741288106e-07,0.0010396726920172956,9.926941763839502e-07,3,10,1.0,0.9999386731163625,0.0,6.132688363751407e-05,1.0,0.99999
Kh 4h 6h Qc Ac,3c 7c,0,1,3,0.0010637240212944875,9.992425741288106e-07,0.0010434818791007494,9.97971079466942e-07,5,1,1.0,0.7095180472568701,0.0,0.29048195274313,0.0,0.5255925387794849
Kh 4h 6h Qc Ac,3c 7d,0,1,3,0.0010637240212944875,9.992425741288106e-07,0.0010522902021420396,9.97971079466942e-07,5,1,1.0,0.7095180472568701,0.0,0.29048195274313,0.0,0.5255925387794849
Kh 4h 6h Qc Ac,3c 7h,0,1,3,0.0010637240212944875,9.992425741288106e-07,0.001051491218289585,9.968105026577936e-07,5,1,1.0,0.7095180472568701,0.0,0.29048195274313,0.0,0.5255925387794849
Kh 4h 6h Qc Ac,3c 7s,0,1,3,0.0010637240212944875,9.992425741288106e-07,0.0010522902021420396,9.97971079466942e-07,5,1,1.0,0.7095180472568701,0.0,0.29048195274313,0.0,0.5255925387794849
Kh 4h 6h Qc Ac,3c 8c,0,1,3,0.0010637240212944875,0.006566869800972732,0.0010686232940030865,0.00656522989840169,11,1,1.0,0.8550293018917648,0.0,0.1449706981082352,0.0,0.5255925387794849
Kh 4h 6h Qc Ac,3c 8d,0,1,3,0.0010637240212944875,9.992425741288106e-07,0.0010563969310679107,9.989930396449266e-07,11,1,1.0,0.8550293018917648,0.0,0.1449706981082352,0.0,0.5255925387794849
Kh 4h 6h Qc Ac,3c 8h,0,1,3,0.0010637240212944875,9.992425741288106e-07,0.001067118964927977,9.978324628357782e-07,11,1,1.0,0.8550293018917648,0.0,0.1449706981082352,0.0,0.5255925387794849
Kh 4h 6h Qc Ac,3c 8s,0,1,3,0.0010637240212944875,9.992425741288106e-07,0.0010563969310679105,9.989930396449266e-07,11,1,1.0,0.8550293018917648,0.0,0.1449706981082352,0.0,0.5255925387794849
Kh 4h 6h Qc Ac,3c 9c,0,1,3,0.0010637240212944875,0.0026259746512213677,0.0010613844106234257,0.0026498448661492484,12,9,1.0,0.9999339325891439,0.0,6.606741085611172e-05,1.0,0.9282345585301963
Kh 4h 6h Qc Ac,3c 9d,0,1,3,0.0010637240212944875,9.992425741288106e-07,0.0010483996902671943,1.008325729215026e-06,12,9,1.0,0.9999339325891439,0.0,6.606741085611172e-05,1.0,0.9282345585301963
Kh 4h 6h Qc Ac,3c 9h,0,1,3,0.0010637240212944875,9.992425741288106e-07,0.0010537577847731087,1.008325729215026e-06,12,9,1.0,0.9999339325891439,0.0,6.606741085611172e-05,1.0,0.9282345585301963
Kh 4h 6h Qc Ac,3c 9s,0,1,3,0.0010637240212944875,9.992425741288106e-07,0.0010483996902671943,1.008325729215026e-06,12,9,1.0,0.9999339325891439,0.0,6.606741085611172e-05,1.0,0.9282345585301963
Kh 4h 6h Qc Ac,3c Tc,0,1,3,9.998410252769808e-07,0.0025607665773327735,9.863707361594558e-07,0.0025559847625070105,6,11,1.0,0.9999176006029368,0.0,8.239939706325524e-05,1.0,0.11652322995435994
Kh 4h 6h Qc Ac,3c Td,0,1,3,0.0010637240212944875,9.992425741288106e-07,0.0010502220420950173,9.97376651245475e-07,6,11,1.0,0.9999176006029368,0.0,8.239939706325524e-05,1.0,0.11652322995435994
Kh 4h 6h Qc Ac,3c Th,0,1,3,0.0010637240212944875,9.992425741288106e-07,0.0010473777762718137,9.970771422485972e-07,6,11,1.0,0.9999176006029368,0.0,8.239939706325524e-05,1.0,0.11652322995435994
Kh 4h 6h Qc Ac,3c Ts,0,1,3,0.0010637240212944875,9.992425741288106e-07,0.0010502220420950173,9.973766512454749e-07,6,11,1.0,0.9999176006029368,0.0,8.239939706325524e-05,1.0,0.11652322995435994
Kh 4h 6h Qc Ac,3c Jc,0,1,3,0.0010637240212944875,9.992425741288106e-07,0.0010641429496539528,9.91321060916137e-07,13,2,1.0,0.9999117191871583,0.0,8.828081284170859e-05,1.0,0.421263202038205
Kh 4h 6h Qc Ac,3c Jd,0,1,3,0.0010637240212944875,9.992425741288106e-07,0.0010582813022935113,9.943114516391707e-07,13,2,1.0,0.9999117191871583,0.0,8.828081284170859e-05,1.0,0.421263202038205
Kh 4h 6h Qc Ac,3c Jh,0,1,3,0.0010637240212944875,9.992425741288106e-07,0.0010622879930595557,9.931508748300226e-07,13,2,1.0,0.9999117191871583,0.0,8.828081284170859e-05,1.0,0.421263202038205
Kh 4h 6h Qc Ac,3c Js,0,1,3,0.0010637240212944875,9.992425741288106e-07,0.0010582813022935113,9.943114516391707e-07,13,2,1.0,0.9999117191871583,0.0,8.828081284170859e-05,1.0,0.421263202038205
Kh 4h 6h Qc Ac,3c Qd,0,1,3,0.0010637240212944875,0.0013889889926451315,0.0010546212151520645,0.0013800879155233567,12,12,1.0,0.9999339325891439,0.0,6.606741085611172e-05,1.0,0.99999
Kh 4h 6h Qc Ac,3c Qh,0,1,3,0.0010637240212944875,0.0013889889926451315,0.0010539092762675843,0.0013802725667584855,12,12,1.0,0.9999339325891439,0.0,6.606741085611172e-05,1.0,0.99999
Kh 4h 6h Qc Ac,3c Qs,0,1,3,0.0010637240212944875,0.0013889889926451315,0.0010546212151520645,0.0013800879155233567,12,12,1.0,0.9999339325891439,0.0,6.606741085611172e-05,1.0,0.99999
Kh 4h 6h Qc Ac,3c Kc,0,1,3,9.998410252769808e-07,9.992425741288106e-07,9.794745478995625e-07,9.987851234541073e-07,5,0,1.0,0.7095180472568701,0.0,0.29048195274313,1.0,0.99999
Kh 4h 6h Qc Ac,3c Kd,0,1,3,0.0010637240212944875,0.0021402195307136693,0.001043460525251135,0.0021417255156711617,5,0,1.0,0.7095180472568701,0.0,0.29048195274313,1.0,0.99999
Kh 4h 6h Qc Ac,3c Ks,0,1,3,0.0010637240212944875,0.0021402195307136693,0.001043460525251135,0.002141725515671162,5,0,1.0,0.7095180472568701,0.0,0.29048195274313,1.0,0.99999
Kh 4h 6h Qc Ac,3c Ad,0,1,3,0.0010637240212944875,0.0018594257885262676,0.0009982612151806327,0.001858128933487685,4,8,0.0,1e-05,1.0,0.99999,1.0,0.99999
Kh 4h 6h Qc Ac,3c Ah,0,1,3,0.0010637240212944875,0.0018594257885262676,0.0010051167639709905,0.0018575837058925511,4,8,0.0,1e-05,1.0,0.99999,1.0,0.99999
Kh 4h 6h Qc Ac,3c As,0,1,3,0.0010637240212944875,0.0018594257885262676,0.0009982612151806327,0.0018581289334876848,4,8,0.0,1e-05,1.0,0.99999,1.0,0.99999
Kh 4h 6h Qc Ac,3d 3h,0,1,3,9.998410252769808e-07,0.008648879617791327,9.860652715715087e-07,0.00863787427779702,3,2,1.0,0.9999386731163625,0.0,6.132688363751407e-05,0.06198788778706901,0.421263202038205
Kh 4h 6h Qc Ac,3d 3s,0,1,3,9.998410252769808e-07,0.008648879617791327,9.884028643549618e-07,0.008647919575474889,3,2,1.0,0.9999386731163625,0.0,6.132688363751407e-05,1.0,0.421263202038205
Kh 4h 6h Qc Ac,3d 4c,0,1,3,0.0010637240212944875,9.992425741288106e-07,0.0010645412207384562,1.0060911185686591e-06,3,14,1.0,0.9999386731163625,0.0,6.132688363751407e-05,1.0,0.0009125883486175955
Kh 4h 6h Qc Ac,3d 4d,0,1,3,0.0010637240212944875,9.992425741288106e-07,0.0010594802999927223,1.0063841201119363e-06,3,14,1.0,0.9999386731163625,0.0,6.132688363751407e-05,1.0,0.0009125883486175955
Kh 4h 6h Qc Ac,3d 4s,0,1,3,0.0010637240212944875,9.992425741288106e-07,0.0010594802999927223,1.0063841201119363e-06,3,14,1.0,0.9999386731163625,0.0,6.132688363751407e-05,1.0,0.0009125883486175955
Kh 4h 6h Qc Ac,3d 5c,0,1,3,0.0010637240212944875,9.992425741288106e-07,0.0010957024117202532,1.0024747700723712e-06,5,1,1.0,0.7095180472568701,0.0,0.29048195274313,0.0,0.5255925387794849
Kh 4h 6h Qc Ac,3d 5d,0,1,3,0.0010637240212944875,9.992425741288106e-07,0.001091035705181854,1.0036353468815194e-06,15,1,1.0,0.5308743635589362,0.0,0.4691256364410637,0.0,0.5255925387794849
Kh 4h 6h Qc Ac,3d 5h,0,1,3,0.0010637240212944875,9.992425741288106e-07,0.0010951885188234907,1.0059565004998159e-06,15,1,0.0,0.5308743635589362,1.0,0.4691256364410637,0.0,0.5255925387794849
Kh 4h 6h Qc Ac,3d 5s,0,1,3,0.0010637240212944875,9.992425741288106e-07,0.001091035705181854,1.0036353468815194e-06,15,1,1.0,0.5308743635589362,0.0,0.4691256364410637,0.0,0.5255925387794849
Kh 4h 6h Qc Ac,3d 6c,0,1,3,0.0010637240212944875,9.992425741288106e-07,0.0010393193277773473,9.939875918091584e-07,3,10,1.0,0.9999386731163625,0.0,6.132688363751407e-05,1.0,0.99999
Kh 4h 6h Qc Ac,3d 6d,0,1,3,0.0010637240212944875,9.992425741288106e-07,0.0010393193277773473,9.938547531930981e-07,3,10,1.0,0.9999386731163625,0.0,6.132688363751407e-05,1.0,0.99999
Kh 4h 6h Qc Ac,3d 6s,0,1,3,0.0010637240212944875,9.992425741288106e-07,0.0010393193277773473,9.938547531930981e-07,3,10,1.0,0.9999386731163625,0.0,6.132688363751407e-05,1.0,0.99999
Kh 4h 6h Qc Ac,3d 7c,0,1,3,0.0010637240212944875,9.992425741288106e-07,0.001043128514860801,9.991316562760901e-07,5,1,1.0,0.7095180472568701,0.0,0.29048195274313,0.0,0.5255925387794849
Kh 4h 6h Qc Ac,3d 7d,0,1,3,0.0010637240212944875,9.992425741288106e-07,0.0010519368379020913,9.991316562760901e-07,5,1,1.0,0.7095180472568701,0.0,0.29048195274313,0.0,0.5255925387794849
Kh 4h 6h Qc Ac,3d 7h,0,1,3,0.0010637240212944875,9.992425741288106e-07,0.0010511378540496367,9.97971079466942e-07,5,1,1.0,0.7095180472568701,0.0,0.29048195274313,0.0,0.5255925387794849
Kh 4h 6h Qc Ac,3d 7s,0,1,3,0.0010637240212944875,9.992425741288106e-07,0.0010519368379020913,9.991316562760901e-07,5,1,1.0,0.7095180472568701,0.0,0.29048195274313,0.0,0.5255925387794849
Kh 4h 6h Qc Ac,3d 8c,0,1,3,0.0010637240212944875,9.992425741288106e-07,0.001060636781820079,1.0001536164540747e-06,11,1,1.0,0.8550293018917648,0.0,0.1449706981082352,0.0,0.5255925387794849
Kh 4h 6h Qc Ac,3d 8d,0,1,3,0.0010637240212944875,0.006566869800972732,0.0010636767147710218,0.00657285703218985,11,1,1.0,0.8550293018917648,0.0,0.1449706981082352,0.0,0.5255925387794849
Kh 4h 6h Qc Ac,3d 8h,0,1,3,0.0010637240212944875,9.992425741288106e-07,0.001066765600688029,9.989930396449266e-07,11,1,1.0,0.8550293018917648,0.0,0.1449706981082352,0.0,0.5255925387794849
Kh 4h 6h Qc Ac,3d 8s,0,1,3,0.0010637240212944875,9.992425741288106e-07,0.0010560435668279624,1.0001536164540747e-06,11,1,1.0,0.8550293018917648,0.0,0.1449706981082352,0.0,0.5255925387794849
Kh 4h 6h Qc Ac,3d 9c,0,1,3,0.0010637240212944875,9.992425741288106e-07,0.0010579793831709784,1.0094863060241742e-06,12,9,1.0,0.9999339325891439,0.0,6.606741085611172e-05,1.0,0.9282345585301963
Kh 4h 6h Qc Ac,3d 9d,0,1,3,0.0010637240212944875,0.0026259746512213677,0.0010510979892397452,0.002652894821545991,12,9,1.0,0.9999339325891439,0.0,6.606741085611172e-05,1.0,0.9282345585301963
Kh 4h 6h Qc Ac,3d 9h,0,1,3,0.0010637240212944875,9.992425741288106e-07,0.0010534044205331604,1.0094863060241742e-06,12,9,1.0,0.9999339325891439,0.0,6.606741085611172e-05,1.0,0.9282345585301963
Kh 4h 6h Qc Ac,3d 9s,0,1,3,0.0010637240212944875,9.992425741288106e-07,0.001048046326027246,1.0094863060241742e-06,12,9,1.0,0.9999339325891439,0.0,6.606741085611172e-05,1.0,0.9282345585301963
Kh 4h 6h Qc Ac,3d Tc,0,1,3,0.0010637240212944875,9.992425741288106e-07,0.0010460638530732872,9.996978048637714e-07,6,11,1.0,0.9999176006029368,0.0,8.239939706325524e-05,1.0,0.11652322995435994
Kh 4h 6h Qc Ac,3d Td,0,1,3,9.998410252769808e-07,0.0025607665773327735,9.896149158317832e-07,0.0025559847625070105,6,11,1.0,0.9999176006029368,0.0,8.239939706325524e-05,1.0,0.11652322995435994
Kh 4h 6h Qc Ac,3d Th,0,1,3,0.0010637240212944875,9.992425741288106e-07,0.0010470244120318654,9.982377190577454e-07,6,11,1.0,0.9999176006029368,0.0,8.239939706325524e-05,1.0,0.11652322995435994
Kh 4h 6h Qc Ac,3d Ts,0,1,3,0.0010637240212944875,9.992425741288106e-07,0.0010498686778550692,9.985372280546232e-07,6,11,1.0,0.9999176006029368,0.0,8.239939706325524e-05,1.0,0.11652322995435994
Kh 4h 6h Qc Ac,3d Jc,0,1,3,0.0010637240212944875,9.992425741288106e-07,0.0010637895854140045,9.924816377252853e-07,13,2,1.0,0.9999117191871583,0.0,8.828081284170859e-05,1.0,0.421263202038205
Kh 4h 6h Qc Ac,3d Jd,0,1,3,0.0010637240212944875,9.992425741288106e-07,0.001057927938053563,9.954720284483189e-07,13,2,1.0,0.9999117191871583,0.0,8.828081284170859e-05,1.0,0.421263202038205
Kh 4h 6h Qc Ac,3d Jh,0,1,3,0.0010637240212944875,9.992425741288106e-07,0.0010619346288196076,9.943114516391707e-07,13,2,1.0,0.9999117191871583,0.0,8.828081284170859e-05,1.0,0.421263202038205
Kh 4h 6h Qc Ac,3d Js,0,1,3,0.0010637240212944875,9.992425741288106e-07,0.001057927938053563,9.954720284483189e-07,13,2,1.0,0.9999117191871583,0.0,8.828081284170859e-05,1.0,0.421263202038205
Kh 4h 6h Qc Ac,3d Qd,0,1,3,0.0010637240212944875,0.0035513718979885184,0.0010567817275533358,0.003532738357045601,12,12,1.0,0.9999339325891439,0.0,6.606741085611172e-05,1.0,0.99999
Kh 4h 6h Qc Ac,3d Qh,0,1,3,0.0010637240212944875,0.0013889889926451315,0.0010535559120276362,0.0013818858170890486,12,12,1.0,0.9999339325891439,0.0,6.606741085611172e-05,1.0,0.99999
Kh 4h 6h Qc Ac,3d Qs,0,1,3,0.0010637240212944875,0.0013889889926451315,0.0010542678509121162,0.00138170116585392,12,12,1.0,0.9999339325891439,0.0,6.606741085611172e-05,1.0,0.99999
Kh 4h 6h Qc Ac,3d Kc,0,1,3,0.0010637240212944875,0.0021402195307136693,0.001044189850171331,0.002144211287612973,11,0,1.0,0.8550293018917648,0.0,0.1449706981082352,1.0,0.99999
Kh 4h 6h Qc Ac,3d Kd,0,1,3,9.998410252769808e-07,9.992425741288106e-07,9.781247381038288e-07,9.999457002632554e-07,11,0,1.0,0.8550293018917648,0.0,0.1449706981082352,1.0,0.99999
Kh 4h 6h Qc Ac,3d Ks,0,1,3,0.0010637240212944875,0.0021402195307136693,0.0010431071610111867,0.002144211287612974,11,0,1.0,0.8550293018917648,0.0,0.1449706981082352,1.0,0.99999
Kh 4h 6h Qc Ac,3d Ad,0,1,3,9.998410252769808e-07,9.992425741288106e-07,9.359467492992218e-07,9.985456531895357e-07,4,8,0.0,1e-05,1.0,0.99999,1.0,0.99999
Kh 4h 6h Qc Ac,3d Ah,0,1,3,0.0010637240212944875,0.0018594257885262676,0.0010047633997310422,0.001859743348109935,4,8,0.0,1e-05,1.0,0.99999,1.0,0.99999
Kh 4h 6h Qc Ac,3d As,0,1,3,0.0010637240212944875,0.0018594257885262676,0.0009979078509406844,0.0018602885757050688,4,8,0.0,1e-05,1.0,0.99999,1.0,0.99999
Kh 4h 6h Qc Ac,3h 3s,0,1,3,9.998410252769808e-07,0.008648879617791327,9.860652715715087e-07,0.00863787427779702,3,2,1.0,0.9999386731163625,0.0,6.132688363751407e-05,0.0,0.421263202038205
Kh 4h 6h Qc Ac,3h 4c,0,1,3,0.0010637240212944875,9.992425741288106e-07,0.0010620542717806709,1.0049305417595108e-06,3,7,1.0,0.9999386731163625,0.0,6.132688363751407e-05,1.0,0.9999749311172953
Kh 4h 6h Qc Ac,3h 4d,0,1,3,0.0010637240212944875,9.992425741288106e-07,0.001056993351034937,1.005223543302788e-06,3,7,1.0,0.9999386731163625,0.0,6.132688363751407e-05,1.0,0.9999749311172953
Kh 4h 6h Qc Ac,3h 4s,0,1,3,0.0010637240212944875,9.992425741288106e-07,0.001056993351034937,1.005223543302788e-06,3,7,1.0,0.9999386731163625,0.0,6.132688363751407e-05,1.0,0.9999749311172953
Kh 4h 6h Qc Ac,3h 5c,0,1,3,0.0010637240212944875,9.992425741288106e-07,0.001093215462762468,1.001314193263223e-06,15,1,0.0,0.5308743635589362,1.0,0.4691256364410637,0.0,0.5255925387794849
Kh 4h 6h Qc Ac,3h 5d,0,1,3,0.0010637240212944875,9.992425741288106e-07,0.0010885487562240686,1.0024747700723712e-06,15,1,1.0,0.5308743635589362,0.0,0.4691256364410637,0.0,0.5255925387794849
Kh 4h 6h Qc Ac,3h 5h,0,1,3,0.0010637240212944875,9.992425741288106e-07,0.0010927015698657051,1.0047959236906677e-06,1,4,0.0,1e-05,1.0,0.99999,1.0,0.99999
Kh 4h 6h Qc Ac,3h 5s,0,1,3,0.0010637240212944875,9.992425741288106e-07,0.0010885487562240686,1.002474770072371e-06,15,1,1.0,0.5308743635589362,0.0,0.4691256364410637,0.0,0.5255925387794849
Kh 4h 6h Qc Ac,3h 6c,0,1,3,0.0010637240212944875,9.992425741288106e-07,0.001036832378819562,9.928270150000105e-07,3,10,1.0,0.9999386731163625,0.0,6.132688363751407e-05,1.0,0.99999
Kh 4h 6h Qc Ac,3h 6d,0,1,3,0.0010637240212944875,9.992425741288106e-07,0.001036832378819562,9.926941763839502e-07,3,10,1.0,0.9999386731163625,0.0,6.132688363751407e-05,1.0,0.99999
Kh 4h 6h Qc Ac,3h 6s,0,1,3,0.0010637240212944875,9.992425741288106e-07,0.001036832378819562,9.926941763839502e-07,3,10,1.0,0.9999386731163625,0.0,6.132688363751407e-05,1.0,0.99999
Kh 4h 6h Qc Ac,3h 7c,0,1,3,0.0010637240212944875,9.992425741288106e-07,0.0010406415659030158,9.97971079466942e-07,5,1,1.0,0.7095180472568701,0.0,0.29048195274313,0.0,0.5255925387794849
Kh 4h 6h Qc Ac,3h 7d,0,1,3,0.0010637240212944875,9.992425741288106e-07,0.001049449888944306,9.97971079466942e-07,5,1,1.0,0.7095180472568701,0.0,0.29048195274313,0.0,0.5255925387794849
Kh 4h 6h Qc Ac,3h 7h,0,1,3,0.0010637240212944875,9.992425741288106e-07,0.0010486509050918514,9.968105026577936e-07,1,4,0.0,1e-05,1.0,0.99999,1.0,0.99999
Kh 4h 6h Qc Ac,3h 7s,0,1,3,0.0010637240212944875,9.992425741288106e-07,0.001049449888944306,9.97971079466942e-07,5,1,1.0,0.7095180472568701,0.0,0.29048195274313,0.0,0.5255925387794849
Kh 4h 6h Qc Ac,3h 8c,0,1,3,0.0010637240212944875,9.992425741288106e-07,0.0010581498328622937,9.989930396449266e-07,11,1,1.0,0.8550293018917648,0.0,0.1449706981082352,0.0,0.5255925387794849
Kh 4h 6h Qc Ac,3h 8d,0,1,3,0.0010637240212944875,9.992425741288106e-07,0.001053556617870177,9.989930396449266e-07,11,1,1.0,0.8550293018917648,0.0,0.1449706981082352,0.0,0.5255925387794849
Kh 4h 6h Qc Ac,3h 8h,0,1,3,0.0010637240212944875,0.006566869800972732,0.0010719117996733029,0.006557602764613531,1,4,0.0,1e-05,1.0,0.99999,1.0,0.99999
Kh 4h 6h Qc Ac,3h 8s,0,1,3,0.0010637240212944875,9.992425741288106e-07,0.001053556617870177,9.989930396449266e-07,11,1,1.0,0.8550293018917648,0.0,0.1449706981082352,0.0,0.5255925387794849
Kh 4h 6h Qc Ac,3h 9c,0,1,3,0.0010637240212944875,9.992425741288106e-07,0.001055492434213193,1.008325729215026e-06,12,9,1.0,0.9999339325891439,0.0,6.606741085611172e-05,1.0,0.9282345585301963
Kh 4h 6h Qc Ac,3h 9d,0,1,3,0.0010637240212944875,9.992425741288106e-07,0.0010455593770694604,1.008325729215026e-06,12,9,1.0,0.9999339325891439,0.0,6.606741085611172e-05,1.0,0.9282345585301963
Kh 4h 6h Qc Ac,3h 9h,0,1,3,0.0010637240212944875,0.0026259746512213677,0.001053969134787874,0.002649844866149249,1,4,0.0,1e-05,1.0,0.99999,1.0,0.99999
Kh 4h 6h Qc Ac,3h 9s,0,1,3,0.0010637240212944875,9.992425741288106e-07,0.0010455593770694604,1.008325729215026e-06,12,9,1.0,0.9999339325891439,0.0,6.606741085611172e-05,1.0,0.9282345585301963
Kh 4h 6h Qc Ac,3h Tc,0,1,3,0.0010637240212944875,9.992425741288106e-07,0.0010435769041155017,9.985372280546232e-07,6,11,1.0,0.9999176006029368,0.0,8.239939706325524e-05,1.0,0.11652322995435994
Kh 4h 6h Qc Ac,3h Td,0,1,3,0.0010637240212944875,9.992425741288106e-07,0.0010473817288972837,9.97376651245475e-07,6,11,1.0,0.9999176006029368,0.0,8.239939706325524e-05,1.0,0.11652322995435994
Kh 4h 6h Qc Ac,3h Th,0,1,3,9.998410252769808e-07,0.0025607665773327735,9.846038724164911e-07,0.00255224298945919,1,4,0.0,1e-05,1.0,0.99999,1.0,0.99999
Kh 4h 6h Qc Ac,3h Ts,0,1,3,0.0010637240212944875,9.992425741288106e-07,0.0010473817288972837,9.973766512454749e-07,6,11,1.0,0.9999176006029368,0.0,8.239939706325524e-05,1.0,0.11652322995435994
Kh 4h 6h Qc Ac,3h Jc,0,1,3,0.0010637240212944875,9.992425741288106e-07,0.001061302636456219,9.91321060916137e-07,13,2,1.0,0.9999117191871583,0.0,8.828081284170859e-05,1.0,0.421263202038205
Kh 4h 6h Qc Ac,3h Jd,0,1,3,0.0010637240212944875,9.992425741288106e-07,0.0010554409890957777,9.943114516391707e-07,13,2,1.0,0.9999117191871583,0.0,8.828081284170859e-05,1.0,0.421263202038205
Kh 4h 6h Qc Ac,3h Jh,0,1,3,0.0010637240212944875,9.992425741288106e-07,0.001059447679861822,9.931508748300226e-07,1,4,0.0,1e-05,1.0,0.99999,1.0,0.99999
Kh 4h 6h Qc Ac,3h Js,0,1,3,0.0010637240212944875,9.992425741288106e-07,0.0010554409890957777,9.943114516391707e-07,13,2,1.0,0.9999117191871583,0.0,8.828081284170859e-05,1.0,0.421263202038205
Kh 4h 6h Qc Ac,3h Qd,0,1,3,0.0010637240212944875,0.0013889889926451315,0.0010517809019543309,0.0013800879155233567,12,12,1.0,0.9999339325891439,0.0,6.606741085611172e-05,1.0,0.99999
Kh 4h 6h Qc Ac,3h Qh,0,1,3,0.0010637240212944875,0.0035513718979885184,0.0010535828397110702,0.0035290857098987313,1,4,0.0,1e-05,1.0,0.99999,1.0,0.99999
Kh 4h 6h Qc Ac,3h Qs,0,1,3,0.0010637240212944875,0.0013889889926451315,0.0010517809019543309,0.0013800879155233567,12,12,1.0,0.9999339325891439,0.0,6.606741085611172e-05,1.0,0.99999
Kh 4h 6h Qc Ac,3h Kc,0,1,3,0.0010637240212944875,0.0021402195307136693,0.0010417029012135454,0.0021417255156711617,5,0,0.0,0.7095180472568701,1.0,0.29048195274313,1.0,0.99999
Kh 4h 6h Qc Ac,3h Kd,0,1,3,0.0010637240212944875,0.0021402195307136693,0.0010406202120534017,0.0021417255156711617,5,0,0.0,0.7095180472568701,1.0,0.29048195274313,1.0,0.99999
Kh 4h 6h Qc Ac,3h Ks,0,1,3,0.0010637240212944875,0.0021402195307136693,0.0010406202120534014,0.002141725515671162,5,0,0.0,0.7095180472568701,1.0,0.29048195274313,1.0,0.99999
Kh 4h 6h Qc Ac,3h Ad,0,1,3,0.0010637240212944875,0.0018594257885262676,0.0009954209019828989,0.001858128933487685,14,8,0.0,1e-05,1.0,0.99999,1.0,0.99999
Kh 4h 6h Qc Ac,3h Ah,0,1,3,9.998410252769808e-07,9.992425741288106e-07,9.400529885569464e-07,9.970920748371104e-07,1,4,0.0,1e-05,1.0,0.99999,1.0,0.99999
Kh 4h 6h Qc Ac,3h As,0,1,3,0.0010637240212944875,0.0018594257885262676,0.0009954209019828989,0.0018581289334876848,14,8,0.0,1e-05,1.0,0.99999,1.0,0.99999
Kh 4h 6h Qc Ac,3s 4c,0,1,3,0.0010637240212944875,9.992425741288106e-07,0.0010645412207384562,1.0060911185686591e-06,3,14,1.0,0.9999386731163625,0.0,6.132688363751407e-05,1.0,0.0009125883486175955
Kh 4h 6h Qc Ac,3s 4d,0,1,3,0.0010637240212944875,9.992425741288106e-07,0.0010594802999927223,1.0063841201119363e-06,3,14,1.0,0.9999386731163625,0.0,6.132688363751407e-05,1.0,0.0009125883486175955
Kh 4h 6h Qc Ac,3s 4s,0,1,3,0.0010637240212944875,9.992425741288106e-07,0.0010594802999927223,1.0063841201119363e-06,3,14,1.0,0.9999386731163625,0.0,6.132688363751407e-05,1.0,0.0009125883486175955
Kh 4h 6h Qc Ac,3s 5c,0,1,3,0.0010637240212944875,9.992425741288106e-07,0.0010957024117202532,1.0024747700723712e-06,15,1,0.8681700697842922,0.5308743635589362,0.1318299302157077,0.4691256364410637,0.0,0.5255925387794849
Kh 4h 6h Qc Ac,3s 5d,0,1,3,0.0010637240212944875,9.992425741288106e-07,0.001091035705181854,1.0036353468815194e-06,15,1,1.0,0.5308743635589362,0.0,0.4691256364410637,0.0,0.5255925387794849
Kh 4h 6h Qc Ac,3s 5h,0,1,3,0.0010637240212944875,9.992425741288106e-07,0.0010951885188234907,1.0059565004998159e-06,15,1,0.0,0.5308743635589362,1.0,0.4691256364410637,0.0,0.5255925387794849
Kh 4h 6h Qc Ac,3s 5s,0,1,3,0.0010637240212944875,9.992425741288106e-07,0.001091035705181854,1.0036353468815194e-06,15,1,1.0,0.5308743635589362,0.0,0.4691256364410637,0.0,0.5255925387794849
Kh 4h 6h Qc Ac,3s 6c,0,1,3,0.0010637240212944875,9.992425741288106e-07,0.0010393193277773473,9.939875918091584e-07,3,10,1.0,0.9999386731163625,0.0,6.132688363751407e-05,1.0,0.99999
Kh 4h 6h Qc Ac,3s 6d,0,1,3,0.0010637240212944875,9.992425741288106e-07,0.0010393193277773473,9.938547531930981e-07,3,10,1.0,0.9999386731163625,0.0,6.132688363751407e-05,1.0,0.99999
Kh 4h 6h Qc Ac,3s 6s,0,1,3,0.0010637240212944875,9.992425741288106e-07,0.0010393193277773473,9.938547531930981e-07,3,10,1.0,0.9999386731163625,0.0,6.132688363751407e-05,1.0,0.99999
Kh 4h 6h Qc Ac,3s 7c,0,1,3,0.0010637240212944875,9.992425741288106e-07,0.001043128514860801,9.991316562760901e-07,5,1,1.0,0.7095180472568701,0.0,0.29048195274313,0.0,0.5255925387794849
Kh 4h 6h Qc Ac,3s 7d,0,1,3,0.0010637240212944875,9.992425741288106e-07,0.0010519368379020913,9.991316562760901e-07,5,1,1.0,0.7095180472568701,0.0,0.29048195274313,0.0,0.5255925387794849
Kh 4h 6h Qc Ac,3s 7h,0,1,3,0.0010637240212944875,9.992425741288106e-07,0.0010511378540496367,9.97971079466942e-07,5,1,1.0,0.7095180472568701,0.0,0.29048195274313,0.0,0.5255925387794849
Kh 4h 6h Qc Ac,3s 7s,0,1,3,0.0010637240212944875,9.992425741288106e-07,0.0010519368379020913,9.991316562760901e-07,5,1,1.0,0.7095180472568701,0.0,0.29048195274313,0.0,0.5255925387794849
Kh 4h 6h Qc Ac,3s 8c,0,1,3,0.0010637240212944875,9.992425741288106e-07,0.001060636781820079,1.0001536164540747e-06,11,1,1.0,0.8550293018917648,0.0,0.1449706981082352,0.0,0.5255925387794849
Kh 4h 6h Qc Ac,3s 8d,0,1,3,0.0010637240212944875,9.992425741288106e-07,0.0010560435668279626,1.0001536164540747e-06,11,1,1.0,0.8550293018917648,0.0,0.1449706981082352,0.0,0.5255925387794849
Kh 4h 6h Qc Ac,3s 8h,0,1,3,0.0010637240212944875,9.992425741288106e-07,0.001066765600688029,9.989930396449266e-07,11,1,1.0,0.8550293018917648,0.0,0.1449706981082352,0.0,0.5255925387794849
Kh 4h 6h Qc Ac,3s 8s,0,1,3,0.0010637240212944875,0.006566869800972732,0.0010636767147710218,0.00657285703218985,11,1,1.0,0.8550293018917648,0.0,0.1449706981082352,0.0,0.5255925387794849
Kh 4h 6h Qc Ac,3s 9c,0,1,3,0.0010637240212944875,9.992425741288106e-07,0.0010579793831709784,1.0094863060241742e-06,12,9,1.0,0.9999339325891439,0.0,6.606741085611172e-05,1.0,0.9282345585301963
Kh 4h 6h Qc Ac,3s 9d,0,1,3,0.0010637240212944875,9.992425741288106e-07,0.001048046326027246,1.0094863060241742e-06,12,9,1.0,0.9999339325891439,0.0,6.606741085611172e-05,1.0,0.9282345585301963
Kh 4h 6h Qc Ac,3s 9h,0,1,3,0.0010637240212944875,9.992425741288106e-07,0.0010534044205331604,1.0094863060241742e-06,12,9,1.0,0.9999339325891439,0.0,6.606741085611172e-05,1.0,0.9282345585301963
Kh 4h 6h Qc Ac,3s 9s,0,1,3,0.0010637240212944875,0.0026259746512213677,0.0010510979892397452,0.002652894821545991,12,9,1.0,0.9999339325891439,0.0,6.606741085611172e-05,1.0,0.9282345585301963
Kh 4h 6h Qc Ac,3s Tc,0,1,3,0.0010637240212944875,9.992425741288106e-07,0.0010460638530732872,9.996978048637714e-07,6,11,1.0,0.9999176006029368,0.0,8.239939706325524e-05,1.0,0.11652322995435994
Kh 4h 6h Qc Ac,3s Td,0,1,3,0.0010637240212944875,9.992425741288106e-07,0.0010498686778550692,9.985372280546232e-07,6,11,1.0,0.9999176006029368,0.0,8.239939706325524e-05,1.0,0.11652322995435994
Kh 4h 6h Qc Ac,3s Th,0,1,3,0.0010637240212944875,9.992425741288106e-07,0.0010470244120318654,9.982377190577454e-07,6,11,1.0,0.9999176006029368,0.0,8.239939706325524e-05,1.0,0.11652322995435994
Kh 4h 6h Qc Ac,3s Ts,0,1,3,9.998410252769808e-07,0.0025607665773327735,9.896149158317832e-07,0.0025559847625070105,6,11,1.0,0.9999176006029368,0.0,8.239939706325524e-05,1.0,0.11652322995435994
Kh 4h 6h Qc Ac,3s Jc,0,1,3,0.0010637240212944875,9.992425741288106e-07,0.0010637895854140045,9.924816377252853e-07,13,2,1.0,0.9999117191871583,0.0,8.828081284170859e-05,1.0,0.421263202038205
Kh 4h 6h Qc Ac,3s Jd,0,1,3,0.0010637240212944875,9.992425741288106e-07,0.001057927938053563,9.954720284483189e-07,13,2,1.0,0.9999117191871583,0.0,8.828081284170859e-05,1.0,0.421263202038205
Kh 4h 6h Qc Ac,3s Jh,0,1,3,0.0010637240212944875,9.992425741288106e-07,0.0010619346288196076,9.943114516391707e-07,13,2,1.0,0.9999117191871583,0.0,8.828081284170859e-05,1.0,0.421263202038205
Kh 4h 6h Qc Ac,3s Js,0,1,3,0.0010637240212944875,9.992425741288106e-07,0.001057927938053563,9.954720284483189e-07,13,2,1.0,0.9999117191871583,0.0,8.828081284170859e-05,1.0,0.421263202038205
Kh 4h 6h Qc Ac,3s Qd,0,1,3,0.0010637240212944875,0.0013889889926451315,0.0010542678509121164,0.00138170116585392,12,12,1.0,0.9999339325891439,0.0,6.606741085611172e-05,1.0,0.99999
Kh 4h 6h Qc Ac,3s Qh,0,1,3,0.0010637240212944875,0.0013889889926451315,0.0010535559120276362,0.0013818858170890486,12,12,1.0,0.9999339325891439,0.0,6.606741085611172e-05,1.0,0.99999
Kh 4h 6h Qc Ac,3s Qs,0,1,3,0.0010637240212944875,0.0035513718979885184,0.0010567817275533356,0.003532738357045601,12,12,1.0,0.9999339325891439,0.0,6.606741085611172e-05,1.0,0.99999
Kh 4h 6h Qc Ac,3s Kc,0,1,3,0.0010637240212944875,0.0021402195307136693,0.001044189850171331,0.002144211287612973,11,0,1.0,0.8550293018917648,0.0,0.1449706981082352,1.0,0.99999
Kh 4h 6h Qc Ac,3s Kd,0,1,3,0.0010637240212944875,0.0021402195307136693,0.0010431071610111867,0.002144211287612973,11,0,1.0,0.8550293018917648,0.0,0.1449706981082352,1.0,0.99999
Kh 4h 6h Qc Ac,3s Ks,0,1,3,9.998410252769808e-07,9.992425741288106e-07,9.781247381038288e-07,9.999457002632554e-07,11,0,1.0,0.8550293018917648,0.0,0.1449706981082352,1.0,0.99999
Kh 4h 6h Qc Ac,3s Ad,0,1,3,0.0010637240212944875,0.0018594257885262676,0.0009979078509406844,0.0018602885757050688,4,8,0.0,1e-05,1.0,0.99999,1.0,0.99999
Kh 4h 6h Qc Ac,3s Ah,0,1,3,0.0010637240212944875,0.0018594257885262676,0.0010047633997310422,0.0018597433481099348,4,8,0.0,1e-05,1.0,0.99999,1.0,0.99999
Kh 4h 6h Qc Ac,3s As,0,1,3,9.998410252769808e-07,9.992425741288106e-07,9.359467492992218e-07,9.985456531895357e-07,4,8,0.0,1e-05,1.0,0.99999,1.0,0.99999
Kh 4h 6h Qc Ac,4c 4d,0,1,3,0.0010637240212944875,9.992425741288106e-07,0.001082520067439158,1.0121830055953567e-06,1,4,0.0,1e-05,1.0,0.99999,1.0,0.99999
Kh 4h 6h Qc Ac,4c 4s,0,1,3,0.0010637240212944875,9.992425741288106e-07,0.001082520067439158,1.0121830055953567e-06,1,4,0.0,1e-05,1.0,0.99999,1.0,0.99999
Kh 4h 6h Qc Ac,4c 5c,0,1,3,0.0010637240212944875,0.00357316069254711,0.0011228949928083253,0.0036054546579981192,3,14,1.0,0.9999386731163625,0.0,6.132688363751407e-05,0.0,0.0009125883486175955
Kh 4h 6h Qc Ac,4c 5d,0,1,3,9.998410252769808e-07,9.992425741288106e-07,1.0471685705029576e-06,1.0082736555557919e-06,3,14,1.0,0.9999386731163625,0.0,6.132688363751407e-05,1.0,0.0009125883486175955
Kh 4h 6h Qc Ac,4c 5h,0,1,3,9.998410252769808e-07,9.992425741288106e-07,1.0510719828224285e-06,1.0105948091740884e-06,3,7,1.0,0.9999386731163625,0.0,6.132688363751407e-05,0.0,0.9999749311172953
Kh 4h 6h Qc Ac,4c 5s,0,1,3,9.998410252769808e-07,9.992425741288106e-07,1.0471685705029576e-06,1.0082736555557919e-06,3,14,1.0,0.9999386731163625,0.0,6.132688363751407e-05,1.0,0.0009125883486175955
Kh 4h 6h Qc Ac,4c 6c,0,1,3,9.998410252769808e-07,9.992425741288106e-07,9.98558071188664e-07,9.98625900483431e-07,1,4,0.0,1e-05,1.0,0.99999,1.0,0.99999
Kh 4h 6h Qc Ac,4c 6d,0,1,3,0.0022571947966718913,9.992425741288106e-07,0.002254298458934884,1.0009570008564857e-06,1,4,0.0,1e-05,1.0,0.99999,1.0,0.99999
Kh 4h 6h Qc Ac,4c 6s,0,1,3,0.0022571947966718913,9.992425741288106e-07,0.002254298458934884,1.0009570008564857e-06,1,4,0.0,1e-05,1.0,0.99999,1.0,0.99999
Kh 4h 6h Qc Ac,4c 7c,0,1,3,9.998410252769808e-07,9.992425741288106e-07,1.002138493782071e-06,1.0037699649503626e-06,3,14,1.0,0.9999386731163625,0.0,6.132688363751407e-05,1.0,0.0009125883486175955
Kh 4h 6h Qc Ac,4c 7d,0,1,3,0.0010637240212944875,9.992425741288106e-07,0.001074976605348527,1.0049305417595108e-06,3,14,1.0,0.9999386731163625,0.0,6.132688363751407e-05,1.0,0.0009125883486175955
Kh 4h 6h Qc Ac,4c 7h,0,1,3,0.0010637240212944875,9.992425741288106e-07,0.0010741776214960724,1.0037699649503626e-06,3,7,1.0,0.9999386731163625,0.0,6.132688363751407e-05,1.0,0.9999749311172953
Kh 4h 6h Qc Ac,4c 7s,0,1,3,0.0010637240212944875,9.992425741288106e-07,0.001074976605348527,1.0049305417595108e-06,3,14,1.0,0.9999386731163625,0.0,6.132688363751407e-05,1.0,0.0009125883486175955
Kh 4h 6h Qc Ac,4c 8c,0,1,3,9.998410252769808e-07,9.992425741288106e-07,1.0185952844880703e-06,1.0047919251283472e-06,3,7,1.0,0.9999386731163625,0.0,6.132688363751407e-05,1.0,0.9999749311172953
Kh 4h 6h Qc Ac,4c 8d,0,1,3,0.0010637240212944875,9.992425741288106e-07,0.001079083334274398,1.0059525019374954e-06,3,7,1.0,0.9999386731163625,0.0,6.132688363751407e-05,1.0,0.9999749311172953
Kh 4h 6h Qc Ac,4c 8h,0,1,3,0.0010637240212944875,9.992425741288106e-07,0.0010898053681344644,1.0047919251283472e-06,3,7,1.0,0.9999386731163625,0.0,6.132688363751407e-05,1.0,0.9999749311172953
Kh 4h 6h Qc Ac,4c 8s,0,1,3,0.0010637240212944875,9.992425741288106e-07,0.0010790833342743979,1.0059525019374954e-06,3,7,1.0,0.9999386731163625,0.0,6.132688363751407e-05,1.0,0.9999749311172953
Kh 4h 6h Qc Ac,4c 9c,0,1,3,0.0010637240212944875,9.992425741288106e-07,0.0010810191506174138,1.0152851915075949e-06,3,7,1.0,0.9999386731163625,0.0,6.132688363751407e-05,1.0,0.9999749311172953
Kh 4h 6h Qc Ac,4c 9d,0,1,3,9.998410252769808e-07,9.992425741288106e-07,1.0067609609449287e-06,1.0141246146984467e-06,3,7,1.0,0.9999386731163625,0.0,6.132688363751407e-05,1.0,0.9999749311172953
Kh 4h 6h Qc Ac,4c 9h,0,1,3,9.998410252769808e-07,9.992425741288106e-07,1.0117972697967348e-06,1.0141246146984467e-06,3,7,1.0,0.9999386731163625,0.0,6.132688363751407e-05,1.0,0.9999749311172953
Kh 4h 6h Qc Ac,4c 9s,0,1,3,9.998410252769808e-07,9.992425741288106e-07,1.0067609609449287e-06,1.0141246146984467e-06,3,7,1.0,0.9999386731163625,0.0,6.132688363751407e-05,1.0,0.9999749311172953
Kh 4h 6h Qc Ac,4c Tc,0,1,3,9.998410252769808e-07,0.003926572020397109,1.0091871432699194e-06,0.0039465873298393656,3,7,1.0,0.9999386731163625,0.0,6.132688363751407e-05,1.0,0.9999749311172953
Kh 4h 6h Qc Ac,4c Td,0,1,3,0.0010637240212944875,0.0034124980151683244,0.001076874480666833,0.0034298928836159655,3,7,1.0,0.9999386731163625,0.0,6.132688363751407e-05,1.0,0.9999749311172953
Kh 4h 6h Qc Ac,4c Th,0,1,3,0.0010637240212944875,0.0034124980151683244,0.0010740302148436293,0.0034288700350266106,3,7,1.0,0.9999386731163625,0.0,6.132688363751407e-05,1.0,0.9999749311172953
Kh 4h 6h Qc Ac,4c Ts,0,1,3,0.0010637240212944875,0.0034124980151683244,0.001076874480666833,0.0034298928836159655,3,7,1.0,0.9999386731163625,0.0,6.132688363751407e-05,1.0,0.9999749311172953
Kh 4h 6h Qc Ac,4c Jc,0,1,3,0.0010637240212944875,0.005221315688253568,0.0010928982278687186,0.005216288709127465,3,7,1.0,0.9999386731163625,0.0,6.132688363751407e-05,1.0,0.9999749311172953
Kh 4h 6h Qc Ac,4c Jd,0,1,3,0.0010637240212944875,0.0016324035102679437,0.0010828642933202255,0.0016357170890726092,3,7,1.0,0.9999386731163625,0.0,6.132688363751407e-05,1.0,0.9999749311172953
Kh 4h 6h Qc Ac,4c Jh,0,1,3,0.0010637240212944875,0.0016324035102679437,0.00108687098408627,0.0016338211233619397,3,7,1.0,0.9999386731163625,0.0,6.132688363751407e-05,1.0,0.9999749311172953
Kh 4h 6h Qc Ac,4c Js,0,1,3,0.0010637240212944875,0.0016324035102679437,0.0010828642933202255,0.0016357170890726092,3,7,1.0,0.9999386731163625,0.0,6.132688363751407e-05,1.0,0.9999749311172953
Kh 4h 6h Qc Ac,4c Qd,0,1,3,0.0010637240212944875,9.992425741288106e-07,0.0010756940119050727,9.997985765935595e-07,1,4,0.0,1e-05,1.0,0.99999,1.0,0.99999
Kh 4h 6h Qc Ac,4c Qh,0,1,3,0.0010637240212944875,9.992425741288106e-07,0.0010749820730205925,9.999314152096198e-07,1,4,0.0,1e-05,1.0,0.99999,1.0,0.99999
Kh 4h 6h Qc Ac,4c Qs,0,1,3,0.0010637240212944875,9.992425741288106e-07,0.0010756940119050725,9.997985765935595e-07,1,4,0.0,1e-05,1.0,0.99999,1.0,0.99999
Kh 4h 6h Qc Ac,4c Kc,0,1,3,0.0010637240212944875,0.004351824650728545,0.001069800717508109,0.004385196168384483,1,4,0.0,1e-05,1.0,0.99999,1.0,0.99999
Kh 4h 6h Qc Ac,4c Kd,0,1,3,0.0010637240212944875,9.992425741288106e-07,0.0010636599794998371,1.0069051625558242e-06,1,4,0.0,1e-05,1.0,0.99999,1.0,0.99999
Kh 4h 6h Qc Ac,4c Ks,0,1,3,0.0010637240212944875,9.992425741288106e-07,0.001063659979499837,1.0069051625558244e-06,1,4,0.0,1e-05,1.0,0.99999,1.0,0.99999
Kh 4h 6h Qc Ac,4c Ad,0,1,3,0.0013320214941048556,9.992425741288106e-07,0.001275750378785833,1.0057981170253816e-06,1,4,0.0,1e-05,1.0,0.99999,1.0,0.99999
Kh 4h 6h Qc Ac,4c Ah,0,1,3,0.0013320214941048556,9.992425741288106e-07,0.001284335066317406,1.0055051154821047e-06,1,4,0.0,1e-05,1.0,0.99999,1.0,0.99999
Kh 4h 6h Qc Ac,4c As,0,1,3,0.0013320214941048556,9.992425741288106e-07,0.001275750378785833,1.0057981170253818e-06,1,4,0.0,1e-05,1.0,0.99999,1.0,0.99999
Kh 4h 6h Qc Ac,4d 4s,0,1,3,0.0010637240212944875,9.992425741288106e-07,0.0010774591466934241,1.0124760071386338e-06,1,4,0.0,1e-05,1.0,0.99999,1.0,0.99999
Kh 4h 6h Qc Ac,4d 5c,0,1,3,9.998410252769808e-07,9.992425741288106e-07,1.0467980312189424e-06,1.0074060802899207e-06,3,14,1.0,0.9999386731163625,0.0,6.132688363751407e-05,0.0,0.0009125883486175955
Kh 4h 6h Qc Ac,4d 5d,0,1,3,0.0010637240212944875,0.00357316069254711,0.0011131673655241923,0.0036106524639832696,3,14,1.0,0.9999386731163625,0.0,6.132688363751407e-05,0.2760814384449531,0.0009125883486175955
Kh 4h 6h Qc Ac,4d 5h,0,1,3,9.998410252769808e-07,9.992425741288106e-07,1.0463150006673182e-06,1.0108878107173655e-06,3,7,1.0,0.9999386731163625,0.0,6.132688363751407e-05,0.0,0.9999749311172953
Kh 4h 6h Qc Ac,4d 5s,0,1,3,9.998410252769808e-07,9.992425741288106e-07,1.0424115883478473e-06,1.008566657099069e-06,3,14,1.0,0.9999386731163625,0.0,6.132688363751407e-05,1.0,0.0009125883486175955
Kh 4h 6h Qc Ac,4d 6c,0,1,3,0.0022571947966718913,9.992425741288106e-07,0.0022435593163142847,1.0013828410158232e-06,1,4,0.0,1e-05,1.0,0.99999,1.0,0.99999
Kh 4h 6h Qc Ac,4d 6d,0,1,3,9.998410252769808e-07,9.992425741288106e-07,9.938010890335537e-07,9.987860634106477e-07,1,4,0.0,1e-05,1.0,0.99999,1.0,0.99999
Kh 4h 6h Qc Ac,4d 6s,0,1,3,0.0022571947966718913,9.992425741288106e-07,0.0022435593163142847,1.0012500023997629e-06,1,4,0.0,1e-05,1.0,0.99999,1.0,0.99999
Kh 4h 6h Qc Ac,4d 7c,0,1,3,0.0010637240212944875,9.992425741288106e-07,0.001061107361561503,1.005223543302788e-06,3,14,1.0,0.9999386731163625,0.0,6.132688363751407e-05,1.0,0.0009125883486175955
Kh 4h 6h Qc Ac,4d 7d,0,1,3,9.998410252769808e-07,9.992425741288106e-07,1.0056608421340002e-06,1.0040629664936398e-06,3,14,1.0,0.9999386731163625,0.0,6.132688363751407e-05,1.0,0.0009125883486175955
Kh 4h 6h Qc Ac,4d 7h,0,1,3,0.0010637240212944875,9.992425741288106e-07,0.0010691167007503386,1.0040629664936398e-06,3,7,1.0,0.9999386731163625,0.0,6.132688363751407e-05,1.0,0.9999749311172953
Kh 4h 6h Qc Ac,4d 7s,0,1,3,0.0010637240212944875,9.992425741288106e-07,0.0010699156846027931,1.005223543302788e-06,3,14,1.0,0.9999386731163625,0.0,6.132688363751407e-05,1.0,0.0009125883486175955
Kh 4h 6h Qc Ac,4d 8c,0,1,3,0.0010637240212944875,9.992425741288106e-07,0.0010786156285207808,1.0062455034807725e-06,3,7,1.0,0.9999386731163625,0.0,6.132688363751407e-05,1.0,0.9999749311172953
Kh 4h 6h Qc Ac,4d 8d,0,1,3,9.998410252769808e-07,9.992425741288106e-07,1.0095209374007976e-06,1.0050849266716244e-06,3,7,1.0,0.9999386731163625,0.0,6.132688363751407e-05,1.0,0.9999749311172953
Kh 4h 6h Qc Ac,4d 8h,0,1,3,0.0010637240212944875,9.992425741288106e-07,0.0010847444473887306,1.0050849266716244e-06,3,7,1.0,0.9999386731163625,0.0,6.132688363751407e-05,1.0,0.9999749311172953
Kh 4h 6h Qc Ac,4d 8s,0,1,3,0.0010637240212944875,9.992425741288106e-07,0.001074022413528664,1.0062455034807725e-06,3,7,1.0,0.9999386731163625,0.0,6.132688363751407e-05,1.0,0.9999749311172953
Kh 4h 6h Qc Ac,4d 9c,0,1,3,9.998410252769808e-07,9.992425741288106e-07,1.011340496382641e-06,1.0144176162417239e-06,3,7,1.0,0.9999386731163625,0.0,6.132688363751407e-05,1.0,0.9999749311172953
Kh 4h 6h Qc Ac,4d 9d,0,1,3,0.0010637240212944875,9.992425741288106e-07,0.0010660251727279478,1.015578193050872e-06,3,7,1.0,0.9999386731163625,0.0,6.132688363751407e-05,1.0,0.9999749311172953
Kh 4h 6h Qc Ac,4d 9h,0,1,3,9.998410252769808e-07,9.992425741288106e-07,1.0070402876416245e-06,1.0144176162417239e-06,3,7,1.0,0.9999386731163625,0.0,6.132688363751407e-05,1.0,0.9999749311172953
Kh 4h 6h Qc Ac,4d 9s,0,1,3,9.998410252769808e-07,9.992425741288106e-07,1.0020039787898183e-06,1.0144176162417239e-06,3,7,1.0,0.9999386731163625,0.0,6.132688363751407e-05,1.0,0.9999749311172953
Kh 4h 6h Qc Ac,4d Tc,0,1,3,0.0010637240212944875,0.0034124980151683244,0.0010680087351393173,0.003434856976791107,3,7,1.0,0.9999386731163625,0.0,6.132688363751407e-05,1.0,0.9999749311172953
Kh 4h 6h Qc Ac,4d Td,0,1,3,9.998410252769808e-07,0.003926572020397109,1.0080064833888765e-06,0.00394317815087446,3,7,1.0,0.9999386731163625,0.0,6.132688363751407e-05,1.0,0.9999749311172953
Kh 4h 6h Qc Ac,4d Th,0,1,3,0.0010637240212944875,0.0034124980151683244,0.0010689692940978957,0.0034298706601108113,3,7,1.0,0.9999386731163625,0.0,6.132688363751407e-05,1.0,0.9999749311172953
Kh 4h 6h Qc Ac,4d Ts,0,1,3,0.0010637240212944875,0.0034124980151683244,0.001071813559921099,0.003430893508700166,3,7,1.0,0.9999386731163625,0.0,6.132688363751407e-05,1.0,0.9999749311172953
Kh 4h 6h Qc Ac,4d Jc,0,1,3,0.0010637240212944875,0.0016324035102679437,0.0010836650199349332,0.0016313105238605205,3,7,1.0,0.9999386731163625,0.0,6.132688363751407e-05,1.0,0.9999749311172953
Kh 4h 6h Qc Ac,4d Jd,0,1,3,0.0010637240212944875,0.005221315688253568,0.0010819756597625434,0.0052334453315479295,3,7,1.0,0.9999386731163625,0.0,6.132688363751407e-05,1.0,0.9999749311172953
Kh 4h 6h Qc Ac,4d Jh,0,1,3,0.0010637240212944875,0.0016324035102679437,0.001081810063340536,0.001634299782658634,3,7,1.0,0.9999386731163625,0.0,6.132688363751407e-05,1.0,0.9999749311172953
Kh 4h 6h Qc Ac,4d Js,0,1,3,0.0010637240212944875,0.0016324035102679437,0.0010778033725744917,0.0016361957483693034,3,7,1.0,0.9999386731163625,0.0,6.132688363751407e-05,1.0,0.9999749311172953
Kh 4h 6h Qc Ac,4d Qd,0,1,3,0.0010637240212944875,9.992425741288106e-07,0.0010706330911593388,1.0000915781368366e-06,1,4,0.0,1e-05,1.0,0.99999,1.0,0.99999
Kh 4h 6h Qc Ac,4d Qh,0,1,3,0.0010637240212944875,9.992425741288106e-07,0.0010699211522748587,1.000224416752897e-06,1,4,0.0,1e-05,1.0,0.99999,1.0,0.99999
Kh 4h 6h Qc Ac,4d Qs,0,1,3,0.0010637240212944875,9.992425741288106e-07,0.0010706330911593386,1.0000915781368366e-06,1,4,0.0,1e-05,1.0,0.99999,1.0,0.99999
Kh 4h 6h Qc Ac,4d Kc,0,1,3,0.0010637240212944875,9.992425741288106e-07,0.0010596817479142473,1.0071981640991013e-06,1,4,0.0,1e-05,1.0,0.99999,1.0,0.99999
Kh 4h 6h Qc Ac,4d Kd,0,1,3,0.0010637240212944875,0.004351824650728545,0.001063657107602231,0.004386472226242452,1,4,0.0,1e-05,1.0,0.99999,1.0,0.99999
Kh 4h 6h Qc Ac,4d Ks,0,1,3,0.0010637240212944875,9.992425741288106e-07,0.001058599058754103,1.0071981640991016e-06,1,4,0.0,1e-05,1.0,0.99999,1.0,0.99999
Kh 4h 6h Qc Ac,4d Ad,0,1,3,0.0010637240212944875,0.004354294995608402,0.0010187871059858487,0.004382861400170295,1,4,0.0,1e-05,1.0,0.99999,1.0,0.99999
Kh 4h 6h Qc Ac,4d Ah,0,1,3,0.0013320214941048556,9.992425741288106e-07,0.001277997656351732,1.0057981170253818e-06,1,4,0.0,1e-05,1.0,0.99999,1.0,0.99999
Kh 4h 6h Qc Ac,4d As,0,1,3,0.0013320214941048556,9.992425741288106e-07,0.0012694129688201588,1.006091118568659e-06,1,4,0.0,1e-05,1.0,0.99999,1.0,0.99999
Kh 4h 6h Qc Ac,4s 5c,0,1,3,9.998410252769808e-07,9.992425741288106e-07,1.0467980312189424e-06,1.0074060802899207e-06,3,14,1.0,0.9999386731163625,0.0,6.132688363751407e-05,0.0,0.0009125883486175955
Kh 4h 6h Qc Ac,4s 5d,0,1,3,9.998410252769808e-07,9.992425741288106e-07,1.0424115883478473e-06,1.008566657099069e-06,3,14,1.0,0.9999386731163625,0.0,6.132688363751407e-05,1.0,0.0009125883486175955
Kh 4h 6h Qc Ac,4s 5h,0,1,3,9.998410252769808e-07,9.992425741288106e-07,1.0463150006673182e-06,1.0108878107173655e-06,3,7,1.0,0.9999386731163625,0.0,6.132688363751407e-05,0.0,0.9999749311172953
Kh 4h 6h Qc Ac,4s 5s,0,1,3,0.0010637240212944875,0.00357316069254711,0.0011131673655241923,0.0036106524639832696,3,14,1.0,0.9999386731163625,0.0,6.132688363751407e-05,0.27608143844497135,0.0009125883486175955
Kh 4h 6h Qc Ac,4s 6c,0,1,3,0.0022571947966718913,9.992425741288106e-07,0.0022435593163142847,1.0013828410158232e-06,1,4,0.0,1e-05,1.0,0.99999,1.0,0.99999
Kh 4h 6h Qc Ac,4s 6d,0,1,3,0.0022571947966718913,9.992425741288106e-07,0.0022435593163142847,1.0012500023997629e-06,1,4,0.0,1e-05,1.0,0.99999,1.0,0.99999
Kh 4h 6h Qc Ac,4s 6s,0,1,3,9.998410252769808e-07,9.992425741288106e-07,9.938010890335537e-07,9.987860634106477e-07,1,4,0.0,1e-05,1.0,0.99999,1.0,0.99999
Kh 4h 6h Qc Ac,4s 7c,0,1,3,0.0010637240212944875,9.992425741288106e-07,0.001061107361561503,1.005223543302788e-06,3,14,1.0,0.9999386731163625,0.0,6.132688363751407e-05,1.0,0.0009125883486175955
Kh 4h 6h Qc Ac,4s 7d,0,1,3,0.0010637240212944875,9.992425741288106e-07,0.0010699156846027931,1.005223543302788e-06,3,14,1.0,0.9999386731163625,0.0,6.132688363751407e-05,1.0,0.0009125883486175955
Kh 4h 6h Qc Ac,4s 7h,0,1,3,0.0010637240212944875,9.992425741288106e-07,0.0010691167007503386,1.0040629664936398e-06,3,7,1.0,0.9999386731163625,0.0,6.132688363751407e-05,1.0,0.9999749311172953
Kh 4h 6h Qc Ac,4s 7s,0,1,3,9.998410252769808e-07,9.992425741288106e-07,1.0056608421340002e-06,1.0040629664936398e-06,3,14,1.0,0.9999386731163625,0.0,6.132688363751407e-05,1.0,0.0009125883486175955
Kh 4h 6h Qc Ac,4s 8c,0,1,3,0.0010637240212944875,9.992425741288106e-07,0.0010786156285207808,1.0062455034807725e-06,3,7,1.0,0.9999386731163625,0.0,6.132688363751407e-05,1.0,0.9999749311172953
Kh 4h 6h Qc Ac,4s 8d,0,1,3,0.0010637240212944875,9.992425741288106e-07,0.0010740224135286642,1.0062455034807725e-06,3,7,1.0,0.9999386731163625,0.0,6.132688363751407e-05,1.0,0.9999749311172953
Kh 4h 6h Qc Ac,4s 8h,0,1,3,0.0010637240212944875,9.992425741288106e-07,0.0010847444473887306,1.0050849266716244e-06,3,7,1.0,0.9999386731163625,0.0,6.132688363751407e-05,1.0,0.9999749311172953
Kh 4h 6h Qc Ac,4s 8s,0,1,3,9.998410252769808e-07,9.992425741288106e-07,1.0095209374007976e-06,1.0050849266716244e-06,3,7,1.0,0.9999386731163625,0.0,6.132688363751407e-05,1.0,0.9999749311172953
Kh 4h 6h Qc Ac,4s 9c,0,1,3,9.998410252769808e-07,9.992425741288106e-07,1.011340496382641e-06,1.0144176162417239e-06,3,7,1.0,0.9999386731163625,0.0,6.132688363751407e-05,1.0,0.9999749311172953
Kh 4h 6h Qc Ac,4s 9d,0,1,3,9.998410252769808e-07,9.992425741288106e-07,1.0020039787898183e-06,1.0144176162417239e-06,3,7,1.0,0.9999386731163625,0.0,6.132688363751407e-05,1.0,0.9999749311172953
Kh 4h 6h Qc Ac,4s 9h,0,1,3,9.998410252769808e-07,9.992425741288106e-07,1.0070402876416245e-06,1.0144176162417239e-06,3,7,1.0,0.9999386731163625,0.0,6.132688363751407e-05,1.0,0.9999749311172953
Kh 4h 6h Qc Ac,4s 9s,0,1,3,0.0010637240212944875,9.992425741288106e-07,0.0010660251727279478,1.015578193050872e-06,3,7,1.0,0.9999386731163625,0.0,6.132688363751407e-05,1.0,0.9999749311172953
Kh 4h 6h Qc Ac,4s Tc,0,1,3,0.0010637240212944875,0.0034124980151683244,0.0010680087351393173,0.003434856976791107,3,7,1.0,0.9999386731163625,0.0,6.132688363751407e-05,1.0,0.9999749311172953
Kh 4h 6h Qc Ac,4s Td,0,1,3,0.0010637240212944875,0.0034124980151683244,0.001071813559921099,0.003430893508700166,3,7,1.0,0.9999386731163625,0.0,6.132688363751407e-05,1.0,0.9999749311172953
Kh 4h 6h Qc Ac,4s Th,0,1,3,0.0010637240212944875,0.0034124980151683244,0.0010689692940978957,0.0034298706601108113,3,7,1.0,0.9999386731163625,0.0,6.132688363751407e-05,1.0,0.9999749311172953
Kh 4h 6h Qc Ac,4s Ts,0,1,3,9.998410252769808e-07,0.003926572020397109,1.0080064833888765e-06,0.00394317815087446,3,7,1.0,0.9999386731163625,0.0,6.132688363751407e-05,1.0,0.9999749311172953
Kh 4h 6h Qc Ac,4s Jc,0,1,3,0.0010637240212944875,0.0016324035102679437,0.0010836650199349332,0.0016313105238605205,3,7,1.0,0.9999386731163625,0.0,6.132688363751407e-05,1.0,0.9999749311172953
Kh 4h 6h Qc Ac,4s Jd,0,1,3,0.0010637240212944875,0.0016324035102679437,0.0010778033725744917,0.0016361957483693034,3,7,1.0,0.9999386731163625,0.0,6.132688363751407e-05,1.0,0.9999749311172953
Kh 4h 6h Qc Ac,4s Jh,0,1,3,0.0010637240212944875,0.0016324035102679437,0.001081810063340536,0.001634299782658634,3,7,1.0,0.9999386731163625,0.0,6.132688363751407e-05,1.0,0.9999749311172953
Kh 4h 6h Qc Ac,4s Js,0,1,3,0.0010637240212944875,0.005221315688253568,0.0010819756597625434,0.0052334453315479295,3,7,1.0,0.9999386731163625,0.0,6.132688363751407e-05,1.0,0.9999749311172953
Kh 4h 6h Qc Ac,4s Qd,0,1,3,0.0010637240212944875,9.992425741288106e-07,0.0010706330911593388,1.0000915781368366e-06,1,4,0.0,1e-05,1.0,0.99999,1.0,0.99999
Kh 4h 6h Qc Ac,4s Qh,0,1,3,0.0010637240212944875,9.992425741288106e-07,0.0010699211522748587,1.000224416752897e-06,1,4,0.0,1e-05,1.0,0.99999,1.0,0.99999
Kh 4h 6h Qc Ac,4s Qs,0,1,3,0.0010637240212944875,9.992425741288106e-07,0.0010706330911593386,1.0000915781368366e-06,1,4,0.0,1e-05,1.0,0.99999,1.0,0.99999
Kh 4h 6h Qc Ac,4s Kc,0,1,3,0.0010637240212944875,9.992425741288106e-07,0.0010596817479142473,1.0071981640991013e-06,1,4,0.0,1e-05,1.0,0.99999,1.0,0.99999
Kh 4h 6h Qc Ac,4s Kd,0,1,3,0.0010637240212944875,9.992425741288106e-07,0.0010585990587541033,1.0071981640991013e-06,1,4,0.0,1e-05,1.0,0.99999,1.0,0.99999
Kh 4h 6h Qc Ac,4s Ks,0,1,3,0.0010637240212944875,0.004351824650728545,0.001063657107602231,0.0043864722262424525,1,4,0.0,1e-05,1.0,0.99999,1.0,0.99999
Kh 4h 6h Qc Ac,4s Ad,0,1,3,0.0013320214941048556,9.992425741288106e-07,0.0012694129688201588,1.0060911185686587e-06,1,4,0.0,1e-05,1.0,0.99999,1.0,0.99999
Kh 4h 6h Qc Ac,4s Ah,0,1,3,0.0013320214941048556,9.992425741288106e-07,0.0012779976563517318,1.0057981170253818e-06,1,4,0.0,1e-05,1.0,0.99999,1.0,0.99999
Kh 4h 6h Qc Ac,4s As,0,1,3,0.0010637240212944875,0.004354294995608402,0.0010187871059858487,0.004382861400170295,1,4,0.0,1e-05,1.0,0.99999,1.0,0.99999
Kh 4h 6h Qc Ac,5c 5d,0,1,3,0.0010637240212944875,9.992425741288106e-07,0.0011452366636100866,1.0058178838686523e-06,13,14,1.0,0.9999117191871583,0.0,8.828081284170859e-05,0.0,0.0009125883486175955
Kh 4h 6h Qc Ac,5c 5h,0,1,3,0.0010637240212944875,9.992425741288106e-07,0.0011493894772517232,1.0081390374869486e-06,13,14,1.0,0.9999117191871583,0.0,8.828081284170859e-05,0.0,0.0009125883486175955
Kh 4h 6h Qc Ac,5c 5s,0,1,3,0.0010637240212944875,9.992425741288106e-07,0.0011452366636100866,1.0058178838686523e-06,13,14,1.0,0.9999117191871583,0.0,8.828081284170859e-05,0.0,0.0009125883486175955
Kh 4h 6h Qc Ac,5c 6c,0,1,3,0.0010637240212944875,9.992425741288106e-07,0.00109352028620558,9.961701287962914e-07,3,10,1.0,0.9999386731163625,0.0,6.132688363751407e-05,0.0,0.99999
Kh 4h 6h Qc Ac,5c 6d,0,1,3,0.0010637240212944875,9.992425741288106e-07,0.0010935202862055798,9.96037290180231e-07,3,10,1.0,0.9999386731163625,0.0,6.132688363751407e-05,0.0,0.99999
Kh 4h 6h Qc Ac,5c 6s,0,1,3,0.0010637240212944875,9.992425741288106e-07,0.00109352028620558,9.96037290180231e-07,3,10,1.0,0.9999386731163625,0.0,6.132688363751407e-05,0.0,0.99999
Kh 4h 6h Qc Ac,5c 7c,0,1,3,0.0010637240212944875,9.992425741288106e-07,0.0010973294732890338,1.001314193263223e-06,5,1,0.008432893584223833,0.7095180472568701,0.9915671064157762,0.29048195274313,0.0,0.5255925387794849
Kh 4h 6h Qc Ac,5c 7d,0,1,3,0.0010637240212944875,9.992425741288106e-07,0.001106137796330324,1.001314193263223e-06,5,1,0.00843289358518895,0.7095180472568701,0.991567106414811,0.29048195274313,0.0,0.5255925387794849
Kh 4h 6h Qc Ac,5c 7h,0,1,3,0.0010637240212944875,9.992425741288106e-07,0.0011053388124778695,1.0001536164540747e-06,5,1,0.0,0.7095180472568701,1.0,0.29048195274313,0.0,0.5255925387794849
Kh 4h 6h Qc Ac,5c 7s,0,1,3,0.0010637240212944875,9.992425741288106e-07,0.001106137796330324,1.001314193263223e-06,5,1,0.008432893586151735,0.7095180472568701,0.9915671064138483,0.29048195274313,0.0,0.5255925387794849
Kh 4h 6h Qc Ac,5c 8c,0,1,3,0.00119065335898579,9.992425741288106e-07,0.001247866244982822,1.0024747700723712e-06,11,1,0.11413868540477612,0.8550293018917648,0.8858613145952239,0.1449706981082352,0.0,0.5255925387794849
Kh 4h 6h Qc Ac,5c 8d,0,1,3,0.0010637240212944875,9.992425741288106e-07,0.0011102445252561951,1.0023361534412077e-06,11,1,0.00843289358472532,0.8550293018917648,0.9915671064152747,0.1449706981082352,0.0,0.5255925387794849
Kh 4h 6h Qc Ac,5c 8h,0,1,3,0.0010637240212944875,9.992425741288106e-07,0.0011209665591162615,1.0011755766320593e-06,11,1,0.0,0.8550293018917648,1.0,0.1449706981082352,0.0,0.5255925387794849
Kh 4h 6h Qc Ac,5c 8s,0,1,3,0.0010637240212944875,9.992425741288106e-07,0.001110244525256195,1.0023361534412077e-06,11,1,0.008432893585692769,0.8550293018917648,0.9915671064143072,0.1449706981082352,0.0,0.5255925387794849
Kh 4h 6h Qc Ac,5c 9c,0,1,3,0.0010637240212944875,9.992425741288106e-07,0.0011121803415992109,1.011668843011307e-06,12,9,1.0,0.9999339325891439,0.0,6.606741085611172e-05,0.0,0.9282345585301963
Kh 4h 6h Qc Ac,5c 9d,0,1,3,0.0010637240212944875,9.992425741288106e-07,0.0011022472844554785,1.011668843011307e-06,12,9,1.0,0.9999339325891439,0.0,6.606741085611172e-05,0.0,0.9282345585301963
Kh 4h 6h Qc Ac,5c 9h,0,1,3,0.0010637240212944875,9.992425741288106e-07,0.0011076053789613929,1.011668843011307e-06,12,9,1.0,0.9999339325891439,0.0,6.606741085611172e-05,0.0,0.9282345585301963
Kh 4h 6h Qc Ac,5c 9s,0,1,3,0.0010637240212944875,9.992425741288106e-07,0.0011022472844554785,1.011668843011307e-06,12,9,1.0,0.9999339325891439,0.0,6.606741085611172e-05,0.0,0.9282345585301963
Kh 4h 6h Qc Ac,5c Tc,0,1,3,0.0010637240212944875,9.992425741288106e-07,0.0011002648115015197,1.0018803418509044e-06,6,11,1.0,0.9999176006029368,0.0,8.239939706325524e-05,0.0,0.11652322995435994
Kh 4h 6h Qc Ac,5c Td,0,1,3,0.0010637240212944875,9.992425741288106e-07,0.0011040696362833017,1.000719765041756e-06,6,11,1.0,0.9999176006029368,0.0,8.239939706325524e-05,0.0,0.11652322995435994
Kh 4h 6h Qc Ac,5c Th,0,1,3,0.0010637240212944875,9.992425741288106e-07,0.001101225370460098,1.0004202560448781e-06,6,11,1.0,0.9999176006029368,0.0,8.239939706325524e-05,0.0,0.11652322995435994
Kh 4h 6h Qc Ac,5c Ts,0,1,3,0.0010637240212944875,9.992425741288106e-07,0.0011040696362833017,1.000719765041756e-06,6,11,1.0,0.9999176006029368,0.0,8.239939706325524e-05,0.0,0.11652322995435994
Kh 4h 6h Qc Ac,5c Jc,0,1,3,0.0010637240212944875,9.992425741288106e-07,0.001117990543842237,9.946641747124179e-07,13,2,1.0,0.9999117191871583,0.0,8.828081284170859e-05,0.0,0.421263202038205
Kh 4h 6h Qc Ac,5c Jd,0,1,3,0.0010637240212944875,0.0006080772182421376,0.001112834654531704,0.0006071108543843583,13,2,1.0,0.9999117191871583,0.0,8.828081284170859e-05,0.0,0.421263202038205
Kh 4h 6h Qc Ac,5c Jh,0,1,3,0.0010637240212944875,0.0006080772182421376,0.0011168413452977484,0.0006064045991306942,13,2,1.0,0.9999117191871583,0.0,8.828081284170859e-05,0.0,0.421263202038205
Kh 4h 6h Qc Ac,5c Js,0,1,3,0.0010637240212944875,0.0006080772182421376,0.001112834654531704,0.0006071108543843583,13,2,1.0,0.9999117191871583,0.0,8.828081284170859e-05,0.0,0.421263202038205
Kh 4h 6h Qc Ac,5c Qd,0,1,3,0.0010637240212944875,9.992425741288106e-07,0.0011068552028868695,9.961822280972716e-07,12,12,1.0,0.9999339325891439,0.0,6.606741085611172e-05,0.0,0.99999
Kh 4h 6h Qc Ac,5c Qh,0,1,3,0.0010637240212944875,9.992425741288106e-07,0.0011061432640023894,9.963150667133319e-07,12,12,1.0,0.9999339325891439,0.0,6.606741085611172e-05,0.0,0.99999
Kh 4h 6h Qc Ac,5c Qs,0,1,3,0.0010637240212944875,9.992425741288106e-07,0.0011068552028868695,9.961822280972716e-07,12,12,1.0,0.9999339325891439,0.0,6.606741085611172e-05,0.0,0.99999
Kh 4h 6h Qc Ac,5c Kc,0,1,3,0.0010637240212944875,9.992425741288106e-07,0.001095903859641778,1.0032888140595365e-06,5,0,0.0,0.7095180472568701,1.0,0.29048195274313,1.0,0.99999
Kh 4h 6h Qc Ac,5c Kd,0,1,3,9.998410252769808e-07,9.992425741288106e-07,1.029070604476133e-06,1.0021282372503882e-06,5,0,0.0,0.7095180472568701,1.0,0.29048195274313,1.0,0.99999
Kh 4h 6h Qc Ac,5c Ks,0,1,3,9.998410252769808e-07,9.992425741288106e-07,1.029070604476133e-06,1.0021282372503884e-06,5,0,0.0,0.7095180472568701,1.0,0.29048195274313,1.0,0.99999
Kh 4h 6h Qc Ac,5c Ad,0,1,3,9.998410252769808e-07,9.992425741288106e-07,9.86892615671526e-07,1.0007281901766684e-06,14,8,0.0,1e-05,1.0,0.99999,1.0,0.99999
Kh 4h 6h Qc Ac,5c Ah,0,1,3,9.998410252769808e-07,9.992425741288106e-07,9.933364477127037e-07,1.0004351886333915e-06,14,8,0.0,1e-05,1.0,0.99999,1.0,0.99999
Kh 4h 6h Qc Ac,5c As,0,1,3,9.998410252769808e-07,9.992425741288106e-07,9.86892615671526e-07,1.0007281901766686e-06,14,8,0.0,1e-05,1.0,0.99999,1.0,0.99999
Kh 4h 6h Qc Ac,5d 5h,0,1,3,0.0010637240212944875,9.992425741288106e-07,0.0011447227707133238,1.009299614296097e-06,13,14,1.0,0.9999117191871583,0.0,8.828081284170859e-05,0.0,0.0009125883486175955
Kh 4h 6h Qc Ac,5d 5s,0,1,3,0.0010637240212944875,9.992425741288106e-07,0.0011405699570716874,1.0069784606778005e-06,13,14,1.0,0.9999117191871583,0.0,8.828081284170859e-05,0.0,0.0009125883486175955
Kh 4h 6h Qc Ac,5d 6c,0,1,3,0.0010637240212944875,9.992425741288106e-07,0.0010888535796671809,9.973307056054395e-07,3,10,1.0,0.9999386731163625,0.0,6.132688363751407e-05,1.0,0.99999
Kh 4h 6h Qc Ac,5d 6d,0,1,3,0.0010637240212944875,9.992425741288106e-07,0.0010888535796671809,9.971978669893792e-07,3,10,1.0,0.9999386731163625,0.0,6.132688363751407e-05,1.0,0.99999
Kh 4h 6h Qc Ac,5d 6s,0,1,3,0.0010637240212944875,9.992425741288106e-07,0.0010888535796671809,9.971978669893792e-07,3,10,1.0,0.9999386731163625,0.0,6.132688363751407e-05,1.0,0.99999
Kh 4h 6h Qc Ac,5d 7c,0,1,3,0.0010637240212944875,9.992425741288106e-07,0.0010926627667506347,1.0024747700723712e-06,5,1,1.0,0.7095180472568701,0.0,0.29048195274313,0.0,0.5255925387794849
Kh 4h 6h Qc Ac,5d 7d,0,1,3,0.0010637240212944875,9.992425741288106e-07,0.001101471089791925,1.0024747700723712e-06,5,1,1.0,0.7095180472568701,0.0,0.29048195274313,0.0,0.5255925387794849
Kh 4h 6h Qc Ac,5d 7h,0,1,3,0.0010637240212944875,9.992425741288106e-07,0.0011006721059394703,1.001314193263223e-06,5,1,0.42846227461556385,0.7095180472568701,0.5715377253844361,0.29048195274313,0.0,0.5255925387794849
Kh 4h 6h Qc Ac,5d 7s,0,1,3,0.0010637240212944875,9.992425741288106e-07,0.001101471089791925,1.0024747700723712e-06,5,1,1.0,0.7095180472568701,0.0,0.29048195274313,0.0,0.5255925387794849
Kh 4h 6h Qc Ac,5d 8c,0,1,3,0.0010637240212944875,9.992425741288106e-07,0.0011101710337099123,1.0034967302503558e-06,11,1,1.0,0.8550293018917648,0.0,0.1449706981082352,0.0,0.5255925387794849
Kh 4h 6h Qc Ac,5d 8d,0,1,3,0.00119065335898579,9.992425741288106e-07,0.0012375013792342454,1.0036353468815194e-06,11,1,1.0,0.8550293018917648,0.0,0.1449706981082352,0.0,0.5255925387794849
Kh 4h 6h Qc Ac,5d 8h,0,1,3,0.0010637240212944875,9.992425741288106e-07,0.0011162998525778623,1.0023361534412077e-06,11,1,0.0,0.8550293018917648,1.0,0.1449706981082352,0.0,0.5255925387794849
Kh 4h 6h Qc Ac,5d 8s,0,1,3,0.0010637240212944875,9.992425741288106e-07,0.0011055778187177958,1.0034967302503558e-06,11,1,1.0,0.8550293018917648,0.0,0.1449706981082352,0.0,0.5255925387794849
Kh 4h 6h Qc Ac,5d 9c,0,1,3,0.0010637240212944875,9.992425741288106e-07,0.0011075136350608117,1.0128294198204553e-06,12,9,1.0,0.9999339325891439,0.0,6.606741085611172e-05,0.0,0.9282345585301963
Kh 4h 6h Qc Ac,5d 9d,0,1,3,0.0010637240212944875,9.992425741288106e-07,0.0010975805779170793,1.0128294198204553e-06,12,9,1.0,0.9999339325891439,0.0,6.606741085611172e-05,0.0,0.9282345585301963
Kh 4h 6h Qc Ac,5d 9h,0,1,3,0.0010637240212944875,9.992425741288106e-07,0.0011029386724229935,1.0128294198204553e-06,12,9,1.0,0.9999339325891439,0.0,6.606741085611172e-05,0.0,0.9282345585301963
Kh 4h 6h Qc Ac,5d 9s,0,1,3,0.0010637240212944875,9.992425741288106e-07,0.0010975805779170793,1.0128294198204553e-06,12,9,1.0,0.9999339325891439,0.0,6.606741085611172e-05,0.0,0.9282345585301963
Kh 4h 6h Qc Ac,5d Tc,0,1,3,0.0010637240212944875,9.992425741288106e-07,0.0010955981049631206,1.0030409186600525e-06,6,11,1.0,0.9999176006029368,0.0,8.239939706325524e-05,0.0,0.11652322995435994
Kh 4h 6h Qc Ac,5d Td,0,1,3,0.0010637240212944875,9.992425741288106e-07,0.0010994029297449024,1.0018803418509044e-06,6,11,1.0,0.9999176006029368,0.0,8.239939706325524e-05,0.0,0.11652322995435994
Kh 4h 6h Qc Ac,5d Th,0,1,3,0.0010637240212944875,9.992425741288106e-07,0.001096558663921699,1.0015808328540265e-06,6,11,1.0,0.9999176006029368,0.0,8.239939706325524e-05,1.0,0.11652322995435994
Kh 4h 6h Qc Ac,5d Ts,0,1,3,0.0010637240212944875,9.992425741288106e-07,0.0010994029297449024,1.0018803418509044e-06,6,11,1.0,0.9999176006029368,0.0,8.239939706325524e-05,0.0,0.11652322995435994
Kh 4h 6h Qc Ac,5d Jc,0,1,3,0.0010637240212944875,0.0006080772182421376,0.0011140295953537462,0.0006059973428272406,13,2,1.0,0.9999117191871583,0.0,8.828081284170859e-05,0.0,0.421263202038205
Kh 4h 6h Qc Ac,5d Jd,0,1,3,0.0010637240212944875,9.992425741288106e-07,0.0011074621899433965,9.988151422446e-07,13,2,1.0,0.9999117191871583,0.0,8.828081284170859e-05,0.0,0.421263202038205
Kh 4h 6h Qc Ac,5d Jh,0,1,3,0.0010637240212944875,0.0006080772182421376,0.0011121746387593493,0.0006071108543843582,13,2,1.0,0.9999117191871583,0.0,8.828081284170859e-05,0.0,0.421263202038205
Kh 4h 6h Qc Ac,5d Js,0,1,3,0.0010637240212944875,0.0006080772182421376,0.001108167947993305,0.0006078171096380223,13,2,1.0,0.9999117191871583,0.0,8.828081284170859e-05,0.0,0.421263202038205
Kh 4h 6h Qc Ac,5d Qd,0,1,3,9.998410252769808e-07,0.002049007404847645,1.0382334007627082e-06,0.002042731979998529,12,12,1.0,0.9999339325891439,0.0,6.606741085611172e-05,0.0,0.99999
Kh 4h 6h Qc Ac,5d Qh,0,1,3,0.0010637240212944875,9.992425741288106e-07,0.0011014765574639902,9.974756435224802e-07,0,12,1.0,0.9999474840802659,0.0,5.251591973412176e-05,1.0,0.99999
Kh 4h 6h Qc Ac,5d Qs,0,1,3,0.0010637240212944875,9.992425741288106e-07,0.0011021884963484702,9.9734280490642e-07,12,12,1.0,0.9999339325891439,0.0,6.606741085611172e-05,0.0,0.99999
Kh 4h 6h Qc Ac,5d Kc,0,1,3,9.998410252769808e-07,9.992425741288106e-07,1.0257018287990316e-06,1.0032888140595365e-06,5,0,0.0,0.7095180472568701,1.0,0.29048195274313,1.0,0.99999
Kh 4h 6h Qc Ac,5d Kd,0,1,3,0.0010637240212944875,9.992425741288106e-07,0.0010901544639432348,1.0044493908686847e-06,5,0,0.0,0.7095180472568701,1.0,0.29048195274313,1.0,0.99999
Kh 4h 6h Qc Ac,5d Ks,0,1,3,9.998410252769808e-07,9.992425741288106e-07,1.024684161605038e-06,1.0032888140595365e-06,5,0,0.0,0.7095180472568701,1.0,0.29048195274313,1.0,0.99999
Kh 4h 6h Qc Ac,5d Ad,0,1,3,9.998410252769808e-07,0.0019671922059348408,9.846546932251438e-07,0.001972401721720553,14,8,0.0,1e-05,1.0,0.99999,1.0,0.99999
Kh 4h 6h Qc Ac,5d Ah,0,1,3,9.998410252769808e-07,9.992425741288106e-07,9.889500048416086e-07,1.0015957654425396e-06,14,8,0.0,1e-05,1.0,0.99999,1.0,0.99999
Kh 4h 6h Qc Ac,5d As,0,1,3,9.998410252769808e-07,9.992425741288106e-07,9.82506172800431e-07,1.0018887669858168e-06,14,8,0.0,1e-05,1.0,0.99999,1.0,0.99999
Kh 4h 6h Qc Ac,5h 5s,0,1,3,0.0010637240212944875,9.992425741288106e-07,0.001144722770713324,1.009299614296097e-06,13,14,1.0,0.9999117191871583,0.0,8.828081284170859e-05,0.0,0.0009125883486175955
Kh 4h 6h Qc Ac,5h 6c,0,1,3,0.0010637240212944875,9.992425741288106e-07,0.0010930063933088173,9.99651859223736e-07,3,10,1.0,0.9999386731163625,0.0,6.132688363751407e-05,0.0,0.99999
Kh 4h 6h Qc Ac,5h 6d,0,1,3,0.0010637240212944875,9.992425741288106e-07,0.0010930063933088173,9.995190206076757e-07,3,10,1.0,0.9999386731163625,0.0,6.132688363751407e-05,0.0,0.99999
Kh 4h 6h Qc Ac,5h 6s,0,1,3,0.0010637240212944875,9.992425741288106e-07,0.0010930063933088173,9.995190206076757e-07,3,10,1.0,0.9999386731163625,0.0,6.132688363751407e-05,0.0,0.99999
Kh 4h 6h Qc Ac,5h 7c,0,1,3,0.0010637240212944875,9.992425741288106e-07,0.001096815580392271,1.0047959236906677e-06,5,1,0.0,0.7095180472568701,1.0,0.29048195274313,0.0,0.5255925387794849
Kh 4h 6h Qc Ac,5h 7d,0,1,3,0.0010637240212944875,9.992425741288106e-07,0.0011056239034335613,1.0047959236906677e-06,5,1,0.0,0.7095180472568701,1.0,0.29048195274313,0.0,0.5255925387794849
Kh 4h 6h Qc Ac,5h 7h,0,1,3,0.0010637240212944875,9.992425741288106e-07,0.0011048249195811067,1.0036353468815194e-06,1,4,0.0,1e-05,1.0,0.99999,1.0,0.99999
Kh 4h 6h Qc Ac,5h 7s,0,1,3,0.0010637240212944875,9.992425741288106e-07,0.0011056239034335613,1.0047959236906677e-06,5,1,0.0,0.7095180472568701,1.0,0.29048195274313,0.0,0.5255925387794849
Kh 4h 6h Qc Ac,5h 8c,0,1,3,0.0010637240212944875,9.992425741288106e-07,0.0011143238473515487,1.0058178838686523e-06,11,1,0.0,0.8550293018917648,1.0,0.1449706981082352,0.0,0.5255925387794849
Kh 4h 6h Qc Ac,5h 8d,0,1,3,0.0010637240212944875,9.992425741288106e-07,0.0011097306323594324,1.0058178838686523e-06,11,1,0.0,0.8550293018917648,1.0,0.1449706981082352,0.0,0.5255925387794849
Kh 4h 6h Qc Ac,5h 8h,0,1,3,0.00119065335898579,9.992425741288106e-07,0.0012541511744703737,1.0047959236906677e-06,1,4,0.0,1e-05,1.0,0.99999,1.0,0.99999
Kh 4h 6h Qc Ac,5h 8s,0,1,3,0.0010637240212944875,9.992425741288106e-07,0.0011097306323594324,1.0058178838686523e-06,11,1,0.0,0.8550293018917648,1.0,0.1449706981082352,0.0,0.5255925387794849
Kh 4h 6h Qc Ac,5h 9c,0,1,3,0.0010637240212944875,9.992425741288106e-07,0.0011116664487024483,1.0151505734387518e-06,12,9,1.0,0.9999339325891439,0.0,6.606741085611172e-05,0.0,0.9282345585301963
Kh 4h 6h Qc Ac,5h 9d,0,1,3,0.0010637240212944875,9.992425741288106e-07,0.0011017333915587157,1.0151505734387518e-06,12,9,1.0,0.9999339325891439,0.0,6.606741085611172e-05,0.0,0.9282345585301963
Kh 4h 6h Qc Ac,5h 9h,0,1,3,0.0010637240212944875,9.992425741288106e-07,0.00110709148606463,1.0151505734387518e-06,1,4,0.0,1e-05,1.0,0.99999,1.0,0.99999
Kh 4h 6h Qc Ac,5h 9s,0,1,3,0.0010637240212944875,9.992425741288106e-07,0.0011017333915587157,1.0151505734387518e-06,12,9,1.0,0.9999339325891439,0.0,6.606741085611172e-05,0.0,0.9282345585301963
Kh 4h 6h Qc Ac,5h Tc,0,1,3,0.0010637240212944875,9.992425741288106e-07,0.001099750918604757,1.005362072278349e-06,6,11,1.0,0.9999176006029368,0.0,8.239939706325524e-05,0.0,0.11652322995435994
Kh 4h 6h Qc Ac,5h Td,0,1,3,0.0010637240212944875,9.992425741288106e-07,0.001103555743386539,1.0042014954692006e-06,6,11,1.0,0.9999176006029368,0.0,8.239939706325524e-05,0.0,0.11652322995435994
Kh 4h 6h Qc Ac,5h Th,0,1,3,0.0010637240212944875,9.992425741288106e-07,0.0011007114775633353,1.0039019864723228e-06,1,4,0.0,1e-05,1.0,0.99999,1.0,0.99999
Kh 4h 6h Qc Ac,5h Ts,0,1,3,0.0010637240212944875,9.992425741288106e-07,0.001103555743386539,1.0042014954692006e-06,6,11,1.0,0.9999176006029368,0.0,8.239939706325524e-05,0.0,0.11652322995435994
Kh 4h 6h Qc Ac,5h Jc,0,1,3,0.0010637240212944875,0.0006080772182421376,0.0011181824089953828,0.0006074098533345685,13,2,1.0,0.9999117191871583,0.0,8.828081284170859e-05,0.0,0.421263202038205
Kh 4h 6h Qc Ac,5h Jd,0,1,3,0.0010637240212944875,0.0006080772182421376,0.0011123207616349415,0.0006092296201453503,13,2,1.0,0.9999117191871583,0.0,8.828081284170859e-05,0.0,0.421263202038205
Kh 4h 6h Qc Ac,5h Jh,0,1,3,0.0010637240212944875,9.992425741288106e-07,0.0011156216943510773,9.999757190537481e-07,1,4,0.0,1e-05,1.0,0.99999,1.0,0.99999
Kh 4h 6h Qc Ac,5h Js,0,1,3,0.0010637240212944875,0.0006080772182421376,0.0011123207616349413,0.0006092296201453503,13,2,1.0,0.9999117191871583,0.0,8.828081284170859e-05,0.0,0.421263202038205
Kh 4h 6h Qc Ac,5h Qd,0,1,3,0.0010637240212944875,9.992425741288106e-07,0.0011063413099901068,9.996639585247164e-07,12,12,1.0,0.9999339325891439,0.0,6.606741085611172e-05,0.0,0.99999
Kh 4h 6h Qc Ac,5h Qh,0,1,3,9.998410252769808e-07,0.002049007404847645,1.0414676303901055e-06,0.0020477640396703452,1,4,0.0,1e-05,1.0,0.99999,1.0,0.99999
Kh 4h 6h Qc Ac,5h Qs,0,1,3,0.0010637240212944875,9.992425741288106e-07,0.0011063413099901068,9.996639585247162e-07,12,12,1.0,0.9999339325891439,0.0,6.606741085611172e-05,0.0,0.99999
Kh 4h 6h Qc Ac,5h Kc,0,1,3,9.998410252769808e-07,9.992425741288106e-07,1.0296052411185026e-06,1.0056099676778328e-06,15,0,0.0,0.5308743635589362,1.0,0.4691256364410637,1.0,0.99999
Kh 4h 6h Qc Ac,5h Kd,0,1,3,9.998410252769808e-07,9.992425741288106e-07,1.0285875739245088e-06,1.0056099676778328e-06,15,0,0.0,0.5308743635589362,1.0,0.4691256364410637,1.0,0.99999
Kh 4h 6h Qc Ac,5h Ks,0,1,3,9.998410252769808e-07,9.992425741288106e-07,1.0285875739245088e-06,1.005609967677833e-06,15,0,0.0,0.5308743635589362,1.0,0.4691256364410637,1.0,0.99999
Kh 4h 6h Qc Ac,5h Ad,0,1,3,9.998410252769808e-07,9.992425741288106e-07,9.864095851199019e-07,1.004209920604113e-06,14,8,0.0,1e-05,1.0,0.99999,1.0,0.99999
Kh 4h 6h Qc Ac,5h Ah,0,1,3,9.998410252769808e-07,0.0019671922059348408,9.950019375857927e-07,0.0019763945109168173,1,4,0.0,1e-05,1.0,0.99999,1.0,0.99999
Kh 4h 6h Qc Ac,5h As,0,1,3,9.998410252769808e-07,9.992425741288106e-07,9.864095851199019e-07,1.0042099206041133e-06,14,8,0.0,1e-05,1.0,0.99999,1.0,0.99999
Kh 4h 6h Qc Ac,5s 6c,0,1,3,0.0010637240212944875,9.992425741288106e-07,0.0010888535796671807,9.973307056054395e-07,3,10,1.0,0.9999386731163625,0.0,6.132688363751407e-05,1.0,0.99999
Kh 4h 6h Qc Ac,5s 6d,0,1,3,0.0010637240212944875,9.992425741288106e-07,0.0010888535796671807,9.971978669893792e-07,3,10,1.0,0.9999386731163625,0.0,6.132688363751407e-05,1.0,0.99999
Kh 4h 6h Qc Ac,5s 6s,0,1,3,0.0010637240212944875,9.992425741288106e-07,0.0010888535796671807,9.971978669893792e-07,3,10,1.0,0.9999386731163625,0.0,6.132688363751407e-05,1.0,0.99999
Kh 4h 6h Qc Ac,5s 7c,0,1,3,0.0010637240212944875,9.992425741288106e-07,0.0010926627667506344,1.002474770072371e-06,5,1,1.0,0.7095180472568701,0.0,0.29048195274313,0.0,0.5255925387794849
Kh 4h 6h Qc Ac,5s 7d,0,1,3,0.0010637240212944875,9.992425741288106e-07,0.0011014710897919247,1.002474770072371e-06,5,1,1.0,0.7095180472568701,0.0,0.29048195274313,0.0,0.5255925387794849
Kh 4h 6h Qc Ac,5s 7h,0,1,3,0.0010637240212944875,9.992425741288106e-07,0.0011006721059394703,1.0013141932632229e-06,5,1,0.42846227461560027,0.7095180472568701,0.5715377253843997,0.29048195274313,0.0,0.5255925387794849
Kh 4h 6h Qc Ac,5s 7s,0,1,3,0.0010637240212944875,9.992425741288106e-07,0.001101471089791925,1.002474770072371e-06,5,1,1.0,0.7095180472568701,0.0,0.29048195274313,0.0,0.5255925387794849
Kh 4h 6h Qc Ac,5s 8c,0,1,3,0.0010637240212944875,9.992425741288106e-07,0.0011101710337099123,1.0034967302503556e-06,11,1,1.0,0.8550293018917648,0.0,0.1449706981082352,0.0,0.5255925387794849
Kh 4h 6h Qc Ac,5s 8d,0,1,3,0.0010637240212944875,9.992425741288106e-07,0.0011055778187177958,1.0034967302503556e-06,11,1,1.0,0.8550293018917648,0.0,0.1449706981082352,0.0,0.5255925387794849
Kh 4h 6h Qc Ac,5s 8h,0,1,3,0.0010637240212944875,9.992425741288106e-07,0.0011162998525778623,1.0023361534412075e-06,11,1,0.0,0.8550293018917648,1.0,0.1449706981082352,0.0,0.5255925387794849
Kh 4h 6h Qc Ac,5s 8s,0,1,3,0.00119065335898579,9.992425741288106e-07,0.0012375013792342454,1.0036353468815194e-06,11,1,1.0,0.8550293018917648,0.0,0.1449706981082352,0.0,0.5255925387794849
Kh 4h 6h Qc Ac,5s 9c,0,1,3,0.0010637240212944875,9.992425741288106e-07,0.0011075136350608117,1.0128294198204553e-06,12,9,1.0,0.9999339325891439,0.0,6.606741085611172e-05,0.0,0.9282345585301963
Kh 4h 6h Qc Ac,5s 9d,0,1,3,0.0010637240212944875,9.992425741288106e-07,0.0010975805779170791,1.0128294198204553e-06,12,9,1.0,0.9999339325891439,0.0,6.606741085611172e-05,0.0,0.9282345585301963
Kh 4h 6h Qc Ac,5s 9h,0,1,3,0.0010637240212944875,9.992425741288106e-07,0.0011029386724229937,1.0128294198204553e-06,12,9,1.0,0.9999339325891439,0.0,6.606741085611172e-05,0.0,0.9282345585301963
Kh 4h 6h Qc Ac,5s 9s,0,1,3,0.0010637240212944875,9.992425741288106e-07,0.0010975805779170793,1.0128294198204553e-06,12,9,1.0,0.9999339325891439,0.0,6.606741085611172e-05,0.0,0.9282345585301963
Kh 4h 6h Qc Ac,5s Tc,0,1,3,0.0010637240212944875,9.992425741288106e-07,0.0010955981049631204,1.0030409186600525e-06,6,11,1.0,0.9999176006029368,0.0,8.239939706325524e-05,0.0,0.11652322995435994
Kh 4h 6h Qc Ac,5s Td,0,1,3,0.0010637240212944875,9.992425741288106e-07,0.0010994029297449024,1.0018803418509044e-06,6,11,1.0,0.9999176006029368,0.0,8.239939706325524e-05,0.0,0.11652322995435994
Kh 4h 6h Qc Ac,5s Th,0,1,3,0.0010637240212944875,9.992425741288106e-07,0.001096558663921699,1.0015808328540265e-06,6,11,1.0,0.9999176006029368,0.0,8.239939706325524e-05,1.0,0.11652322995435994
Kh 4h 6h Qc Ac,5s Ts,0,1,3,0.0010637240212944875,9.992425741288106e-07,0.0010994029297449026,1.0018803418509041e-06,6,11,1.0,0.9999176006029368,0.0,8.239939706325524e-05,0.0,0.11652322995435994
Kh 4h 6h Qc Ac,5s Jc,0,1,3,0.0010637240212944875,0.0006080772182421376,0.0011140295953537464,0.0006059973428272406,13,2,1.0,0.9999117191871583,0.0,8.828081284170859e-05,0.0,0.421263202038205
Kh 4h 6h Qc Ac,5s Jd,0,1,3,0.0010637240212944875,0.0006080772182421376,0.001108167947993305,0.0006078171096380223,13,2,1.0,0.9999117191871583,0.0,8.828081284170859e-05,0.0,0.421263202038205
Kh 4h 6h Qc Ac,5s Jh,0,1,3,0.0010637240212944875,0.0006080772182421376,0.0011121746387593493,0.0006071108543843582,13,2,1.0,0.9999117191871583,0.0,8.828081284170859e-05,0.0,0.421263202038205
Kh 4h 6h Qc Ac,5s Js,0,1,3,0.0010637240212944875,9.992425741288106e-07,0.0011074621899433965,9.988151422446e-07,13,2,1.0,0.9999117191871583,0.0,8.828081284170859e-05,0.0,0.421263202038205
Kh 4h 6h Qc Ac,5s Qd,0,1,3,0.0010637240212944875,9.992425741288106e-07,0.0011021884963484702,9.973428049064197e-07,12,12,1.0,0.9999339325891439,0.0,6.606741085611172e-05,0.0,0.99999
Kh 4h 6h Qc Ac,5s Qh,0,1,3,0.0010637240212944875,9.992425741288106e-07,0.0011014765574639902,9.9747564352248e-07,0,12,1.0,0.9999474840802659,0.0,5.251591973412176e-05,1.0,0.99999
Kh 4h 6h Qc Ac,5s Qs,0,1,3,9.998410252769808e-07,0.002049007404847645,1.0382334007627082e-06,0.0020427319799985293,12,12,1.0,0.9999339325891439,0.0,6.606741085611172e-05,0.0,0.99999
Kh 4h 6h Qc Ac,5s Kc,0,1,3,9.998410252769808e-07,9.992425741288106e-07,1.0257018287990316e-06,1.0032888140595365e-06,5,0,0.0,0.7095180472568701,1.0,0.29048195274313,1.0,0.99999
Kh 4h 6h Qc Ac,5s Kd,0,1,3,9.998410252769808e-07,9.992425741288106e-07,1.024684161605038e-06,1.0032888140595365e-06,5,0,0.0,0.7095180472568701,1.0,0.29048195274313,1.0,0.99999
Kh 4h 6h Qc Ac,5s Ks,0,1,3,0.0010637240212944875,9.992425741288106e-07,0.0010901544639432348,1.0044493908686847e-06,5,0,0.0,0.7095180472568701,1.0,0.29048195274313,1.0,0.99999
Kh 4h 6h Qc Ac,5s Ad,0,1,3,9.998410252769808e-07,9.992425741288106e-07,9.82506172800431e-07,1.0018887669858165e-06,14,8,0.0,1e-05,1.0,0.99999,1.0,0.99999
Kh 4h 6h Qc Ac,5s Ah,0,1,3,9.998410252769808e-07,9.992425741288106e-07,9.889500048416086e-07,1.0015957654425396e-06,14,8,0.0,1e-05,1.0,0.99999,1.0,0.99999
Kh 4h 6h Qc Ac,5s As,0,1,3,9.998410252769808e-07,0.0019671922059348408,9.846546932251438e-07,0.001972401721720553,14,8,0.0,1e-05,1.0,0.99999,1.0,0.99999
Kh 4h 6h Qc Ac,6c 6d,0,1,3,0.0010637240212944875,9.992425741288106e-07,0.001037137202262674,9.875501119170185e-07,1,4,0.0,1e-05,1.0,0.99999,1.0,0.99999
Kh 4h 6h Qc Ac,6c 6s,0,1,3,0.0010637240212944875,9.992425741288106e-07,0.001037137202262674,9.875501119170185e-07,1,4,0.0,1e-05,1.0,0.99999,1.0,0.99999
Kh 4h 6h Qc Ac,6c 7c,0,1,3,0.0010637240212944875,9.992425741288106e-07,0.0010409463893461279,9.928270150000105e-07,3,10,1.0,0.9999386731163625,0.0,6.132688363751407e-05,1.0,0.99999
Kh 4h 6h Qc Ac,6c 7d,0,1,3,0.0010637240212944875,0.0006882680591359122,0.0010505536962398727,0.0006838490876627542,3,10,1.0,0.9999386731163625,0.0,6.132688363751407e-05,1.0,0.99999
Kh 4h 6h Qc Ac,6c 7h,0,1,3,0.0010637240212944875,0.0006882680591359122,0.0010497547123874181,0.000683049694233579,3,10,1.0,0.9999386731163625,0.0,6.132688363751407e-05,1.0,0.99999
Kh 4h 6h Qc Ac,6c 7s,0,1,3,0.0010637240212944875,0.0006882680591359122,0.0010505536962398727,0.0006838490876627542,3,10,1.0,0.9999386731163625,0.0,6.132688363751407e-05,1.0,0.99999
Kh 4h 6h Qc Ac,6c 8c,0,1,3,0.0010637240212944875,9.992425741288106e-07,0.0010584546563054055,9.938489751779949e-07,3,10,1.0,0.9999386731163625,0.0,6.132688363751407e-05,1.0,0.99999
Kh 4h 6h Qc Ac,6c 8d,0,1,3,0.0010637240212944875,9.992425741288106e-07,0.001053861441313289,9.938489751779949e-07,3,10,1.0,0.9999386731163625,0.0,6.132688363751407e-05,1.0,0.99999
Kh 4h 6h Qc Ac,6c 8h,0,1,3,0.0010637240212944875,9.992425741288106e-07,0.0010645834751733555,9.926883983688467e-07,3,10,1.0,0.9999386731163625,0.0,6.132688363751407e-05,1.0,0.99999
Kh 4h 6h Qc Ac,6c 8s,0,1,3,0.0010637240212944875,9.992425741288106e-07,0.001053861441313289,9.938489751779949e-07,3,10,1.0,0.9999386731163625,0.0,6.132688363751407e-05,1.0,0.99999
Kh 4h 6h Qc Ac,6c 9c,0,1,3,0.0010637240212944875,0.00400907056770137,0.0010604568379996757,0.004024874630372609,3,10,1.0,0.9999386731163625,0.0,6.132688363751407e-05,1.0,0.99999
Kh 4h 6h Qc Ac,6c 9d,0,1,3,0.0010637240212944875,0.004668631378012825,0.0010512905527863023,0.004687035479821709,3,10,1.0,0.9999386731163625,0.0,6.132688363751407e-05,1.0,0.99999
Kh 4h 6h Qc Ac,6c 9h,0,1,3,0.0010637240212944875,0.004668631378012825,0.0010566486472922169,0.004687035479821709,3,10,1.0,0.9999386731163625,0.0,6.132688363751407e-05,1.0,0.99999
Kh 4h 6h Qc Ac,6c 9s,0,1,3,0.0010637240212944875,0.004668631378012825,0.0010512905527863025,0.004687035479821709,3,10,1.0,0.9999386731163625,0.0,6.132688363751407e-05,1.0,0.99999
Kh 4h 6h Qc Ac,6c Tc,0,1,3,0.0010637240212944875,0.0040191616211375444,0.001048553039248665,0.003995634074411901,3,10,1.0,0.9999386731163625,0.0,6.132688363751407e-05,1.0,0.99999
Kh 4h 6h Qc Ac,6c Td,0,1,3,0.0010637240212944875,0.0050936015983571,0.0010536069534282822,0.005057868450374567,3,10,1.0,0.9999386731163625,0.0,6.132688363751407e-05,1.0,0.99999
Kh 4h 6h Qc Ac,6c Th,0,1,3,0.0010637240212944875,0.0050936015983571,0.0010507626876050786,0.005056341714480082,3,10,1.0,0.9999386731163625,0.0,6.132688363751407e-05,1.0,0.99999
Kh 4h 6h Qc Ac,6c Ts,0,1,3,0.0010637240212944875,0.0050936015983571,0.0010536069534282822,0.005057868450374567,3,10,1.0,0.9999386731163625,0.0,6.132688363751407e-05,1.0,0.99999
Kh 4h 6h Qc Ac,6c Jc,0,1,3,0.0010637240212944875,9.992425741288106e-07,0.0010616074598993313,9.861769964492053e-07,3,10,1.0,0.9999386731163625,0.0,6.132688363751407e-05,1.0,0.99999
Kh 4h 6h Qc Ac,6c Jd,0,1,3,0.0010637240212944875,0.0034125556571740125,0.001059711914915889,0.0033781474592690427,3,10,1.0,0.9999386731163625,0.0,6.132688363751407e-05,1.0,0.99999
Kh 4h 6h Qc Ac,6c Jh,0,1,3,0.0010637240212944875,0.0034125556571740125,0.0010637186056819334,0.0033741839242294185,3,10,1.0,0.9999386731163625,0.0,6.132688363751407e-05,1.0,0.99999
Kh 4h 6h Qc Ac,6c Js,0,1,3,0.0010637240212944875,0.0034125556571740125,0.001059711914915889,0.0033781474592690427,3,10,1.0,0.9999386731163625,0.0,6.132688363751407e-05,1.0,0.99999
Kh 4h 6h Qc Ac,6c Qd,0,1,3,0.000942085532356905,9.992425741288106e-07,0.0009303490055598112,9.875622112179987e-07,1,4,0.0,1e-05,1.0,0.99999,1.0,0.99999
Kh 4h 6h Qc Ac,6c Qh,0,1,3,0.000942085532356905,9.992425741288106e-07,0.0009297184779891592,9.87695049834059e-07,1,4,0.0,1e-05,1.0,0.99999,1.0,0.99999
Kh 4h 6h Qc Ac,6c Qs,0,1,3,0.000942085532356905,9.992425741288106e-07,0.0009303490055598112,9.875622112179987e-07,1,4,0.0,1e-05,1.0,0.99999,1.0,0.99999
Kh 4h 6h Qc Ac,6c Kc,0,1,3,0.0010637240212944875,0.0042905043066428245,0.0010445075366265083,0.004271435998772076,1,4,0.0,1e-05,1.0,0.99999,1.0,0.99999
Kh 4h 6h Qc Ac,6c Kd,0,1,3,0.00028243706772301916,9.992425741288106e-07,0.00027572321608097274,9.939484101556167e-07,1,4,0.0,1e-05,1.0,0.99999,1.0,0.99999
Kh 4h 6h Qc Ac,6c Ks,0,1,3,0.00028243706772301916,9.992425741288106e-07,0.00027572321608097274,9.939484101556167e-07,1,4,0.0,1e-05,1.0,0.99999,1.0,0.99999
Kh 4h 6h Qc Ac,6c Ad,0,1,3,0.0010637240212944875,9.992425741288106e-07,0.0009935652130247398,9.93401588722604e-07,1,4,0.0,1e-05,1.0,0.99999,1.0,0.99999
Kh 4h 6h Qc Ac,6c Ah,0,1,3,0.0010637240212944875,9.992425741288106e-07,0.0010004207618150977,9.931085871793268e-07,1,4,0.0,1e-05,1.0,0.99999,1.0,0.99999
Kh 4h 6h Qc Ac,6c As,0,1,3,0.0010637240212944875,9.992425741288106e-07,0.0009935652130247398,9.93401588722604e-07,1,4,0.0,1e-05,1.0,0.99999,1.0,0.99999
Kh 4h 6h Qc Ac,6d 6s,0,1,3,0.0010637240212944875,9.992425741288106e-07,0.001037137202262674,9.874172733009582e-07,1,4,0.0,1e-05,1.0,0.99999,1.0,0.99999
Kh 4h 6h Qc Ac,6d 7c,0,1,3,0.0010637240212944875,0.0006882680591359122,0.0010417453731985825,0.000683757589783439,3,10,1.0,0.9999386731163625,0.0,6.132688363751407e-05,1.0,0.99999
Kh 4h 6h Qc Ac,6d 7d,0,1,3,0.0010637240212944875,9.992425741288106e-07,0.0010497547123874181,9.926941763839502e-07,3,10,1.0,0.9999386731163625,0.0,6.132688363751407e-05,1.0,0.99999
Kh 4h 6h Qc Ac,6d 7h,0,1,3,0.0010637240212944875,0.0006882680591359122,0.0010497547123874181,0.0006829581963542638,3,10,1.0,0.9999386731163625,0.0,6.132688363751407e-05,1.0,0.99999
Kh 4h 6h Qc Ac,6d 7s,0,1,3,0.0010637240212944875,0.0006882680591359122,0.0010505536962398727,0.000683757589783439,3,10,1.0,0.9999386731163625,0.0,6.132688363751407e-05,1.0,0.99999
Kh 4h 6h Qc Ac,6d 8c,0,1,3,0.0010637240212944875,9.992425741288106e-07,0.0010584546563054055,9.937161365619346e-07,3,10,1.0,0.9999386731163625,0.0,6.132688363751407e-05,1.0,0.99999
Kh 4h 6h Qc Ac,6d 8d,0,1,3,0.0010637240212944875,9.992425741288106e-07,0.001053861441313289,9.937161365619346e-07,3,10,1.0,0.9999386731163625,0.0,6.132688363751407e-05,1.0,0.99999
Kh 4h 6h Qc Ac,6d 8h,0,1,3,0.0010637240212944875,9.992425741288106e-07,0.0010645834751733555,9.925555597527864e-07,3,10,1.0,0.9999386731163625,0.0,6.132688363751407e-05,1.0,0.99999
Kh 4h 6h Qc Ac,6d 8s,0,1,3,0.0010637240212944875,9.992425741288106e-07,0.001053861441313289,9.937161365619346e-07,3,10,1.0,0.9999386731163625,0.0,6.132688363751407e-05,1.0,0.99999
Kh 4h 6h Qc Ac,6d 9c,0,1,3,0.0010637240212944875,0.004668631378012825,0.0010612236099300349,0.004686414835198264,3,10,1.0,0.9999386731163625,0.0,6.132688363751407e-05,1.0,0.99999
Kh 4h 6h Qc Ac,6d 9d,0,1,3,0.0010637240212944875,0.00400907056770137,0.001050523780855943,0.004024341667306692,3,10,1.0,0.9999386731163625,0.0,6.132688363751407e-05,1.0,0.99999
Kh 4h 6h Qc Ac,6d 9h,0,1,3,0.0010637240212944875,0.004668631378012825,0.0010566486472922169,0.004686414835198264,3,10,1.0,0.9999386731163625,0.0,6.132688363751407e-05,1.0,0.99999
Kh 4h 6h Qc Ac,6d 9s,0,1,3,0.0010637240212944875,0.004668631378012825,0.0010512905527863025,0.004686414835198264,3,10,1.0,0.9999386731163625,0.0,6.132688363751407e-05,1.0,0.99999
Kh 4h 6h Qc Ac,6d Tc,0,1,3,0.0010637240212944875,0.0050936015983571,0.0010498021286465004,0.00506310730732336,3,10,1.0,0.9999386731163625,0.0,6.132688363751407e-05,1.0,0.99999
Kh 4h 6h Qc Ac,6d Td,0,1,3,0.0010637240212944875,0.0040191616211375444,0.0010523578640304469,0.003990431688352922,3,10,1.0,0.9999386731163625,0.0,6.132688363751407e-05,1.0,0.99999
Kh 4h 6h Qc Ac,6d Th,0,1,3,0.0010637240212944875,0.0050936015983571,0.0010507626876050786,0.005055664574609737,3,10,1.0,0.9999386731163625,0.0,6.132688363751407e-05,1.0,0.99999
Kh 4h 6h Qc Ac,6d Ts,0,1,3,0.0010637240212944875,0.0050936015983571,0.0010536069534282822,0.005057191310504222,3,10,1.0,0.9999386731163625,0.0,6.132688363751407e-05,1.0,0.99999
Kh 4h 6h Qc Ac,6d Jc,0,1,3,0.0010637240212944875,0.0034125556571740125,0.0010655735622763305,0.003367481186408251,3,10,1.0,0.9999386731163625,0.0,6.132688363751407e-05,1.0,0.99999
Kh 4h 6h Qc Ac,6d Jd,0,1,3,0.0010637240212944875,9.992425741288106e-07,0.0010557458125388898,9.89034548556179e-07,3,10,1.0,0.9999386731163625,0.0,6.132688363751407e-05,1.0,0.99999
Kh 4h 6h Qc Ac,6d Jh,0,1,3,0.0010637240212944875,0.0034125556571740125,0.0010637186056819334,0.0033737302614427595,3,10,1.0,0.9999386731163625,0.0,6.132688363751407e-05,1.0,0.99999
Kh 4h 6h Qc Ac,6d Js,0,1,3,0.0010637240212944875,0.0034125556571740125,0.001059711914915889,0.0033776937964823837,3,10,1.0,0.9999386731163625,0.0,6.132688363751407e-05,1.0,0.99999
Kh 4h 6h Qc Ac,6d Qd,0,1,3,0.0010637240212944875,9.992425741288106e-07,0.0010504721189439636,9.875622112179987e-07,1,4,0.0,1e-05,1.0,0.99999,1.0,0.99999
Kh 4h 6h Qc Ac,6d Qh,0,1,3,0.000942085532356905,9.992425741288106e-07,0.0009297184779891592,9.875622112179987e-07,1,4,0.0,1e-05,1.0,0.99999,1.0,0.99999
Kh 4h 6h Qc Ac,6d Qs,0,1,3,0.000942085532356905,9.992425741288106e-07,0.0009303490055598112,9.874293726019383e-07,1,4,0.0,1e-05,1.0,0.99999,1.0,0.99999
Kh 4h 6h Qc Ac,6d Kc,0,1,3,0.00028243706772301916,9.992425741288106e-07,0.00027601068872004544,9.938155715395564e-07,1,4,0.0,1e-05,1.0,0.99999,1.0,0.99999
Kh 4h 6h Qc Ac,6d Kd,0,1,3,0.0010637240212944875,0.0042905043066428245,0.0010434248474663643,0.004270865622099733,1,4,0.0,1e-05,1.0,0.99999,1.0,0.99999
Kh 4h 6h Qc Ac,6d Ks,0,1,3,0.00028243706772301916,9.992425741288106e-07,0.00027572321608097274,9.938155715395564e-07,1,4,0.0,1e-05,1.0,0.99999,1.0,0.99999
Kh 4h 6h Qc Ac,6d Ad,0,1,3,0.0010637240212944875,9.992425741288106e-07,0.0009935652130247398,9.932687501065436e-07,1,4,0.0,1e-05,1.0,0.99999,1.0,0.99999
Kh 4h 6h Qc Ac,6d Ah,0,1,3,0.0010637240212944875,9.992425741288106e-07,0.0010004207618150977,9.929757485632665e-07,1,4,0.0,1e-05,1.0,0.99999,1.0,0.99999
Kh 4h 6h Qc Ac,6d As,0,1,3,0.0010637240212944875,9.992425741288106e-07,0.0009935652130247398,9.932687501065436e-07,1,4,0.0,1e-05,1.0,0.99999,1.0,0.99999
Kh 4h 6h Qc Ac,6s 7c,0,1,3,0.0010637240212944875,0.0006882680591359122,0.0010417453731985825,0.000683757589783439,3,10,1.0,0.9999386731163625,0.0,6.132688363751407e-05,1.0,0.99999
Kh 4h 6h Qc Ac,6s 7d,0,1,3,0.0010637240212944875,0.0006882680591359122,0.0010505536962398727,0.000683757589783439,3,10,1.0,0.9999386731163625,0.0,6.132688363751407e-05,1.0,0.99999
Kh 4h 6h Qc Ac,6s 7h,0,1,3,0.0010637240212944875,0.0006882680591359122,0.0010497547123874181,0.0006829581963542638,3,10,1.0,0.9999386731163625,0.0,6.132688363751407e-05,1.0,0.99999
Kh 4h 6h Qc Ac,6s 7s,0,1,3,0.0010637240212944875,9.992425741288106e-07,0.0010497547123874181,9.926941763839502e-07,3,10,1.0,0.9999386731163625,0.0,6.132688363751407e-05,1.0,0.99999
Kh 4h 6h Qc Ac,6s 8c,0,1,3,0.0010637240212944875,9.992425741288106e-07,0.0010584546563054055,9.937161365619346e-07,3,10,1.0,0.9999386731163625,0.0,6.132688363751407e-05,1.0,0.99999
Kh 4h 6h Qc Ac,6s 8d,0,1,3,0.0010637240212944875,9.992425741288106e-07,0.0010538614413132892,9.937161365619346e-07,3,10,1.0,0.9999386731163625,0.0,6.132688363751407e-05,1.0,0.99999
Kh 4h 6h Qc Ac,6s 8h,0,1,3,0.0010637240212944875,9.992425741288106e-07,0.0010645834751733555,9.925555597527864e-07,3,10,1.0,0.9999386731163625,0.0,6.132688363751407e-05,1.0,0.99999
Kh 4h 6h Qc Ac,6s 8s,0,1,3,0.0010637240212944875,9.992425741288106e-07,0.001053861441313289,9.937161365619346e-07,3,10,1.0,0.9999386731163625,0.0,6.132688363751407e-05,1.0,0.99999
Kh 4h 6h Qc Ac,6s 9c,0,1,3,0.0010637240212944875,0.004668631378012825,0.0010612236099300349,0.004686414835198264,3,10,1.0,0.9999386731163625,0.0,6.132688363751407e-05,1.0,0.99999
Kh 4h 6h Qc Ac,6s 9d,0,1,3,0.0010637240212944875,0.004668631378012825,0.0010512905527863025,0.004686414835198264,3,10,1.0,0.9999386731163625,0.0,6.132688363751407e-05,1.0,0.99999
Kh 4h 6h Qc Ac,6s 9h,0,1,3,0.0010637240212944875,0.004668631378012825,0.0010566486472922167,0.004686414835198264,3,10,1.0,0.9999386731163625,0.0,6.132688363751407e-05,1.0,0.99999
Kh 4h 6h Qc Ac,6s 9s,0,1,3,0.0010637240212944875,0.00400907056770137,0.0010505237808559433,0.004024341667306692,3,10,1.0,0.9999386731163625,0.0,6.132688363751407e-05,1.0,0.99999
Kh 4h 6h Qc Ac,6s Tc,0,1,3,0.0010637240212944875,0.0050936015983571,0.0010498021286465002,0.00506310730732336,3,10,1.0,0.9999386731163625,0.0,6.132688363751407e-05,1.0,0.99999
Kh 4h 6h Qc Ac,6s Td,0,1,3,0.0010637240212944875,0.0050936015983571,0.0010536069534282822,0.005057191310504222,3,10,1.0,0.9999386731163625,0.0,6.132688363751407e-05,1.0,0.99999
Kh 4h 6h Qc Ac,6s Th,0,1,3,0.0010637240212944875,0.0050936015983571,0.0010507626876050786,0.005055664574609738,3,10,1.0,0.9999386731163625,0.0,6.132688363751407e-05,1.0,0.99999
Kh 4h 6h Qc Ac,6s Ts,0,1,3,0.0010637240212944875,0.0040191616211375444,0.0010523578640304469,0.003990431688352922,3,10,1.0,0.9999386731163625,0.0,6.132688363751407e-05,1.0,0.99999
Kh 4h 6h Qc Ac,6s Jc,0,1,3,0.0010637240212944875,0.0034125556571740125,0.0010655735622763305,0.003367481186408251,3,10,1.0,0.9999386731163625,0.0,6.132688363751407e-05,1.0,0.99999
Kh 4h 6h Qc Ac,6s Jd,0,1,3,0.0010637240212944875,0.0034125556571740125,0.001059711914915889,0.0033776937964823837,3,10,1.0,0.9999386731163625,0.0,6.132688363751407e-05,1.0,0.99999
Kh 4h 6h Qc Ac,6s Jh,0,1,3,0.0010637240212944875,0.0034125556571740125,0.0010637186056819334,0.0033737302614427595,3,10,1.0,0.9999386731163625,0.0,6.132688363751407e-05,1.0,0.99999
Kh 4h 6h Qc Ac,6s Js,0,1,3,0.0010637240212944875,9.992425741288106e-07,0.0010557458125388898,9.890345485561787e-07,3,10,1.0,0.9999386731163625,0.0,6.132688363751407e-05,1.0,0.99999
Kh 4h 6h Qc Ac,6s Qd,0,1,3,0.000942085532356905,9.992425741288106e-07,0.0009303490055598113,9.874293726019383e-07,1,4,0.0,1e-05,1.0,0.99999,1.0,0.99999
Kh 4h 6h Qc Ac,6s Qh,0,1,3,0.000942085532356905,9.992425741288106e-07,0.0009297184779891592,9.875622112179987e-07,1,4,0.0,1e-05,1.0,0.99999,1.0,0.99999
Kh 4h 6h Qc Ac,6s Qs,0,1,3,0.0010637240212944875,9.992425741288106e-07,0.0010504721189439636,9.875622112179987e-07,1,4,0.0,1e-05,1.0,0.99999,1.0,0.99999
Kh 4h 6h Qc Ac,6s Kc,0,1,3,0.00028243706772301916,9.992425741288106e-07,0.00027601068872004544,9.938155715395564e-07,1,4,0.0,1e-05,1.0,0.99999,1.0,0.99999
Kh 4h 6h Qc Ac,6s Kd,0,1,3,0.00028243706772301916,9.992425741288106e-07,0.00027572321608097274,9.938155715395564e-07,1,4,0.0,1e-05,1.0,0.99999,1.0,0.99999
Kh 4h 6h Qc Ac,6s Ks,0,1,3,0.0010637240212944875,0.0042905043066428245,0.0010434248474663643,0.004270865622099733,1,4,0.0,1e-05,1.0,0.99999,1.0,0.99999
Kh 4h 6h Qc Ac,6s Ad,0,1,3,0.0010637240212944875,9.992425741288106e-07,0.0009935652130247398,9.932687501065436e-07,1,4,0.0,1e-05,1.0,0.99999,1.0,0.99999
Kh 4h 6h Qc Ac,6s Ah,0,1,3,0.0010637240212944875,9.992425741288106e-07,0.0010004207618150977,9.929757485632665e-07,1,4,0.0,1e-05,1.0,0.99999,1.0,0.99999
Kh 4h 6h Qc Ac,6s As,0,1,3,0.0010637240212944875,9.992425741288106e-07,0.0009935652130247398,9.932687501065436e-07,1,4,0.0,1e-05,1.0,0.99999,1.0,0.99999
Kh 4h 6h Qc Ac,7c 7d,0,1,3,0.0010637240212944875,0.004533256411655355,0.0010588328716779672,0.004527488031206415,6,10,1.0,0.9999176006029368,0.0,8.239939706325524e-05,0.0,0.99999
Kh 4h 6h Qc Ac,7c 7h,0,1,3,0.0010637240212944875,0.004533256411655355,0.0010580338878255127,0.00452222285096139,6,3,1.0,0.9999176006029368,0.0,8.239939706325524e-05,0.2913664484189397,0.7889648157518971
Kh 4h 6h Qc Ac,7c 7s,0,1,3,0.0010637240212944875,0.004533256411655355,0.0010588328716779672,0.004527488031206415,6,10,1.0,0.9999176006029368,0.0,8.239939706325524e-05,0.17805608150074095,0.99999
Kh 4h 6h Qc Ac,7c 8c,0,1,3,0.0010637240212944875,0.002976987613842753,0.0010657235764604566,0.002976244189686358,7,15,1.0,0.9999036579653051,0.0,9.634203469490932e-05,0.9080493459858375,3.494798080559355e-05
Kh 4h 6h Qc Ac,7c 8d,0,1,3,0.0010637240212944875,0.0027400041275711384,0.0010608548564923154,0.0027393198837914142,7,15,1.0,0.9999036579653051,0.0,9.634203469490932e-05,0.0,3.494798080559355e-05
Kh 4h 6h Qc Ac,7c 8h,0,1,3,0.0010637240212944875,0.0027400041275711384,0.0010715768903523817,0.002736137488115167,7,15,1.0,0.9999036579653051,0.0,9.634203469490932e-05,0.0,3.494798080559355e-05
Kh 4h 6h Qc Ac,7c 8s,0,1,3,0.0010637240212944875,0.0027400041275711384,0.0010608548564923152,0.0027393198837914142,7,15,1.0,0.9999036579653051,0.0,9.634203469490932e-05,0.0,3.494798080559355e-05
Kh 4h 6h Qc Ac,7c 9c,0,1,3,9.998410252769808e-07,9.992425741288106e-07,9.959707338463836e-07,1.0071651524058777e-06,12,9,1.0,0.9999339325891439,0.0,6.606741085611172e-05,1.0,0.9282345585301963
Kh 4h 6h Qc Ac,7c 9d,0,1,3,9.998410252769808e-07,9.992425741288106e-07,9.86634216253561e-07,1.0071651524058777e-06,12,9,1.0,0.9999339325891439,0.0,6.606741085611172e-05,1.0,0.9282345585301963
Kh 4h 6h Qc Ac,7c 9h,0,1,3,9.998410252769808e-07,9.992425741288106e-07,9.916705251053672e-07,1.0071651524058777e-06,12,9,1.0,0.9999339325891439,0.0,6.606741085611172e-05,1.0,0.9282345585301963
Kh 4h 6h Qc Ac,7c 9s,0,1,3,9.998410252769808e-07,9.992425741288106e-07,9.86634216253561e-07,1.0071651524058777e-06,12,9,1.0,0.9999339325891439,0.0,6.606741085611172e-05,1.0,0.9282345585301963
Kh 4h 6h Qc Ac,7c Tc,0,1,3,0.0010637240212944875,9.992425741288106e-07,0.0010476909146420678,9.985372280546232e-07,6,6,1.0,0.9999176006029368,0.0,8.239939706325524e-05,1.0,0.9996472715313675
Kh 4h 6h Qc Ac,7c Td,0,1,3,0.0010637240212944875,9.992425741288106e-07,0.0010514957394238496,9.97376651245475e-07,6,6,1.0,0.9999176006029368,0.0,8.239939706325524e-05,1.0,0.9996472715313675
Kh 4h 6h Qc Ac,7c Th,0,1,3,0.0010637240212944875,9.992425741288106e-07,0.001048651473600646,9.970771422485972e-07,6,6,1.0,0.9999176006029368,0.0,8.239939706325524e-05,1.0,0.9996472715313675
Kh 4h 6h Qc Ac,7c Ts,0,1,3,0.0010637240212944875,9.992425741288106e-07,0.0010514957394238496,9.973766512454749e-07,6,6,1.0,0.9999176006029368,0.0,8.239939706325524e-05,1.0,0.9996472715313675
Kh 4h 6h Qc Ac,7c Jc,0,1,3,0.0010637240212944875,0.001722830665522375,0.0010674183608252183,0.001709172894893418,13,2,1.0,0.9999117191871583,0.0,8.828081284170859e-05,1.0,0.421263202038205
Kh 4h 6h Qc Ac,7c Jd,0,1,3,0.0010637240212944875,9.992425741288106e-07,0.0010595549996223435,9.943114516391707e-07,13,2,1.0,0.9999117191871583,0.0,8.828081284170859e-05,1.0,0.421263202038205
Kh 4h 6h Qc Ac,7c Jh,0,1,3,0.0010637240212944875,9.992425741288106e-07,0.001063561690388388,9.931508748300226e-07,13,2,1.0,0.9999117191871583,0.0,8.828081284170859e-05,1.0,0.421263202038205
Kh 4h 6h Qc Ac,7c Js,0,1,3,0.0010637240212944875,9.992425741288106e-07,0.0010595549996223435,9.943114516391707e-07,13,2,1.0,0.9999117191871583,0.0,8.828081284170859e-05,1.0,0.421263202038205
Kh 4h 6h Qc Ac,7c Qd,0,1,3,0.0010637240212944875,9.992425741288106e-07,0.0010542813060274174,9.928391143009905e-07,0,12,1.0,0.9999474840802659,0.0,5.251591973412176e-05,1.0,0.99999
Kh 4h 6h Qc Ac,7c Qh,0,1,3,0.0010637240212944875,9.992425741288106e-07,0.0010535693671429374,9.929719529170508e-07,0,5,1.0,0.9999474840802659,0.0,5.251591973412176e-05,1.0,0.99999
Kh 4h 6h Qc Ac,7c Qs,0,1,3,0.0010637240212944875,9.992425741288106e-07,0.0010542813060274174,9.928391143009905e-07,0,12,1.0,0.9999474840802659,0.0,5.251591973412176e-05,1.0,0.99999
Kh 4h 6h Qc Ac,7c Kc,0,1,3,0.0010637240212944875,9.992425741288106e-07,0.0010433299627823258,9.999457002632554e-07,8,0,0.0,4.761953693517333e-05,1.0,0.9999523804630648,1.0,0.99999
Kh 4h 6h Qc Ac,7c Kd,0,1,3,0.0010637240212944875,9.992425741288106e-07,0.0010422472736221818,9.999457002632554e-07,8,0,0.0,4.761953693517333e-05,1.0,0.9999523804630648,1.0,0.99999
Kh 4h 6h Qc Ac,7c Ks,0,1,3,0.0010637240212944875,9.992425741288106e-07,0.0010422472736221818,9.999457002632554e-07,8,0,0.0,4.761953693517333e-05,1.0,0.9999523804630648,1.0,0.99999
Kh 4h 6h Qc Ac,7c Ad,0,1,3,0.0010637240212944875,0.007577730278982139,0.0010061827231494839,0.0075724451970208455,10,8,0.0,1e-05,1.0,0.99999,1.0,0.99999
Kh 4h 6h Qc Ac,7c Ah,0,1,3,0.0010637240212944875,0.007577730278982139,0.0010130382719398417,0.007570223227377273,10,8,0.0,1e-05,1.0,0.99999,1.0,0.99999
Kh 4h 6h Qc Ac,7c As,0,1,3,0.0010637240212944875,0.007577730278982139,0.0010061827231494839,0.0075724451970208455,10,8,0.0,1e-05,1.0,0.99999,1.0,0.99999
Kh 4h 6h Qc Ac,7d 7h,0,1,3,0.0010637240212944875,0.004533256411655355,0.001066842210866803,0.00452222285096139,6,3,1.0,0.9999176006029368,0.0,8.239939706325524e-05,0.0,0.7889648157518971
Kh 4h 6h Qc Ac,7d 7s,0,1,3,0.0010637240212944875,0.004533256411655355,0.0010676411947192577,0.004527488031206415,6,10,1.0,0.9999176006029368,0.0,8.239939706325524e-05,0.0,0.99999
Kh 4h 6h Qc Ac,7d 8c,0,1,3,0.0010637240212944875,0.0027400041275711384,0.001074256394525722,0.002739319883791414,7,15,1.0,0.9999036579653051,0.0,9.634203469490932e-05,0.2945885610080857,3.494798080559355e-05
Kh 4h 6h Qc Ac,7d 8d,0,1,3,0.0010637240212944875,0.002976987613842753,0.0010699386845096303,0.002976244189686358,7,15,1.0,0.9999036579653051,0.0,9.634203469490932e-05,0.7468457431102036,3.494798080559355e-05
Kh 4h 6h Qc Ac,7d 8h,0,1,3,0.0010637240212944875,0.0027400041275711384,0.0010803852133936722,0.002736137488115167,7,15,1.0,0.9999036579653051,0.0,9.634203469490932e-05,0.0,3.494798080559355e-05
Kh 4h 6h Qc Ac,7d 8s,0,1,3,0.0010637240212944875,0.0027400041275711384,0.0010696631795336054,0.002739319883791414,7,15,1.0,0.9999036579653051,0.0,9.634203469490932e-05,1.0,3.494798080559355e-05
Kh 4h 6h Qc Ac,7d 9c,0,1,3,9.998410252769808e-07,9.992425741288106e-07,1.0042500643534236e-06,1.0071651524058777e-06,12,9,1.0,0.9999339325891439,0.0,6.606741085611172e-05,1.0,0.9282345585301963
Kh 4h 6h Qc Ac,7d 9d,0,1,3,9.998410252769808e-07,9.992425741288106e-07,9.949135467606007e-07,1.0071651524058777e-06,12,9,1.0,0.9999339325891439,0.0,6.606741085611172e-05,1.0,0.9282345585301963
Kh 4h 6h Qc Ac,7d 9h,0,1,3,9.998410252769808e-07,9.992425741288106e-07,9.99949855612407e-07,1.0071651524058777e-06,12,9,1.0,0.9999339325891439,0.0,6.606741085611172e-05,1.0,0.9282345585301963
Kh 4h 6h Qc Ac,7d 9s,0,1,3,9.998410252769808e-07,9.992425741288106e-07,9.949135467606007e-07,1.0071651524058777e-06,12,9,1.0,0.9999339325891439,0.0,6.606741085611172e-05,1.0,0.9282345585301963
Kh 4h 6h Qc Ac,7d Tc,0,1,3,0.0010637240212944875,9.992425741288106e-07,0.001056499237683358,9.985372280546232e-07,6,6,1.0,0.9999176006029368,0.0,8.239939706325524e-05,1.0,0.9996472715313675
Kh 4h 6h Qc Ac,7d Td,0,1,3,0.0010637240212944875,9.992425741288106e-07,0.0010603040624651398,9.97376651245475e-07,6,6,1.0,0.9999176006029368,0.0,8.239939706325524e-05,1.0,0.9996472715313675
Kh 4h 6h Qc Ac,7d Th,0,1,3,0.0010637240212944875,9.992425741288106e-07,0.0010574597966419362,9.970771422485972e-07,6,6,1.0,0.9999176006029368,0.0,8.239939706325524e-05,1.0,0.9996472715313675
Kh 4h 6h Qc Ac,7d Ts,0,1,3,0.0010637240212944875,9.992425741288106e-07,0.0010603040624651398,9.973766512454749e-07,6,6,1.0,0.9999176006029368,0.0,8.239939706325524e-05,1.0,0.9996472715313675
Kh 4h 6h Qc Ac,7d Jc,0,1,3,0.0010637240212944875,9.992425741288106e-07,0.0010742249700240753,9.91321060916137e-07,13,2,1.0,0.9999117191871583,0.0,8.828081284170859e-05,1.0,0.421263202038205
Kh 4h 6h Qc Ac,7d Jd,0,1,3,0.0010637240212944875,0.001722830665522375,0.0010703650365060673,0.001714328736901079,13,2,1.0,0.9999117191871583,0.0,8.828081284170859e-05,1.0,0.421263202038205
Kh 4h 6h Qc Ac,7d Jh,0,1,3,0.0010637240212944875,9.992425741288106e-07,0.001072370013429678,9.931508748300226e-07,13,2,1.0,0.9999117191871583,0.0,8.828081284170859e-05,1.0,0.421263202038205
Kh 4h 6h Qc Ac,7d Js,0,1,3,0.0010637240212944875,9.992425741288106e-07,0.0010683633226636338,9.943114516391707e-07,13,2,1.0,0.9999117191871583,0.0,8.828081284170859e-05,1.0,0.421263202038205
Kh 4h 6h Qc Ac,7d Qd,0,1,3,0.0010637240212944875,9.992425741288106e-07,0.0010630896290687076,9.928391143009905e-07,0,12,1.0,0.9999474840802659,0.0,5.251591973412176e-05,1.0,0.99999
Kh 4h 6h Qc Ac,7d Qh,0,1,3,0.0010637240212944875,9.992425741288106e-07,0.0010623776901842277,9.929719529170508e-07,0,5,1.0,0.9999474840802659,0.0,5.251591973412176e-05,1.0,0.99999
Kh 4h 6h Qc Ac,7d Qs,0,1,3,0.0010637240212944875,9.992425741288106e-07,0.0010630896290687076,9.928391143009905e-07,0,12,1.0,0.9999474840802659,0.0,5.251591973412176e-05,1.0,0.99999
Kh 4h 6h Qc Ac,7d Kc,0,1,3,0.0010637240212944875,9.992425741288106e-07,0.0010521382858236163,9.999457002632554e-07,15,0,0.0,0.5308743635589362,1.0,0.4691256364410637,1.0,0.99999
Kh 4h 6h Qc Ac,7d Kd,0,1,3,0.0010637240212944875,9.992425741288106e-07,0.001051055596663472,9.999457002632554e-07,15,0,0.0,0.5308743635589362,1.0,0.4691256364410637,1.0,0.99999
Kh 4h 6h Qc Ac,7d Ks,0,1,3,0.0010637240212944875,9.992425741288106e-07,0.001051055596663472,9.999457002632554e-07,15,0,0.0,0.5308743635589362,1.0,0.4691256364410637,1.0,0.99999
Kh 4h 6h Qc Ac,7d Ad,0,1,3,0.0010637240212944875,9.992425741288106e-07,0.0010061827231494839,9.985456531895357e-07,10,8,0.0,1e-05,1.0,0.99999,1.0,0.99999
Kh 4h 6h Qc Ac,7d Ah,0,1,3,0.0010637240212944875,0.007577730278982139,0.001021846594981132,0.007570223227377273,10,8,0.0,1e-05,1.0,0.99999,1.0,0.99999
Kh 4h 6h Qc Ac,7d As,0,1,3,0.0010637240212944875,0.007577730278982139,0.001014991046190774,0.0075724451970208455,10,8,0.0,1e-05,1.0,0.99999,1.0,0.99999
Kh 4h 6h Qc Ac,7h 7s,0,1,3,0.0010637240212944875,0.004533256411655355,0.001066842210866803,0.00452222285096139,6,3,1.0,0.9999176006029368,0.0,8.239939706325524e-05,0.0,0.7889648157518971
Kh 4h 6h Qc Ac,7h 8c,0,1,3,0.0010637240212944875,0.0027400041275711384,0.0010734574106732674,0.002736137488115167,7,15,1.0,0.9999036579653051,0.0,9.634203469490932e-05,0.7090210807433831,3.494798080559355e-05
Kh 4h 6h Qc Ac,7h 8d,0,1,3,0.0010637240212944875,0.0027400041275711384,0.001068864195681151,0.002736137488115167,7,15,1.0,0.9999036579653051,0.0,9.634203469490932e-05,0.0,3.494798080559355e-05
Kh 4h 6h Qc Ac,7h 8h,0,1,3,0.0010637240212944875,0.002976987613842753,0.0010798617345172423,0.0029693289063003198,1,4,0.0,1e-05,1.0,0.99999,1.0,0.99999
Kh 4h 6h Qc Ac,7h 8s,0,1,3,0.0010637240212944875,0.0027400041275711384,0.001068864195681151,0.002736137488115167,7,15,1.0,0.9999036579653051,0.0,9.634203469490932e-05,0.0,3.494798080559355e-05
Kh 4h 6h Qc Ac,7h 9c,0,1,3,9.998410252769808e-07,9.992425741288106e-07,1.0034990642648424e-06,1.0060045755967296e-06,12,11,1.0,0.9999339325891439,0.0,6.606741085611172e-05,1.0,0.11652322995435994
Kh 4h 6h Qc Ac,7h 9d,0,1,3,9.998410252769808e-07,9.992425741288106e-07,9.941625466720197e-07,1.0060045755967296e-06,12,11,1.0,0.9999339325891439,0.0,6.606741085611172e-05,1.0,0.11652322995435994
Kh 4h 6h Qc Ac,7h 9h,0,1,3,9.998410252769808e-07,9.992425741288106e-07,9.99198855523826e-07,1.0060045755967296e-06,1,4,0.0,1e-05,1.0,0.99999,1.0,0.99999
Kh 4h 6h Qc Ac,7h 9s,0,1,3,9.998410252769808e-07,9.992425741288106e-07,9.941625466720197e-07,1.0060045755967296e-06,12,11,1.0,0.9999339325891439,0.0,6.606741085611172e-05,1.0,0.11652322995435994
Kh 4h 6h Qc Ac,7h Tc,0,1,3,0.0010637240212944875,9.992425741288106e-07,0.0010557002538309035,9.97376651245475e-07,6,6,1.0,0.9999176006029368,0.0,8.239939706325524e-05,1.0,0.9996472715313675
Kh 4h 6h Qc Ac,7h Td,0,1,3,0.0010637240212944875,9.992425741288106e-07,0.0010595050786126852,9.962160744363267e-07,6,6,1.0,0.9999176006029368,0.0,8.239939706325524e-05,1.0,0.9996472715313675
Kh 4h 6h Qc Ac,7h Th,0,1,3,0.0010637240212944875,9.992425741288106e-07,0.0010566608127894816,9.95916565439449e-07,1,4,0.0,1e-05,1.0,0.99999,1.0,0.99999
Kh 4h 6h Qc Ac,7h Ts,0,1,3,0.0010637240212944875,9.992425741288106e-07,0.0010595050786126852,9.962160744363267e-07,6,6,1.0,0.9999176006029368,0.0,8.239939706325524e-05,1.0,0.9996472715313675
Kh 4h 6h Qc Ac,7h Jc,0,1,3,0.0010637240212944875,9.992425741288106e-07,0.0010734259861716207,9.901604841069888e-07,13,2,1.0,0.9999117191871583,0.0,8.828081284170859e-05,1.0,0.421263202038205
Kh 4h 6h Qc Ac,7h Jd,0,1,3,0.0010637240212944875,9.992425741288106e-07,0.0010675643388111792,9.931508748300226e-07,13,2,1.0,0.9999117191871583,0.0,8.828081284170859e-05,1.0,0.421263202038205
Kh 4h 6h Qc Ac,7h Jh,0,1,3,0.0010637240212944875,0.001722830665522375,0.001073572743419657,0.0017103267510604778,1,4,0.0,1e-05,1.0,0.99999,1.0,0.99999
Kh 4h 6h Qc Ac,7h Js,0,1,3,0.0010637240212944875,9.992425741288106e-07,0.0010675643388111792,9.931508748300224e-07,13,2,1.0,0.9999117191871583,0.0,8.828081284170859e-05,1.0,0.421263202038205
Kh 4h 6h Qc Ac,7h Qd,0,1,3,0.0010637240212944875,9.992425741288106e-07,0.001062290645216253,9.916785374918423e-07,0,5,1.0,0.9999474840802659,0.0,5.251591973412176e-05,1.0,0.99999
Kh 4h 6h Qc Ac,7h Qh,0,1,3,0.0010637240212944875,9.992425741288106e-07,0.001061578706331773,9.918113761079026e-07,1,4,0.0,1e-05,1.0,0.99999,1.0,0.99999
Kh 4h 6h Qc Ac,7h Qs,0,1,3,0.0010637240212944875,9.992425741288106e-07,0.001062290645216253,9.916785374918423e-07,0,5,1.0,0.9999474840802659,0.0,5.251591973412176e-05,1.0,0.99999
Kh 4h 6h Qc Ac,7h Kc,0,1,3,0.0010637240212944875,9.992425741288106e-07,0.0010513393019711617,9.987851234541073e-07,8,0,0.0,4.761953693517333e-05,1.0,0.9999523804630648,1.0,0.99999
Kh 4h 6h Qc Ac,7h Kd,0,1,3,0.0010637240212944875,9.992425741288106e-07,0.0010502566128110175,9.987851234541073e-07,8,0,0.0,4.761953693517333e-05,1.0,0.9999523804630648,1.0,0.99999
Kh 4h 6h Qc Ac,7h Ks,0,1,3,0.0010637240212944875,9.992425741288106e-07,0.0010502566128110175,9.987851234541073e-07,8,0,0.0,4.761953693517333e-05,1.0,0.9999523804630648,1.0,0.99999
Kh 4h 6h Qc Ac,7h Ad,0,1,3,0.0010637240212944875,0.007577730278982139,0.0010141920623383195,0.007563643992733255,10,8,0.0,1e-05,1.0,0.99999,1.0,0.99999
Kh 4h 6h Qc Ac,7h Ah,0,1,3,0.0010637240212944875,9.992425741288106e-07,0.0010122392880873871,9.970920748371104e-07,1,4,0.0,1e-05,1.0,0.99999,1.0,0.99999
Kh 4h 6h Qc Ac,7h As,0,1,3,0.0010637240212944875,0.007577730278982139,0.0010141920623383195,0.007563643992733255,10,8,0.0,1e-05,1.0,0.99999,1.0,0.99999
Kh 4h 6h Qc Ac,7s 8c,0,1,3,0.0010637240212944875,0.0027400041275711384,0.001074256394525722,0.002739319883791414,7,15,1.0,0.9999036579653051,0.0,9.634203469490932e-05,0.0,3.494798080559355e-05
Kh 4h 6h Qc Ac,7s 8d,0,1,3,0.0010637240212944875,0.0027400041275711384,0.0010696631795336056,0.002739319883791414,7,15,1.0,0.9999036579653051,0.0,9.634203469490932e-05,1.0,3.494798080559355e-05
Kh 4h 6h Qc Ac,7s 8h,0,1,3,0.0010637240212944875,0.0027400041275711384,0.0010803852133936722,0.002736137488115167,7,15,1.0,0.9999036579653051,0.0,9.634203469490932e-05,0.0,3.494798080559355e-05
Kh 4h 6h Qc Ac,7s 8s,0,1,3,0.0010637240212944875,0.002976987613842753,0.0010699386845096303,0.002976244189686358,7,15,1.0,0.9999036579653051,0.0,9.634203469490932e-05,0.7468457431102036,3.494798080559355e-05
Kh 4h 6h Qc Ac,7s 9c,0,1,3,9.998410252769808e-07,9.992425741288106e-07,1.0042500643534236e-06,1.0071651524058777e-06,12,9,1.0,0.9999339325891439,0.0,6.606741085611172e-05,1.0,0.9282345585301963
Kh 4h 6h Qc Ac,7s 9d,0,1,3,9.998410252769808e-07,9.992425741288106e-07,9.949135467606007e-07,1.0071651524058777e-06,12,9,1.0,0.9999339325891439,0.0,6.606741085611172e-05,1.0,0.9282345585301963
Kh 4h 6h Qc Ac,7s 9h,0,1,3,9.998410252769808e-07,9.992425741288106e-07,9.99949855612407e-07,1.0071651524058777e-06,12,9,1.0,0.9999339325891439,0.0,6.606741085611172e-05,1.0,0.9282345585301963
Kh 4h 6h Qc Ac,7s 9s,0,1,3,9.998410252769808e-07,9.992425741288106e-07,9.949135467606007e-07,1.0071651524058777e-06,12,9,1.0,0.9999339325891439,0.0,6.606741085611172e-05,1.0,0.9282345585301963
Kh 4h 6h Qc Ac,7s Tc,0,1,3,0.0010637240212944875,9.992425741288106e-07,0.001056499237683358,9.985372280546232e-07,6,6,1.0,0.9999176006029368,0.0,8.239939706325524e-05,1.0,0.9996472715313675
Kh 4h 6h Qc Ac,7s Td,0,1,3,0.0010637240212944875,9.992425741288106e-07,0.00106030406246514,9.97376651245475e-07,6,6,1.0,0.9999176006029368,0.0,8.239939706325524e-05,1.0,0.9996472715313675
Kh 4h 6h Qc Ac,7s Th,0,1,3,0.0010637240212944875,9.992425741288106e-07,0.0010574597966419362,9.970771422485972e-07,6,6,1.0,0.9999176006029368,0.0,8.239939706325524e-05,1.0,0.9996472715313675
Kh 4h 6h Qc Ac,7s Ts,0,1,3,0.0010637240212944875,9.992425741288106e-07,0.00106030406246514,9.973766512454749e-07,6,6,1.0,0.9999176006029368,0.0,8.239939706325524e-05,1.0,0.9996472715313675
Kh 4h 6h Qc Ac,7s Jc,0,1,3,0.0010637240212944875,9.992425741288106e-07,0.0010742249700240753,9.91321060916137e-07,13,2,1.0,0.9999117191871583,0.0,8.828081284170859e-05,1.0,0.421263202038205
Kh 4h 6h Qc Ac,7s Jd,0,1,3,0.0010637240212944875,9.992425741288106e-07,0.0010683633226636338,9.943114516391707e-07,13,2,1.0,0.9999117191871583,0.0,8.828081284170859e-05,1.0,0.421263202038205
Kh 4h 6h Qc Ac,7s Jh,0,1,3,0.0010637240212944875,9.992425741288106e-07,0.001072370013429678,9.931508748300226e-07,13,2,1.0,0.9999117191871583,0.0,8.828081284170859e-05,1.0,0.421263202038205
Kh 4h 6h Qc Ac,7s Js,0,1,3,0.0010637240212944875,0.001722830665522375,0.0010703650365060673,0.001714328736901079,13,2,1.0,0.9999117191871583,0.0,8.828081284170859e-05,1.0,0.421263202038205
Kh 4h 6h Qc Ac,7s Qd,0,1,3,0.0010637240212944875,9.992425741288106e-07,0.0010630896290687076,9.928391143009905e-07,0,12,1.0,0.9999474840802659,0.0,5.251591973412176e-05,1.0,0.99999
Kh 4h 6h Qc Ac,7s Qh,0,1,3,0.0010637240212944875,9.992425741288106e-07,0.0010623776901842277,9.929719529170508e-07,0,5,1.0,0.9999474840802659,0.0,5.251591973412176e-05,1.0,0.99999
Kh 4h 6h Qc Ac,7s Qs,0,1,3,0.0010637240212944875,9.992425741288106e-07,0.0010630896290687076,9.928391143009905e-07,0,12,1.0,0.9999474840802659,0.0,5.251591973412176e-05,1.0,0.99999
Kh 4h 6h Qc Ac,7s Kc,0,1,3,0.0010637240212944875,9.992425741288106e-07,0.0010521382858236163,9.999457002632554e-07,15,0,0.0,0.5308743635589362,1.0,0.4691256364410637,1.0,0.99999
Kh 4h 6h Qc Ac,7s Kd,0,1,3,0.0010637240212944875,9.992425741288106e-07,0.001051055596663472,9.999457002632554e-07,15,0,0.0,0.5308743635589362,1.0,0.4691256364410637,1.0,0.99999
Kh 4h 6h Qc Ac,7s Ks,0,1,3,0.0010637240212944875,9.992425741288106e-07,0.001051055596663472,9.999457002632554e-07,15,0,0.0,0.5308743635589362,1.0,0.4691256364410637,1.0,0.99999
Kh 4h 6h Qc Ac,7s Ad,0,1,3,0.0010637240212944875,0.007577730278982139,0.001014991046190774,0.0075724451970208455,10,8,0.0,1e-05,1.0,0.99999,1.0,0.99999
Kh 4h 6h Qc Ac,7s Ah,0,1,3,0.0010637240212944875,0.007577730278982139,0.001021846594981132,0.007570223227377273,10,8,0.0,1e-05,1.0,0.99999,1.0,0.99999
Kh 4h 6h Qc Ac,7s As,0,1,3,0.0010637240212944875,9.992425741288106e-07,0.0010061827231494839,9.985456531895357e-07,10,8,0.0,1e-05,1.0,0.99999,1.0,0.99999
Kh 4h 6h Qc Ac,8c 8d,0,1,3,0.0010637240212944875,9.992425741288106e-07,0.0010751788953560206,1.000014999822911e-06,12,3,1.0,0.9999339325891439,0.0,6.606741085611172e-05,1.0,0.7889648157518971
Kh 4h 6h Qc Ac,8c 8h,0,1,3,0.0010637240212944875,9.992425741288106e-07,0.0010859009292160872,9.988544230137628e-07,12,3,1.0,0.9999339325891439,0.0,6.606741085611172e-05,0.0,0.7889648157518971
Kh 4h 6h Qc Ac,8c 8s,0,1,3,0.0010637240212944875,9.992425741288106e-07,0.0010751788953560206,1.000014999822911e-06,12,3,1.0,0.9999339325891439,0.0,6.606741085611172e-05,1.0,0.7889648157518971
Kh 4h 6h Qc Ac,8c 9c,0,1,3,9.998410252769808e-07,9.992425741288106e-07,1.0124275245523832e-06,1.0081871125838623e-06,12,9,1.0,0.9999339325891439,0.0,6.606741085611172e-05,1.0,0.9282345585301963
Kh 4h 6h Qc Ac,8c 9d,0,1,3,9.998410252769808e-07,9.992425741288106e-07,1.0030910069595604e-06,1.0081871125838623e-06,12,9,1.0,0.9999339325891439,0.0,6.606741085611172e-05,1.0,0.9282345585301963
Kh 4h 6h Qc Ac,8c 9h,0,1,3,9.998410252769808e-07,9.992425741288106e-07,1.0081273158113665e-06,1.0081871125838623e-06,12,11,1.0,0.9999339325891439,0.0,6.606741085611172e-05,1.0,0.11652322995435994
Kh 4h 6h Qc Ac,8c 9s,0,1,3,9.998410252769808e-07,9.992425741288106e-07,1.0030910069595602e-06,1.0081871125838623e-06,12,9,1.0,0.9999339325891439,0.0,6.606741085611172e-05,1.0,0.9282345585301963
Kh 4h 6h Qc Ac,8c Tc,0,1,3,0.0010637240212944875,0.0022378098086308154,0.0010677995840642708,0.0022385188678376734,6,6,1.0,0.9999176006029368,0.0,8.239939706325524e-05,1.0,0.9996472715313675
Kh 4h 6h Qc Ac,8c Td,0,1,3,0.0010637240212944875,9.992425741288106e-07,0.0010690040063831272,9.983986114234597e-07,6,6,1.0,0.9999176006029368,0.0,8.239939706325524e-05,1.0,0.9996472715313675
Kh 4h 6h Qc Ac,8c Th,0,1,3,0.0010637240212944875,9.992425741288106e-07,0.0010661597405599236,9.980991024265818e-07,6,6,1.0,0.9999176006029368,0.0,8.239939706325524e-05,1.0,0.9996472715313675
Kh 4h 6h Qc Ac,8c Ts,0,1,3,0.0010637240212944875,9.992425741288106e-07,0.0010690040063831275,9.983986114234595e-07,6,6,1.0,0.9999176006029368,0.0,8.239939706325524e-05,1.0,0.9996472715313675
Kh 4h 6h Qc Ac,8c Jc,0,1,3,9.998410252769808e-07,0.0017323587596779464,1.019780699952698e-06,0.001718385139157148,13,2,1.0,0.9999117191871583,0.0,8.828081284170859e-05,1.0,0.421263202038205
Kh 4h 6h Qc Ac,8c Jd,0,1,3,0.0010637240212944875,9.992425741288106e-07,0.0010770632665816214,9.953334118171553e-07,13,2,1.0,0.9999117191871583,0.0,8.828081284170859e-05,1.0,0.421263202038205
Kh 4h 6h Qc Ac,8c Jh,0,1,3,0.0010637240212944875,9.992425741288106e-07,0.0010810699573476656,9.94172835008007e-07,13,2,1.0,0.9999117191871583,0.0,8.828081284170859e-05,1.0,0.421263202038205
Kh 4h 6h Qc Ac,8c Js,0,1,3,0.0010637240212944875,9.992425741288106e-07,0.0010770632665816214,9.953334118171551e-07,13,2,1.0,0.9999117191871583,0.0,8.828081284170859e-05,1.0,0.421263202038205
Kh 4h 6h Qc Ac,8c Qd,0,1,3,0.0010637240212944875,9.992425741288106e-07,0.001071789572986695,9.93861074478975e-07,0,5,1.0,0.9999474840802659,0.0,5.251591973412176e-05,1.0,0.99999
Kh 4h 6h Qc Ac,8c Qh,0,1,3,0.0010637240212944875,9.992425741288106e-07,0.0010710776341022153,9.939939130950354e-07,7,5,1.0,0.9999036579653051,0.0,9.634203469490932e-05,1.0,0.99999
Kh 4h 6h Qc Ac,8c Qs,0,1,3,0.0010637240212944875,9.992425741288106e-07,0.0010717895729866953,9.93861074478975e-07,0,5,1.0,0.9999474840802659,0.0,5.251591973412176e-05,1.0,0.99999
Kh 4h 6h Qc Ac,8c Kc,0,1,3,0.0010637240212944875,0.009223863383701677,0.0010715602636016703,0.00923978740543886,8,0,0.0,4.761953693517333e-05,1.0,0.9999523804630648,1.0,0.99999
Kh 4h 6h Qc Ac,8c Kd,0,1,3,0.0010637240212944875,9.992425741288106e-07,0.0010597555405814597,1.00096766044124e-06,8,0,0.0,4.761953693517333e-05,1.0,0.9999523804630648,1.0,0.99999
Kh 4h 6h Qc Ac,8c Ks,0,1,3,0.0010637240212944875,9.992425741288106e-07,0.0010597555405814597,1.00096766044124e-06,8,0,0.0,4.761953693517333e-05,1.0,0.9999523804630648,1.0,0.99999
Kh 4h 6h Qc Ac,8c Ad,0,1,3,0.0010637240212944875,0.001536396649326802,0.0010166676421827882,0.001536896417061094,10,8,0.0,1e-05,1.0,0.99999,1.0,0.99999
Kh 4h 6h Qc Ac,8c Ah,0,1,3,0.0010637240212944875,0.001536396649326802,0.0010235231909731463,0.0015364459092454808,10,8,0.0,1e-05,1.0,0.99999,1.0,0.99999
Kh 4h 6h Qc Ac,8c As,0,1,3,0.0010637240212944875,0.001536396649326802,0.0010166676421827882,0.001536896417061094,10,8,0.0,1e-05,1.0,0.99999,1.0,0.99999
Kh 4h 6h Qc Ac,8d 8h,0,1,3,0.0010637240212944875,9.992425741288106e-07,0.0010813077142239704,9.988544230137628e-07,12,3,1.0,0.9999339325891439,0.0,6.606741085611172e-05,0.0,0.7889648157518971
Kh 4h 6h Qc Ac,8d 8s,0,1,3,0.0010637240212944875,9.992425741288106e-07,0.001070585680363904,1.000014999822911e-06,12,3,1.0,0.9999339325891439,0.0,6.606741085611172e-05,1.0,0.7889648157518971
Kh 4h 6h Qc Ac,8d 9c,0,1,3,9.998410252769808e-07,9.992425741288106e-07,1.0081101596202209e-06,1.0081871125838623e-06,12,9,1.0,0.9999339325891439,0.0,6.606741085611172e-05,1.0,0.9282345585301963
Kh 4h 6h Qc Ac,8d 9d,0,1,3,9.998410252769808e-07,9.992425741288106e-07,9.98773642027398e-07,1.0081871125838623e-06,12,9,1.0,0.9999339325891439,0.0,6.606741085611172e-05,1.0,0.9282345585301963
Kh 4h 6h Qc Ac,8d 9h,0,1,3,9.998410252769808e-07,9.992425741288106e-07,1.0038099508792044e-06,1.0081871125838623e-06,12,11,1.0,0.9999339325891439,0.0,6.606741085611172e-05,1.0,0.11652322995435994
Kh 4h 6h Qc Ac,8d 9s,0,1,3,9.998410252769808e-07,9.992425741288106e-07,9.98773642027398e-07,1.0081871125838623e-06,12,9,1.0,0.9999339325891439,0.0,6.606741085611172e-05,1.0,0.9282345585301963
Kh 4h 6h Qc Ac,8d Tc,0,1,3,0.0010637240212944875,9.992425741288106e-07,0.001060605966609229,9.995591882326079e-07,6,6,1.0,0.9999176006029368,0.0,8.239939706325524e-05,1.0,0.9996472715313675
Kh 4h 6h Qc Ac,8d Td,0,1,3,0.0010637240212944875,0.0022378098086308154,0.0010670111938539362,0.002235919749030665,6,6,1.0,0.9999176006029368,0.0,8.239939706325524e-05,1.0,0.9996472715313675
Kh 4h 6h Qc Ac,8d Th,0,1,3,0.0010637240212944875,9.992425741288106e-07,0.0010615665255678073,9.980991024265818e-07,6,6,1.0,0.9999176006029368,0.0,8.239939706325524e-05,1.0,0.9996472715313675
Kh 4h 6h Qc Ac,8d Ts,0,1,3,0.0010637240212944875,9.992425741288106e-07,0.0010644107913910107,9.983986114234595e-07,6,6,1.0,0.9999176006029368,0.0,8.239939706325524e-05,1.0,0.9996472715313675
Kh 4h 6h Qc Ac,8d Jc,0,1,3,0.0010637240212944875,9.992425741288106e-07,0.0010783316989499462,9.923430210941216e-07,13,2,1.0,0.9999117191871583,0.0,8.828081284170859e-05,1.0,0.421263202038205
Kh 4h 6h Qc Ac,8d Jd,0,1,3,9.998410252769808e-07,0.0017323587596779464,1.0099537146778986e-06,0.001723569495486665,13,2,1.0,0.9999117191871583,0.0,8.828081284170859e-05,1.0,0.421263202038205
Kh 4h 6h Qc Ac,8d Jh,0,1,3,0.0010637240212944875,9.992425741288106e-07,0.0010764767423555493,9.94172835008007e-07,13,2,1.0,0.9999117191871583,0.0,8.828081284170859e-05,1.0,0.421263202038205
Kh 4h 6h Qc Ac,8d Js,0,1,3,0.0010637240212944875,9.992425741288106e-07,0.0010724700515895049,9.953334118171551e-07,13,2,1.0,0.9999117191871583,0.0,8.828081284170859e-05,1.0,0.421263202038205
Kh 4h 6h Qc Ac,8d Qd,0,1,3,0.0010637240212944875,0.003652682681246779,0.0010714416198651395,0.0036330108707385714,0,5,1.0,0.9999474840802659,0.0,5.251591973412176e-05,1.0,0.99999
Kh 4h 6h Qc Ac,8d Qh,0,1,3,0.0010637240212944875,9.992425741288106e-07,0.0010664844191100985,9.939939130950354e-07,7,5,1.0,0.9999036579653051,0.0,9.634203469490932e-05,1.0,0.99999
Kh 4h 6h Qc Ac,8d Qs,0,1,3,0.0010637240212944875,9.992425741288106e-07,0.0010671963579945785,9.93861074478975e-07,0,5,1.0,0.9999474840802659,0.0,5.251591973412176e-05,1.0,0.99999
Kh 4h 6h Qc Ac,8d Kc,0,1,3,0.0010637240212944875,9.992425741288106e-07,0.0010562450147494871,1.00096766044124e-06,8,0,0.0,4.761953693517333e-05,1.0,0.9999523804630648,1.0,0.99999
Kh 4h 6h Qc Ac,8d Kd,0,1,3,0.0010637240212944875,0.009223863383701677,0.0010658843594494095,0.00923978740543886,8,0,0.0,4.761953693517333e-05,1.0,0.9999523804630648,1.0,0.99999
Kh 4h 6h Qc Ac,8d Ks,0,1,3,0.0010637240212944875,9.992425741288106e-07,0.0010551623255893431,1.00096766044124e-06,8,0,0.0,4.761953693517333e-05,1.0,0.9999523804630648,1.0,0.99999
Kh 4h 6h Qc Ac,8d Ad,0,1,3,0.0010637240212944875,0.001835698480441254,0.0010124223803122273,0.001836295606756739,10,8,0.0,1e-05,1.0,0.99999,1.0,0.99999
Kh 4h 6h Qc Ac,8d Ah,0,1,3,0.0010637240212944875,0.001536396649326802,0.0010189299759810295,0.0015364459092454808,10,8,0.0,1e-05,1.0,0.99999,1.0,0.99999
Kh 4h 6h Qc Ac,8d As,0,1,3,0.0010637240212944875,0.001536396649326802,0.0010120744271906717,0.001536896417061094,10,8,0.0,1e-05,1.0,0.99999,1.0,0.99999
Kh 4h 6h Qc Ac,8h 8s,0,1,3,0.0010637240212944875,9.992425741288106e-07,0.0010813077142239706,9.988544230137628e-07,12,3,1.0,0.9999339325891439,0.0,6.606741085611172e-05,0.0,0.7889648157518971
Kh 4h 6h Qc Ac,8h 9c,0,1,3,9.998410252769808e-07,9.992425741288106e-07,1.0181882711539412e-06,1.0070265357747142e-06,12,11,1.0,0.9999339325891439,0.0,6.606741085611172e-05,0.0,0.11652322995435994
Kh 4h 6h Qc Ac,8h 9d,0,1,3,9.998410252769808e-07,9.992425741288106e-07,1.0088517535611184e-06,1.0070265357747142e-06,12,11,1.0,0.9999339325891439,0.0,6.606741085611172e-05,0.0,0.11652322995435994
Kh 4h 6h Qc Ac,8h 9h,0,1,3,9.998410252769808e-07,9.992425741288106e-07,1.0138880624129248e-06,1.0070265357747142e-06,1,4,0.0,1e-05,1.0,0.99999,1.0,0.99999
Kh 4h 6h Qc Ac,8h 9s,0,1,3,9.998410252769808e-07,9.992425741288106e-07,1.0088517535611184e-06,1.0070265357747142e-06,12,11,1.0,0.9999339325891439,0.0,6.606741085611172e-05,0.0,0.11652322995435994
Kh 4h 6h Qc Ac,8h Tc,0,1,3,0.0010637240212944875,9.992425741288106e-07,0.0010713280004692955,9.983986114234597e-07,6,6,1.0,0.9999176006029368,0.0,8.239939706325524e-05,1.0,0.9996472715313675
Kh 4h 6h Qc Ac,8h Td,0,1,3,0.0010637240212944875,9.992425741288106e-07,0.0010751328252510772,9.972380346143113e-07,6,6,1.0,0.9999176006029368,0.0,8.239939706325524e-05,1.0,0.9996472715313675
Kh 4h 6h Qc Ac,8h Th,0,1,3,0.0010637240212944875,0.0022378098086308154,0.0010748889618907992,0.0022326498780075887,1,4,0.0,1e-05,1.0,0.99999,1.0,0.99999
Kh 4h 6h Qc Ac,8h Ts,0,1,3,0.0010637240212944875,9.992425741288106e-07,0.0010751328252510772,9.972380346143113e-07,6,6,1.0,0.9999176006029368,0.0,8.239939706325524e-05,1.0,0.9996472715313675
Kh 4h 6h Qc Ac,8h Jc,0,1,3,0.0010637240212944875,9.992425741288106e-07,0.0010890537328100127,9.911824442849734e-07,13,2,1.0,0.9999117191871583,0.0,8.828081284170859e-05,1.0,0.421263202038205
Kh 4h 6h Qc Ac,8h Jd,0,1,3,0.0010637240212944875,9.992425741288106e-07,0.0010831920854495712,9.94172835008007e-07,13,2,1.0,0.9999117191871583,0.0,8.828081284170859e-05,1.0,0.421263202038205
Kh 4h 6h Qc Ac,8h Jh,0,1,3,9.998410252769808e-07,0.0017323587596779464,1.023797891209018e-06,0.0017195453767117818,1,4,0.0,1e-05,1.0,0.99999,1.0,0.99999
Kh 4h 6h Qc Ac,8h Js,0,1,3,0.0010637240212944875,9.992425741288106e-07,0.0010831920854495714,9.94172835008007e-07,13,2,1.0,0.9999117191871583,0.0,8.828081284170859e-05,1.0,0.421263202038205
Kh 4h 6h Qc Ac,8h Qd,0,1,3,0.0010637240212944875,9.992425741288106e-07,0.0010779183918546453,9.92700497669827e-07,0,5,1.0,0.9999474840802659,0.0,5.251591973412176e-05,1.0,0.99999
Kh 4h 6h Qc Ac,8h Qh,0,1,3,0.0010637240212944875,0.003652682681246779,0.0010814517148407259,0.0036292540237066874,1,4,0.0,1e-05,1.0,0.99999,1.0,0.99999
Kh 4h 6h Qc Ac,8h Qs,0,1,3,0.0010637240212944875,9.992425741288106e-07,0.001077918391854645,9.92700497669827e-07,0,5,1.0,0.9999474840802659,0.0,5.251591973412176e-05,1.0,0.99999
Kh 4h 6h Qc Ac,8h Kc,0,1,3,0.0010637240212944875,9.992425741288106e-07,0.0010669670486095537,9.998070836320917e-07,8,13,0.0,4.761953693517333e-05,1.0,0.9999523804630648,1.0,0.99999
Kh 4h 6h Qc Ac,8h Kd,0,1,3,0.0010637240212944875,9.992425741288106e-07,0.0010658843594494095,9.998070836320917e-07,8,13,0.0,4.761953693517333e-05,1.0,0.9999523804630648,1.0,0.99999
Kh 4h 6h Qc Ac,8h Ks,0,1,3,0.0010637240212944875,9.992425741288106e-07,0.0010658843594494097,9.998070836320919e-07,8,13,0.0,4.761953693517333e-05,1.0,0.9999523804630648,1.0,0.99999
Kh 4h 6h Qc Ac,8h Ad,0,1,3,0.0010637240212944875,0.001536396649326802,0.001022796461050738,0.001535111959145641,10,8,0.0,1e-05,1.0,0.99999,1.0,0.99999
Kh 4h 6h Qc Ac,8h Ah,0,1,3,0.0010637240212944875,0.001835698480441254,0.0010299999629626517,0.0018336252525886572,1,4,0.0,1e-05,1.0,0.99999,1.0,0.99999
Kh 4h 6h Qc Ac,8h As,0,1,3,0.0010637240212944875,0.001536396649326802,0.0010227964610507382,0.001535111959145641,10,8,0.0,1e-05,1.0,0.99999,1.0,0.99999
Kh 4h 6h Qc Ac,8s 9c,0,1,3,9.998410252769808e-07,9.992425741288106e-07,1.0081101596202209e-06,1.0081871125838623e-06,12,9,1.0,0.9999339325891439,0.0,6.606741085611172e-05,1.0,0.9282345585301963
Kh 4h 6h Qc Ac,8s 9d,0,1,3,9.998410252769808e-07,9.992425741288106e-07,9.98773642027398e-07,1.0081871125838623e-06,12,9,1.0,0.9999339325891439,0.0,6.606741085611172e-05,1.0,0.9282345585301963
Kh 4h 6h Qc Ac,8s 9h,0,1,3,9.998410252769808e-07,9.992425741288106e-07,1.0038099508792044e-06,1.0081871125838623e-06,12,11,1.0,0.9999339325891439,0.0,6.606741085611172e-05,1.0,0.11652322995435994
Kh 4h 6h Qc Ac,8s 9s,0,1,3,9.998410252769808e-07,9.992425741288106e-07,9.98773642027398e-07,1.0081871125838623e-06,12,9,1.0,0.9999339325891439,0.0,6.606741085611172e-05,1.0,0.9282345585301963
Kh 4h 6h Qc Ac,8s Tc,0,1,3,0.0010637240212944875,9.992425741288106e-07,0.001060605966609229,9.995591882326079e-07,6,6,1.0,0.9999176006029368,0.0,8.239939706325524e-05,1.0,0.9996472715313675
Kh 4h 6h Qc Ac,8s Td,0,1,3,0.0010637240212944875,9.992425741288106e-07,0.0010644107913910105,9.983986114234597e-07,6,6,1.0,0.9999176006029368,0.0,8.239939706325524e-05,1.0,0.9996472715313675
Kh 4h 6h Qc Ac,8s Th,0,1,3,0.0010637240212944875,9.992425741288106e-07,0.001061566525567807,9.980991024265818e-07,6,6,1.0,0.9999176006029368,0.0,8.239939706325524e-05,1.0,0.9996472715313675
Kh 4h 6h Qc Ac,8s Ts,0,1,3,0.0010637240212944875,0.0022378098086308154,0.0010670111938539362,0.002235919749030665,6,6,1.0,0.9999176006029368,0.0,8.239939706325524e-05,1.0,0.9996472715313675
Kh 4h 6h Qc Ac,8s Jc,0,1,3,0.0010637240212944875,9.992425741288106e-07,0.0010783316989499462,9.923430210941216e-07,13,2,1.0,0.9999117191871583,0.0,8.828081284170859e-05,1.0,0.421263202038205
Kh 4h 6h Qc Ac,8s Jd,0,1,3,0.0010637240212944875,9.992425741288106e-07,0.0010724700515895049,9.953334118171553e-07,13,2,1.0,0.9999117191871583,0.0,8.828081284170859e-05,1.0,0.421263202038205
Kh 4h 6h Qc Ac,8s Jh,0,1,3,0.0010637240212944875,9.992425741288106e-07,0.001076476742355549,9.94172835008007e-07,13,2,1.0,0.9999117191871583,0.0,8.828081284170859e-05,1.0,0.421263202038205
Kh 4h 6h Qc Ac,8s Js,0,1,3,9.998410252769808e-07,0.0017323587596779464,1.0099537146778986e-06,0.001723569495486665,13,2,1.0,0.9999117191871583,0.0,8.828081284170859e-05,1.0,0.421263202038205
Kh 4h 6h Qc Ac,8s Qd,0,1,3,0.0010637240212944875,9.992425741288106e-07,0.0010671963579945787,9.93861074478975e-07,0,5,1.0,0.9999474840802659,0.0,5.251591973412176e-05,1.0,0.99999
Kh 4h 6h Qc Ac,8s Qh,0,1,3,0.0010637240212944875,9.992425741288106e-07,0.0010664844191100985,9.939939130950354e-07,7,5,1.0,0.9999036579653051,0.0,9.634203469490932e-05,1.0,0.99999
Kh 4h 6h Qc Ac,8s Qs,0,1,3,0.0010637240212944875,0.003652682681246779,0.0010714416198651395,0.0036330108707385714,0,5,1.0,0.9999474840802659,0.0,5.251591973412176e-05,1.0,0.99999
Kh 4h 6h Qc Ac,8s Kc,0,1,3,0.0010637240212944875,9.992425741288106e-07,0.0010562450147494871,1.00096766044124e-06,8,0,0.0,4.761953693517333e-05,1.0,0.9999523804630648,1.0,0.99999
Kh 4h 6h Qc Ac,8s Kd,0,1,3,0.0010637240212944875,9.992425741288106e-07,0.0010551623255893431,1.00096766044124e-06,8,0,0.0,4.761953693517333e-05,1.0,0.9999523804630648,1.0,0.99999
Kh 4h 6h Qc Ac,8s Ks,0,1,3,0.0010637240212944875,0.009223863383701677,0.0010658843594494097,0.00923978740543886,8,0,0.0,4.761953693517333e-05,1.0,0.9999523804630648,1.0,0.99999
Kh 4h 6h Qc Ac,8s Ad,0,1,3,0.0010637240212944875,0.001536396649326802,0.0010120744271906717,0.001536896417061094,10,8,0.0,1e-05,1.0,0.99999,1.0,0.99999
Kh 4h 6h Qc Ac,8s Ah,0,1,3,0.0010637240212944875,0.001536396649326802,0.0010189299759810295,0.0015364459092454808,10,8,0.0,1e-05,1.0,0.99999,1.0,0.99999
Kh 4h 6h Qc Ac,8s As,0,1,3,0.0010637240212944875,0.001835698480441254,0.0010124223803122273,0.001836295606756739,10,8,0.0,1e-05,1.0,0.99999,1.0,0.99999
Kh 4h 6h Qc Ac,9c 9d,0,1,3,0.0010637240212944875,0.005038073721947223,0.0010703801031025943,0.005136077045948421,6,3,1.0,0.9999176006029368,0.0,8.239939706325524e-05,1.0,0.7889648157518971
Kh 4h 6h Qc Ac,9c 9h,0,1,3,0.0010637240212944875,0.005038073721947223,0.0010757381976085087,0.005136077045948421,6,3,1.0,0.9999176006029368,0.0,8.239939706325524e-05,1.0,0.7889648157518971
Kh 4h 6h Qc Ac,9c 9s,0,1,3,0.0010637240212944875,0.005038073721947223,0.0010703801031025943,0.005136077045948421,6,3,1.0,0.9999176006029368,0.0,8.239939706325524e-05,1.0,0.7889648157518971
Kh 4h 6h Qc Ac,9c Tc,0,1,3,9.998410252769808e-07,9.992425741288106e-07,9.987297874252764e-07,1.007731300993559e-06,13,6,1.0,0.9999117191871583,0.0,8.828081284170859e-05,1.0,0.9996472715313675
Kh 4h 6h Qc Ac,9c Td,0,1,3,0.0010637240212944875,9.992425741288106e-07,0.0010663466077340266,1.007731300993559e-06,13,6,1.0,0.9999117191871583,0.0,8.828081284170859e-05,1.0,0.9996472715313675
Kh 4h 6h Qc Ac,9c Th,0,1,3,0.0010637240212944875,9.992425741288106e-07,0.001063502341910823,1.0074317919966811e-06,13,6,1.0,0.9999117191871583,0.0,8.828081284170859e-05,1.0,0.9996472715313675
Kh 4h 6h Qc Ac,9c Ts,0,1,3,0.0010637240212944875,9.992425741288106e-07,0.0010663466077340266,1.007731300993559e-06,13,6,1.0,0.9999117191871583,0.0,8.828081284170859e-05,1.0,0.9996472715313675
Kh 4h 6h Qc Ac,9c Jc,0,1,3,9.998410252769808e-07,9.992425741288106e-07,1.0153909834145899e-06,1.0005151338550725e-06,3,2,1.0,0.9999386731163625,0.0,6.132688363751407e-05,1.0,0.421263202038205
Kh 4h 6h Qc Ac,9c Jd,0,1,3,0.0010637240212944875,9.992425741288106e-07,0.0010744058679325206,1.0046661013872546e-06,3,2,1.0,0.9999386731163625,0.0,6.132688363751407e-05,1.0,0.421263202038205
Kh 4h 6h Qc Ac,9c Jh,0,1,3,0.0010637240212944875,9.992425741288106e-07,0.001078412558698565,1.0035055245781065e-06,3,14,1.0,0.9999386731163625,0.0,6.132688363751407e-05,1.0,0.0009125883486175955
Kh 4h 6h Qc Ac,9c Js,0,1,3,0.0010637240212944875,9.992425741288106e-07,0.0010744058679325206,1.0046661013872548e-06,3,2,1.0,0.9999386731163625,0.0,6.132688363751407e-05,1.0,0.421263202038205
Kh 4h 6h Qc Ac,9c Qd,0,1,3,0.0010637240212944875,9.992425741288106e-07,0.0010691321743375945,1.0031937640490748e-06,12,5,1.0,0.9999339325891439,0.0,6.606741085611172e-05,1.0,0.99999
Kh 4h 6h Qc Ac,9c Qh,0,1,3,0.0010637240212944875,9.992425741288106e-07,0.0010684202354531145,1.0033266026651349e-06,0,5,1.0,0.9999474840802659,0.0,5.251591973412176e-05,1.0,0.99999
Kh 4h 6h Qc Ac,9c Qs,0,1,3,0.0010637240212944875,9.992425741288106e-07,0.0010691321743375947,1.0031937640490746e-06,12,5,1.0,0.9999339325891439,0.0,6.606741085611172e-05,1.0,0.99999
Kh 4h 6h Qc Ac,9c Kc,0,1,3,9.998410252769808e-07,0.005269478316744152,1.0003877683708927e-06,0.0053216709246894575,8,13,0.0,4.761953693517333e-05,1.0,0.9999523804630648,1.0,0.99999
Kh 4h 6h Qc Ac,9c Kd,0,1,3,0.0010637240212944875,9.992425741288106e-07,0.0010570981419323591,1.0103003500113395e-06,8,13,0.0,4.761953693517333e-05,1.0,0.9999523804630648,1.0,0.99999
Kh 4h 6h Qc Ac,9c Ks,0,1,3,0.0010637240212944875,9.992425741288106e-07,0.0010570981419323591,1.0103003500113397e-06,8,13,0.0,4.761953693517333e-05,1.0,0.9999523804630648,1.0,0.99999
Kh 4h 6h Qc Ac,9c Ad,0,1,3,0.0010637240212944875,9.992425741288106e-07,0.0010122252684183707,1.0089003029376198e-06,10,8,0.0,1e-05,1.0,0.99999,1.0,0.99999
Kh 4h 6h Qc Ac,9c Ah,0,1,3,0.0010637240212944875,9.992425741288106e-07,0.0010190808172087288,1.0086073013943428e-06,10,8,0.0,1e-05,1.0,0.99999,1.0,0.99999
Kh 4h 6h Qc Ac,9c As,0,1,3,0.0010637240212944875,9.992425741288106e-07,0.0010122252684183707,1.00890030293762e-06,10,8,0.0,1e-05,1.0,0.99999,1.0,0.99999
Kh 4h 6h Qc Ac,9d 9h,0,1,3,0.0010637240212944875,0.005038073721947223,0.0010658051404647765,0.005136077045948421,6,3,1.0,0.9999176006029368,0.0,8.239939706325524e-05,1.0,0.7889648157518971
Kh 4h 6h Qc Ac,9d 9s,0,1,3,0.0010637240212944875,0.005038073721947223,0.001060447045958862,0.005136077045948421,6,3,1.0,0.9999176006029368,0.0,8.239939706325524e-05,1.0,0.7889648157518971
Kh 4h 6h Qc Ac,9d Tc,0,1,3,0.0010637240212944875,9.992425741288106e-07,0.0010526087258085125,1.0088918778027074e-06,13,6,1.0,0.9999117191871583,0.0,8.828081284170859e-05,1.0,0.9996472715313675
Kh 4h 6h Qc Ac,9d Td,0,1,3,9.998410252769808e-07,9.992425741288106e-07,9.92969592106521e-07,1.0065707241844109e-06,13,6,1.0,0.9999117191871583,0.0,8.828081284170859e-05,1.0,0.9996472715313675
Kh 4h 6h Qc Ac,9d Th,0,1,3,0.0010637240212944875,9.992425741288106e-07,0.0010535692847670906,1.0074317919966811e-06,13,6,1.0,0.9999117191871583,0.0,8.828081284170859e-05,1.0,0.9996472715313675
Kh 4h 6h Qc Ac,9d Ts,0,1,3,0.0010637240212944875,9.992425741288106e-07,0.0010564135505902942,1.007731300993559e-06,13,6,1.0,0.9999117191871583,0.0,8.828081284170859e-05,1.0,0.9996472715313675
Kh 4h 6h Qc Ac,9d Jc,0,1,3,0.0010637240212944875,9.992425741288106e-07,0.0010703344581492298,1.0016757106642209e-06,3,2,1.0,0.9999386731163625,0.0,6.132688363751407e-05,1.0,0.421263202038205
Kh 4h 6h Qc Ac,9d Jd,0,1,3,9.998410252769808e-07,9.992425741288106e-07,1.00054484547913e-06,1.0035055245781065e-06,3,2,1.0,0.9999386731163625,0.0,6.132688363751407e-05,1.0,0.421263202038205
Kh 4h 6h Qc Ac,9d Jh,0,1,3,0.0010637240212944875,9.992425741288106e-07,0.0010684795015548326,1.0035055245781065e-06,3,14,1.0,0.9999386731163625,0.0,6.132688363751407e-05,1.0,0.0009125883486175955
Kh 4h 6h Qc Ac,9d Js,0,1,3,0.0010637240212944875,9.992425741288106e-07,0.0010644728107887882,1.0046661013872548e-06,3,2,1.0,0.9999386731163625,0.0,6.132688363751407e-05,1.0,0.421263202038205
Kh 4h 6h Qc Ac,9d Qd,0,1,3,0.0010637240212944875,0.006242894376094225,0.0010664556277472535,0.0062675799349073465,12,5,1.0,0.9999339325891439,0.0,6.606741085611172e-05,1.0,0.99999
Kh 4h 6h Qc Ac,9d Qh,0,1,3,0.0010637240212944875,9.992425741288106e-07,0.0010584871783093821,1.0033266026651349e-06,0,5,1.0,0.9999474840802659,0.0,5.251591973412176e-05,1.0,0.99999
Kh 4h 6h Qc Ac,9d Qs,0,1,3,0.0010637240212944875,9.992425741288106e-07,0.001059199117193862,1.0031937640490746e-06,12,5,1.0,0.9999339325891439,0.0,6.606741085611172e-05,1.0,0.99999
Kh 4h 6h Qc Ac,9d Kc,0,1,3,0.0010637240212944875,9.992425741288106e-07,0.0010482477739487707,1.0103003500113395e-06,8,13,0.0,4.761953693517333e-05,1.0,0.9999523804630648,1.0,0.99999
Kh 4h 6h Qc Ac,9d Kd,0,1,3,9.998410252769808e-07,0.005269478316744152,9.90033583584076e-07,0.0053216709246894575,8,13,0.0,4.761953693517333e-05,1.0,0.9999523804630648,1.0,0.99999
Kh 4h 6h Qc Ac,9d Ks,0,1,3,0.0010637240212944875,9.992425741288106e-07,0.0010471650847886267,1.0103003500113397e-06,8,13,0.0,4.761953693517333e-05,1.0,0.9999523804630648,1.0,0.99999
Kh 4h 6h Qc Ac,9d Ad,0,1,3,0.0010637240212944875,0.0023033073580196683,0.0010049687578649793,0.0023255689373428757,10,8,0.0,1e-05,1.0,0.99999,1.0,0.99999
Kh 4h 6h Qc Ac,9d Ah,0,1,3,0.0010637240212944875,9.992425741288106e-07,0.0010091477600649964,1.0086073013943428e-06,10,8,0.0,1e-05,1.0,0.99999,1.0,0.99999
Kh 4h 6h Qc Ac,9d As,0,1,3,0.0010637240212944875,9.992425741288106e-07,0.0010022922112746383,1.00890030293762e-06,10,8,0.0,1e-05,1.0,0.99999,1.0,0.99999
Kh 4h 6h Qc Ac,9h 9s,0,1,3,0.0010637240212944875,0.005038073721947223,0.0010658051404647765,0.005136077045948421,6,3,1.0,0.9999176006029368,0.0,8.239939706325524e-05,1.0,0.7889648157518971
Kh 4h 6h Qc Ac,9h Tc,0,1,3,0.0010637240212944875,9.992425741288106e-07,0.0010579668203144269,1.0088918778027074e-06,13,6,1.0,0.9999117191871583,0.0,8.828081284170859e-05,1.0,0.9996472715313675
Kh 4h 6h Qc Ac,9h Td,0,1,3,0.0010637240212944875,9.992425741288106e-07,0.0010617716450962086,1.007731300993559e-06,13,6,1.0,0.9999117191871583,0.0,8.828081284170859e-05,1.0,0.9996472715313675
Kh 4h 6h Qc Ac,9h Th,0,1,3,9.998410252769808e-07,9.992425741288106e-07,9.953324503264882e-07,1.006271215187533e-06,1,4,0.0,1e-05,1.0,0.99999,1.0,0.99999
Kh 4h 6h Qc Ac,9h Ts,0,1,3,0.0010637240212944875,9.992425741288106e-07,0.0010617716450962086,1.007731300993559e-06,13,6,1.0,0.9999117191871583,0.0,8.828081284170859e-05,1.0,0.9996472715313675
Kh 4h 6h Qc Ac,9h Jc,0,1,3,0.0010637240212944875,9.992425741288106e-07,0.001075692552655144,1.0016757106642209e-06,3,14,1.0,0.9999386731163625,0.0,6.132688363751407e-05,1.0,0.0009125883486175955
Kh 4h 6h Qc Ac,9h Jd,0,1,3,0.0010637240212944875,9.992425741288106e-07,0.0010698309052947028,1.0046661013872546e-06,3,2,1.0,0.9999386731163625,0.0,6.132688363751407e-05,1.0,0.421263202038205
Kh 4h 6h Qc Ac,9h Jh,0,1,3,9.998410252769808e-07,9.992425741288106e-07,1.009347219328335e-06,1.0023449477689583e-06,1,4,0.0,1e-05,1.0,0.99999,1.0,0.99999
Kh 4h 6h Qc Ac,9h Js,0,1,3,0.0010637240212944875,9.992425741288106e-07,0.0010698309052947026,1.0046661013872548e-06,3,2,1.0,0.9999386731163625,0.0,6.132688363751407e-05,1.0,0.421263202038205
Kh 4h 6h Qc Ac,9h Qd,0,1,3,0.0010637240212944875,9.992425741288106e-07,0.0010645572116997767,1.0031937640490748e-06,0,5,1.0,0.9999474840802659,0.0,5.251591973412176e-05,1.0,0.99999
Kh 4h 6h Qc Ac,9h Qh,0,1,3,0.0010637240212944875,0.006242894376094225,0.001071101783368688,0.006268409860963945,1,4,0.0,1e-05,1.0,0.99999,1.0,0.99999
Kh 4h 6h Qc Ac,9h Qs,0,1,3,0.0010637240212944875,9.992425741288106e-07,0.0010645572116997765,1.0031937640490746e-06,0,5,1.0,0.9999474840802659,0.0,5.251591973412176e-05,1.0,0.99999
Kh 4h 6h Qc Ac,9h Kc,0,1,3,0.0010637240212944875,9.992425741288106e-07,0.0010536058684546851,1.0103003500113395e-06,8,13,0.0,4.761953693517333e-05,1.0,0.9999523804630648,1.0,0.99999
Kh 4h 6h Qc Ac,9h Kd,0,1,3,0.0010637240212944875,9.992425741288106e-07,0.001052523179294541,1.0103003500113395e-06,8,13,0.0,4.761953693517333e-05,1.0,0.9999523804630648,1.0,0.99999
Kh 4h 6h Qc Ac,9h Ks,0,1,3,0.0010637240212944875,9.992425741288106e-07,0.001052523179294541,1.0103003500113397e-06,8,13,0.0,4.761953693517333e-05,1.0,0.9999523804630648,1.0,0.99999
Kh 4h 6h Qc Ac,9h Ad,0,1,3,0.0010637240212944875,9.992425741288106e-07,0.001007650305780553,1.0089003029376198e-06,10,8,0.0,1e-05,1.0,0.99999,1.0,0.99999
Kh 4h 6h Qc Ac,9h Ah,0,1,3,0.0010637240212944875,0.0023033073580196683,0.001017182401161252,0.0023248935531788952,1,4,0.0,1e-05,1.0,0.99999,1.0,0.99999
Kh 4h 6h Qc Ac,9h As,0,1,3,0.0010637240212944875,9.992425741288106e-07,0.001007650305780553,1.00890030293762e-06,10,8,0.0,1e-05,1.0,0.99999,1.0,0.99999
Kh 4h 6h Qc Ac,9s Tc,0,1,3,0.0010637240212944875,9.992425741288106e-07,0.0010526087258085123,1.0088918778027074e-06,13,6,1.0,0.9999117191871583,0.0,8.828081284170859e-05,1.0,0.9996472715313675
Kh 4h 6h Qc Ac,9s Td,0,1,3,0.0010637240212944875,9.992425741288106e-07,0.0010564135505902942,1.007731300993559e-06,13,6,1.0,0.9999117191871583,0.0,8.828081284170859e-05,1.0,0.9996472715313675
Kh 4h 6h Qc Ac,9s Th,0,1,3,0.0010637240212944875,9.992425741288106e-07,0.0010535692847670908,1.0074317919966811e-06,13,6,1.0,0.9999117191871583,0.0,8.828081284170859e-05,1.0,0.9996472715313675
Kh 4h 6h Qc Ac,9s Ts,0,1,3,9.998410252769808e-07,9.992425741288106e-07,9.92969592106521e-07,1.0065707241844109e-06,13,6,1.0,0.9999117191871583,0.0,8.828081284170859e-05,1.0,0.9996472715313675
Kh 4h 6h Qc Ac,9s Jc,0,1,3,0.0010637240212944875,9.992425741288106e-07,0.0010703344581492298,1.0016757106642209e-06,3,2,1.0,0.9999386731163625,0.0,6.132688363751407e-05,1.0,0.421263202038205
Kh 4h 6h Qc Ac,9s Jd,0,1,3,0.0010637240212944875,9.992425741288106e-07,0.0010644728107887884,1.0046661013872546e-06,3,2,1.0,0.9999386731163625,0.0,6.132688363751407e-05,1.0,0.421263202038205
Kh 4h 6h Qc Ac,9s Jh,0,1,3,0.0010637240212944875,9.992425741288106e-07,0.0010684795015548326,1.0035055245781065e-06,3,14,1.0,0.9999386731163625,0.0,6.132688363751407e-05,1.0,0.0009125883486175955
Kh 4h 6h Qc Ac,9s Js,0,1,3,9.998410252769808e-07,9.992425741288106e-07,1.00054484547913e-06,1.0035055245781067e-06,3,2,1.0,0.9999386731163625,0.0,6.132688363751407e-05,1.0,0.421263202038205
Kh 4h 6h Qc Ac,9s Qd,0,1,3,0.0010637240212944875,9.992425741288106e-07,0.001059199117193862,1.0031937640490748e-06,12,5,1.0,0.9999339325891439,0.0,6.606741085611172e-05,1.0,0.99999
Kh 4h 6h Qc Ac,9s Qh,0,1,3,0.0010637240212944875,9.992425741288106e-07,0.0010584871783093821,1.0033266026651349e-06,0,5,1.0,0.9999474840802659,0.0,5.251591973412176e-05,1.0,0.99999
Kh 4h 6h Qc Ac,9s Qs,0,1,3,0.0010637240212944875,0.006242894376094225,0.0010664556277472535,0.0062675799349073465,12,5,1.0,0.9999339325891439,0.0,6.606741085611172e-05,1.0,0.99999
Kh 4h 6h Qc Ac,9s Kc,0,1,3,0.0010637240212944875,9.992425741288106e-07,0.0010482477739487707,1.0103003500113395e-06,8,13,0.0,4.761953693517333e-05,1.0,0.9999523804630648,1.0,0.99999
Kh 4h 6h Qc Ac,9s Kd,0,1,3,0.0010637240212944875,9.992425741288106e-07,0.0010471650847886267,1.0103003500113395e-06,8,13,0.0,4.761953693517333e-05,1.0,0.9999523804630648,1.0,0.99999
Kh 4h 6h Qc Ac,9s Ks,0,1,3,9.998410252769808e-07,0.005269478316744152,9.90033583584076e-07,0.0053216709246894575,8,13,0.0,4.761953693517333e-05,1.0,0.9999523804630648,1.0,0.99999
Kh 4h 6h Qc Ac,9s Ad,0,1,3,0.0010637240212944875,9.992425741288106e-07,0.0010022922112746385,1.0089003029376198e-06,10,8,0.0,1e-05,1.0,0.99999,1.0,0.99999
Kh 4h 6h Qc Ac,9s Ah,0,1,3,0.0010637240212944875,9.992425741288106e-07,0.0010091477600649964,1.0086073013943428e-06,10,8,0.0,1e-05,1.0,0.99999,1.0,0.99999
Kh 4h 6h Qc Ac,9s As,0,1,3,0.0010637240212944875,0.0023033073580196683,0.0010049687578649793,0.0023255689373428757,10,8,0.0,1e-05,1.0,0.99999,1.0,0.99999
Kh 4h 6h Qc Ac,Tc Td,0,1,3,0.0010637240212944875,9.992425741288106e-07,0.0010544310776363355,9.979427998331564e-07,6,3,1.0,0.9999176006029368,0.0,8.239939706325524e-05,1.0,0.7889648157518971
Kh 4h 6h Qc Ac,Tc Th,0,1,3,0.0010637240212944875,9.992425741288106e-07,0.001051586811813132,9.976432908362785e-07,12,3,1.0,0.9999339325891439,0.0,6.606741085611172e-05,1.0,0.7889648157518971
Kh 4h 6h Qc Ac,Tc Ts,0,1,3,0.0010637240212944875,9.992425741288106e-07,0.0010544310776363355,9.979427998331564e-07,6,3,1.0,0.9999176006029368,0.0,8.239939706325524e-05,1.0,0.7889648157518971
Kh 4h 6h Qc Ac,Tc Jc,0,1,3,0.0010637240212944875,0.0018654636315069886,0.0010705195168864167,0.0018517320656593875,1,4,0.0,1e-05,1.0,0.99999,1.0,0.99999
Kh 4h 6h Qc Ac,Tc Jd,0,1,3,0.0010637240212944875,9.992425741288106e-07,0.0010624903378348297,9.94877600226852e-07,1,4,0.0,1e-05,1.0,0.99999,1.0,0.99999
Kh 4h 6h Qc Ac,Tc Jh,0,1,3,0.0010637240212944875,9.992425741288106e-07,0.0010664970286008739,9.937170234177036e-07,1,4,0.0,1e-05,1.0,0.99999,1.0,0.99999
Kh 4h 6h Qc Ac,Tc Js,0,1,3,0.0010637240212944875,9.992425741288106e-07,0.0010624903378348297,9.94877600226852e-07,1,4,0.0,1e-05,1.0,0.99999,1.0,0.99999
Kh 4h 6h Qc Ac,Tc Qd,0,1,3,9.998410252769808e-07,9.992425741288106e-07,9.93724455174332e-07,9.922446860795236e-07,0,5,1.0,0.9999474840802659,0.0,5.251591973412176e-05,1.0,0.99999
Kh 4h 6h Qc Ac,Tc Qh,0,1,3,9.998410252769808e-07,9.992425741288106e-07,9.930552724822584e-07,9.92377524695584e-07,7,5,1.0,0.9999036579653051,0.0,9.634203469490932e-05,1.0,0.99999
Kh 4h 6h Qc Ac,Tc Qs,0,1,3,9.998410252769808e-07,9.992425741288106e-07,9.937244551743319e-07,9.922446860795236e-07,0,5,1.0,0.9999474840802659,0.0,5.251591973412176e-05,1.0,0.99999
Kh 4h 6h Qc Ac,Tc Kc,0,1,3,0.0021250472711657224,9.992425741288106e-07,0.0020901692340168365,1.0016708957359887e-06,2,13,0.0,3.1354057556244125e-05,1.0,0.9999686459424437,1.0,0.99999
Kh 4h 6h Qc Ac,Tc Kd,0,1,3,0.0013365793492340408,0.0018872098819816166,0.0013160371820216945,0.0018901698607954596,2,13,0.0,3.1354057556244125e-05,1.0,0.9999686459424437,1.0,0.99999
Kh 4h 6h Qc Ac,Tc Ks,0,1,3,0.0013365793492340408,0.0018872098819816166,0.0013160371820216945,0.0018901698607954596,2,13,0.0,3.1354057556244125e-05,1.0,0.9999686459424437,1.0,0.99999
Kh 4h 6h Qc Ac,Tc Ad,0,1,3,0.0010637240212944875,0.0032738281201124585,0.0010041145631024615,0.0032733996693908593,10,8,0.0,1e-05,1.0,0.99999,1.0,0.99999
Kh 4h 6h Qc Ac,Tc Ah,0,1,3,0.0010637240212944875,0.0032738281201124585,0.0010109701118928196,0.0032724397055978304,1,8,0.0,1e-05,1.0,0.99999,1.0,0.99999
Kh 4h 6h Qc Ac,Tc As,0,1,3,0.0010637240212944875,0.0032738281201124585,0.0010041145631024615,0.0032733996693908593,10,8,0.0,1e-05,1.0,0.99999,1.0,0.99999
Kh 4h 6h Qc Ac,Td Th,0,1,3,0.0010637240212944875,9.992425741288106e-07,0.0010553916365949139,9.964827140271301e-07,6,3,1.0,0.9999176006029368,0.0,8.239939706325524e-05,1.0,0.7889648157518971
Kh 4h 6h Qc Ac,Td Ts,0,1,3,0.0010637240212944875,9.992425741288106e-07,0.0010582359024181175,9.96782223024008e-07,6,3,1.0,0.9999176006029368,0.0,8.239939706325524e-05,1.0,0.7889648157518971
Kh 4h 6h Qc Ac,Td Jc,0,1,3,0.0010637240212944875,9.992425741288106e-07,0.0010721568099770528,9.9072663269467e-07,1,4,0.0,1e-05,1.0,0.99999,1.0,0.99999
Kh 4h 6h Qc Ac,Td Jd,0,1,3,0.0010637240212944875,0.0018654636315069886,0.0010684626943077572,0.0018551481043642588,1,4,0.0,1e-05,1.0,0.99999,1.0,0.99999
Kh 4h 6h Qc Ac,Td Jh,0,1,3,0.0010637240212944875,9.992425741288106e-07,0.0010703018533826558,9.925564466085557e-07,1,4,0.0,1e-05,1.0,0.99999,1.0,0.99999
Kh 4h 6h Qc Ac,Td Js,0,1,3,0.0010637240212944875,9.992425741288106e-07,0.0010662951626166115,9.937170234177039e-07,1,4,0.0,1e-05,1.0,0.99999,1.0,0.99999
Kh 4h 6h Qc Ac,Td Qd,0,1,3,0.0010637240212944875,9.992425741288106e-07,0.0010610214690216853,9.922446860795236e-07,0,5,1.0,0.9999474840802659,0.0,5.251591973412176e-05,1.0,0.99999
Kh 4h 6h Qc Ac,Td Qh,0,1,3,9.998410252769808e-07,9.992425741288106e-07,9.966315947563258e-07,9.912169478864357e-07,7,5,1.0,0.9999036579653051,0.0,9.634203469490932e-05,1.0,0.99999
Kh 4h 6h Qc Ac,Td Qs,0,1,3,9.998410252769808e-07,9.992425741288106e-07,9.973007774483993e-07,9.910841092703754e-07,0,5,1.0,0.9999474840802659,0.0,5.251591973412176e-05,1.0,0.99999
Kh 4h 6h Qc Ac,Td Kc,0,1,3,0.0013365793492340408,0.0018872098819816166,0.001322178389772105,0.001887977948561403,2,13,0.0,3.1354057556244125e-05,1.0,0.9999686459424437,1.0,0.99999
Kh 4h 6h Qc Ac,Td Kd,0,1,3,0.0021250472711657224,9.992425741288106e-07,0.0020956073615374174,1.0005103189268403e-06,2,13,0.0,3.1354057556244125e-05,1.0,0.9999686459424437,1.0,0.99999
Kh 4h 6h Qc Ac,Td Ks,0,1,3,0.0013365793492340408,0.0018872098819816166,0.00132081798054554,0.001887977948561403,2,13,0.0,3.1354057556244125e-05,1.0,0.9999686459424437,1.0,0.99999
Kh 4h 6h Qc Ac,Td Ad,0,1,3,0.0010637240212944875,9.992425741288106e-07,0.0010041145631024615,9.979512249680688e-07,10,8,0.0,1e-05,1.0,0.99999,1.0,0.99999
Kh 4h 6h Qc Ac,Td Ah,0,1,3,0.0010637240212944875,0.0032738281201124585,0.0010147749366746014,0.0032686372965615136,1,8,0.0,1e-05,1.0,0.99999,1.0,0.99999
Kh 4h 6h Qc Ac,Td As,0,1,3,0.0010637240212944875,0.0032738281201124585,0.0010079193878842433,0.0032695972603545426,10,8,0.0,1e-05,1.0,0.99999,1.0,0.99999
Kh 4h 6h Qc Ac,Th Ts,0,1,3,0.0010637240212944875,9.992425741288106e-07,0.0010553916365949139,9.964827140271301e-07,6,3,1.0,0.9999176006029368,0.0,8.239939706325524e-05,1.0,0.7889648157518971
Kh 4h 6h Qc Ac,Th Jc,0,1,3,0.0010637240212944875,9.992425741288106e-07,0.0010693125441538494,9.904271236977922e-07,1,4,0.0,1e-05,1.0,0.99999,1.0,0.99999
Kh 4h 6h Qc Ac,Th Jd,0,1,3,0.0010637240212944875,9.992425741288106e-07,0.0010634508967934078,9.93417514420826e-07,1,4,0.0,1e-05,1.0,0.99999,1.0,0.99999
Kh 4h 6h Qc Ac,Th Jh,0,1,3,0.0010637240212944875,0.0018654636315069886,0.0010696251192505982,0.001852422302801614,1,4,0.0,1e-05,1.0,0.99999,1.0,0.99999
Kh 4h 6h Qc Ac,Th Js,0,1,3,0.0010637240212944875,9.992425741288106e-07,0.0010634508967934078,9.93417514420826e-07,1,4,0.0,1e-05,1.0,0.99999,1.0,0.99999
Kh 4h 6h Qc Ac,Th Qd,0,1,3,9.998410252769808e-07,9.992425741288106e-07,9.946273268165605e-07,9.907846002734976e-07,0,5,1.0,0.9999474840802659,0.0,5.251591973412176e-05,1.0,0.99999
Kh 4h 6h Qc Ac,Th Qh,0,1,3,0.0010637240212944875,9.992425741288106e-07,0.0010574652643140017,9.92078015698706e-07,1,4,0.0,1e-05,1.0,0.99999,1.0,0.99999
Kh 4h 6h Qc Ac,Th Qs,0,1,3,9.998410252769808e-07,9.992425741288106e-07,9.946273268165603e-07,9.907846002734976e-07,0,5,1.0,0.9999474840802659,0.0,5.251591973412176e-05,1.0,0.99999
Kh 4h 6h Qc Ac,Th Kc,0,1,3,0.0013365793492340408,0.0018872098819816166,0.0013186045427150462,0.001887412283773608,2,13,0.0,3.1354057556244125e-05,1.0,0.9999686459424437,1.0,0.99999
Kh 4h 6h Qc Ac,Th Kd,0,1,3,0.0013365793492340408,0.0018872098819816166,0.001317244133488481,0.001887412283773608,2,13,0.0,3.1354057556244125e-05,1.0,0.9999686459424437,1.0,0.99999
Kh 4h 6h Qc Ac,Th Ks,0,1,3,0.0013365793492340408,0.0018872098819816166,0.001317244133488481,0.0018874122837736081,2,13,0.0,3.1354057556244125e-05,1.0,0.9999686459424437,1.0,0.99999
Kh 4h 6h Qc Ac,Th Ad,0,1,3,0.0010637240212944875,0.0032738281201124585,0.00100507512206104,0.0032686159761282775,10,8,0.0,1e-05,1.0,0.99999,1.0,0.99999
Kh 4h 6h Qc Ac,Th Ah,0,1,3,0.0010637240212944875,9.992425741288106e-07,0.0010081258460696157,9.973587144279138e-07,1,4,0.0,1e-05,1.0,0.99999,1.0,0.99999
Kh 4h 6h Qc Ac,Th As,0,1,3,0.0010637240212944875,0.0032738281201124585,0.00100507512206104,0.0032686159761282775,10,8,0.0,1e-05,1.0,0.99999,1.0,0.99999
Kh 4h 6h Qc Ac,Ts Jc,0,1,3,0.0010637240212944875,9.992425741288106e-07,0.0010721568099770528,9.9072663269467e-07,1,4,0.0,1e-05,1.0,0.99999,1.0,0.99999
Kh 4h 6h Qc Ac,Ts Jd,0,1,3,0.0010637240212944875,9.992425741288106e-07,0.0010662951626166115,9.937170234177036e-07,1,4,0.0,1e-05,1.0,0.99999,1.0,0.99999
Kh 4h 6h Qc Ac,Ts Jh,0,1,3,0.0010637240212944875,9.992425741288106e-07,0.0010703018533826558,9.925564466085557e-07,1,4,0.0,1e-05,1.0,0.99999,1.0,0.99999
Kh 4h 6h Qc Ac,Ts Js,0,1,3,0.0010637240212944875,0.0018654636315069886,0.0010684626943077572,0.0018551481043642588,1,4,0.0,1e-05,1.0,0.99999,1.0,0.99999
Kh 4h 6h Qc Ac,Ts Qd,0,1,3,9.998410252769808e-07,9.992425741288106e-07,9.973007774483995e-07,9.910841092703754e-07,0,5,1.0,0.9999474840802659,0.0,5.251591973412176e-05,1.0,0.99999
Kh 4h 6h Qc Ac,Ts Qh,0,1,3,9.998410252769808e-07,9.992425741288106e-07,9.96631594756326e-07,9.912169478864357e-07,7,5,1.0,0.9999036579653051,0.0,9.634203469490932e-05,1.0,0.99999
Kh 4h 6h Qc Ac,Ts Qs,0,1,3,0.0010637240212944875,9.992425741288106e-07,0.0010610214690216853,9.922446860795236e-07,0,5,1.0,0.9999474840802659,0.0,5.251591973412176e-05,1.0,0.99999
Kh 4h 6h Qc Ac,Ts Kc,0,1,3,0.0013365793492340408,0.0018872098819816166,0.001322178389772105,0.001887977948561403,2,13,0.0,3.1354057556244125e-05,1.0,0.9999686459424437,1.0,0.99999
Kh 4h 6h Qc Ac,Ts Kd,0,1,3,0.0013365793492340408,0.0018872098819816166,0.00132081798054554,0.001887977948561403,2,13,0.0,3.1354057556244125e-05,1.0,0.9999686459424437,1.0,0.99999
Kh 4h 6h Qc Ac,Ts Ks,0,1,3,0.0021250472711657224,9.992425741288106e-07,0.0020956073615374174,1.0005103189268405e-06,2,13,0.0,3.1354057556244125e-05,1.0,0.9999686459424437,1.0,0.99999
Kh 4h 6h Qc Ac,Ts Ad,0,1,3,0.0010637240212944875,0.0032738281201124585,0.0010079193878842433,0.0032695972603545426,10,8,0.0,1e-05,1.0,0.99999,1.0,0.99999
Kh 4h 6h Qc Ac,Ts Ah,0,1,3,0.0010637240212944875,0.0032738281201124585,0.0010147749366746014,0.0032686372965615136,1,8,0.0,1e-05,1.0,0.99999,1.0,0.99999
Kh 4h 6h Qc Ac,Ts As,0,1,3,0.0010637240212944875,9.992425741288106e-07,0.0010041145631024615,9.979512249680688e-07,10,8,0.0,1e-05,1.0,0.99999,1.0,0.99999
Kh 4h 6h Qc Ac,Jc Jd,0,1,3,0.0010637240212944875,9.992425741288106e-07,0.001080216070175547,9.876614330883655e-07,12,3,1.0,0.9999339325891439,0.0,6.606741085611172e-05,1.0,0.7889648157518971
Kh 4h 6h Qc Ac,Jc Jh,0,1,3,0.0010637240212944875,9.992425741288106e-07,0.0010842227609415913,9.865008562792174e-07,12,12,1.0,0.9999339325891439,0.0,6.606741085611172e-05,1.0,0.99999
Kh 4h 6h Qc Ac,Jc Js,0,1,3,0.0010637240212944875,9.992425741288106e-07,0.001080216070175547,9.876614330883655e-07,12,3,1.0,0.9999339325891439,0.0,6.606741085611172e-05,1.0,0.7889648157518971
Kh 4h 6h Qc Ac,Jc Qd,0,1,3,0.002739259389872544,9.992425741288106e-07,0.0027681484479752934,9.88018909664071e-07,0,5,1.0,0.9999474840802659,0.0,5.251591973412176e-05,1.0,0.99999
Kh 4h 6h Qc Ac,Jc Qh,0,1,3,0.002739259389872544,9.992425741288106e-07,0.0027663150915451596,9.881517482801314e-07,7,5,1.0,0.9999036579653051,0.0,9.634203469490932e-05,1.0,0.99999
Kh 4h 6h Qc Ac,Jc Qs,0,1,3,0.002739259389872544,9.992425741288106e-07,0.002768148447975293,9.88018909664071e-07,0,5,1.0,0.9999474840802659,0.0,5.251591973412176e-05,1.0,0.99999
Kh 4h 6h Qc Ac,Jc Kc,0,1,3,9.998410252769808e-07,0.0032701131577040554,1.0036642644650344e-06,0.0032468533114625,9,13,0.0,2.6697537581526693e-05,1.0,0.9999733024624184,1.0,0.99999
Kh 4h 6h Qc Ac,Jc Kd,0,1,3,0.0010637240212944875,9.992425741288106e-07,0.0010629083441753852,9.932956817124502e-07,9,13,0.0,2.6697537581526693e-05,1.0,0.9999733024624184,1.0,0.99999
Kh 4h 6h Qc Ac,Jc Ks,0,1,3,0.0010637240212944875,9.992425741288106e-07,0.0010629083441753852,9.932956817124502e-07,9,13,0.0,2.6697537581526693e-05,1.0,0.9999733024624184,1.0,0.99999
Kh 4h 6h Qc Ac,Jc Ad,0,1,3,0.0010637240212944875,0.0023776275248567863,0.001020798418106518,0.002360145998341296,1,8,0.0,1e-05,1.0,0.99999,1.0,0.99999
Kh 4h 6h Qc Ac,Jc Ah,0,1,3,0.0010637240212944875,0.0023776275248567863,0.0010276539668968758,0.0023594488217475863,1,8,0.0,1e-05,1.0,0.99999,1.0,0.99999
Kh 4h 6h Qc Ac,Jc As,0,1,3,0.0010637240212944875,0.0023776275248567863,0.001020798418106518,0.002360145998341296,1,8,0.0,1e-05,1.0,0.99999,1.0,0.99999
Kh 4h 6h Qc Ac,Jd Jh,0,1,3,0.0010637240212944875,9.992425741288106e-07,0.0010783611135811498,9.894912470022513e-07,12,12,1.0,0.9999339325891439,0.0,6.606741085611172e-05,1.0,0.99999
Kh 4h 6h Qc Ac,Jd Js,0,1,3,0.0010637240212944875,9.992425741288106e-07,0.0010743544228151054,9.906518238113995e-07,12,3,1.0,0.9999339325891439,0.0,6.606741085611172e-05,1.0,0.7889648157518971
Kh 4h 6h Qc Ac,Jd Qd,0,1,3,0.0010637240212944875,0.005577669536702145,0.001075563883130409,0.005521498413778762,0,5,1.0,0.9999474840802659,0.0,5.251591973412176e-05,1.0,0.99999
Kh 4h 6h Qc Ac,Jd Qh,0,1,3,0.002739259389872544,9.992425741288106e-07,0.002751220412614556,9.911421390031654e-07,7,5,1.0,0.9999036579653051,0.0,9.634203469490932e-05,1.0,0.99999
Kh 4h 6h Qc Ac,Jd Qs,0,1,3,0.002739259389872544,9.992425741288106e-07,0.002753053769044689,9.910093003871048e-07,0,5,1.0,0.9999474840802659,0.0,5.251591973412176e-05,1.0,0.99999
Kh 4h 6h Qc Ac,Jd Kc,0,1,3,0.0010637240212944875,9.992425741288106e-07,0.0010581293859750877,9.96286072435484e-07,9,13,0.0,2.6697537581526693e-05,1.0,0.9999733024624184,1.0,0.99999
Kh 4h 6h Qc Ac,Jd Kd,0,1,3,9.998410252769808e-07,0.0032701131577040554,9.971369769284034e-07,0.0032566396399309355,9,13,0.0,2.6697537581526693e-05,1.0,0.9999733024624184,1.0,0.99999
Kh 4h 6h Qc Ac,Jd Ks,0,1,3,0.0010637240212944875,9.992425741288106e-07,0.0010570466968149437,9.962860724354842e-07,9,13,0.0,2.6697537581526693e-05,1.0,0.9999733024624184,1.0,0.99999
Kh 4h 6h Qc Ac,Jd Ad,0,1,3,9.998410252769808e-07,0.0018430208871305384,9.533995598538283e-07,0.0018328450019779888,1,8,0.0,1e-05,1.0,0.99999,1.0,0.99999
Kh 4h 6h Qc Ac,Jd Ah,0,1,3,0.0010637240212944875,0.0023776275248567863,0.0010217923195364343,0.0023665642464475007,1,8,0.0,1e-05,1.0,0.99999,1.0,0.99999
Kh 4h 6h Qc Ac,Jd As,0,1,3,0.0010637240212944875,0.0023776275248567863,0.0010149367707460765,0.0023672614230412104,1,8,0.0,1e-05,1.0,0.99999,1.0,0.99999
Kh 4h 6h Qc Ac,Jh Js,0,1,3,0.0010637240212944875,9.992425741288106e-07,0.0010783611135811498,9.894912470022513e-07,12,12,1.0,0.9999339325891439,0.0,6.606741085611172e-05,1.0,0.99999
Kh 4h 6h Qc Ac,Jh Qd,0,1,3,0.002739259389872544,9.992425741288106e-07,0.0027633716382320815,9.898487235779567e-07,0,5,1.0,0.9999474840802659,0.0,5.251591973412176e-05,1.0,0.99999
Kh 4h 6h Qc Ac,Jh Qh,0,1,3,0.0010637240212944875,0.005577669536702145,0.0010788586350119732,0.005515761684620389,1,4,0.0,1e-05,1.0,0.99999,1.0,0.99999
Kh 4h 6h Qc Ac,Jh Qs,0,1,3,0.002739259389872544,9.992425741288106e-07,0.002763371638232081,9.898487235779567e-07,0,5,1.0,0.9999474840802659,0.0,5.251591973412176e-05,1.0,0.99999
Kh 4h 6h Qc Ac,Jh Kc,0,1,3,0.0010637240212944875,9.992425741288106e-07,0.001062136076741132,9.951254956263358e-07,9,13,0.0,2.6697537581526693e-05,1.0,0.9999733024624184,1.0,0.99999
Kh 4h 6h Qc Ac,Jh Kd,0,1,3,0.0010637240212944875,9.992425741288106e-07,0.0010610533875809883,9.951254956263358e-07,9,13,0.0,2.6697537581526693e-05,1.0,0.9999733024624184,1.0,0.99999
Kh 4h 6h Qc Ac,Jh Ks,0,1,3,0.0010637240212944875,9.992425741288106e-07,0.0010610533875809883,9.95125495626336e-07,9,13,0.0,2.6697537581526693e-05,1.0,0.9999733024624184,1.0,0.99999
Kh 4h 6h Qc Ac,Jh Ad,0,1,3,0.0010637240212944875,0.0023776275248567863,0.0010189434615121209,0.0023644999120351895,1,8,0.0,1e-05,1.0,0.99999,1.0,0.99999
Kh 4h 6h Qc Ac,Jh Ah,0,1,3,9.998410252769808e-07,0.0018430208871305384,9.63609456892405e-07,0.0018301639960501377,1,4,0.0,1e-05,1.0,0.99999,1.0,0.99999
Kh 4h 6h Qc Ac,Jh As,0,1,3,0.0010637240212944875,0.0023776275248567863,0.0010189434615121209,0.0023644999120351895,1,8,0.0,1e-05,1.0,0.99999,1.0,0.99999
Kh 4h 6h Qc Ac,Js Qd,0,1,3,0.002739259389872544,9.992425741288106e-07,0.0027530537690446896,9.91009300387105e-07,0,5,1.0,0.9999474840802659,0.0,5.251591973412176e-05,1.0,0.99999
Kh 4h 6h Qc Ac,Js Qh,0,1,3,0.002739259389872544,9.992425741288106e-07,0.0027512204126145558,9.911421390031654e-07,7,5,1.0,0.9999036579653051,0.0,9.634203469490932e-05,1.0,0.99999
Kh 4h 6h Qc Ac,Js Qs,0,1,3,0.0010637240212944875,0.005577669536702145,0.001075563883130409,0.005521498413778762,0,5,1.0,0.9999474840802659,0.0,5.251591973412176e-05,1.0,0.99999
Kh 4h 6h Qc Ac,Js Kc,0,1,3,0.0010637240212944875,9.992425741288106e-07,0.001058129385975088,9.962860724354842e-07,9,13,0.0,2.6697537581526693e-05,1.0,0.9999733024624184,1.0,0.99999
Kh 4h 6h Qc Ac,Js Kd,0,1,3,0.0010637240212944875,9.992425741288106e-07,0.0010570466968149437,9.962860724354842e-07,9,13,0.0,2.6697537581526693e-05,1.0,0.9999733024624184,1.0,0.99999
Kh 4h 6h Qc Ac,Js Ks,0,1,3,9.998410252769808e-07,0.0032701131577040554,9.971369769284034e-07,0.0032566396399309355,9,13,0.0,2.6697537581526693e-05,1.0,0.9999733024624184,1.0,0.99999
Kh 4h 6h Qc Ac,Js Ad,0,1,3,0.0010637240212944875,0.0023776275248567863,0.0010149367707460765,0.0023672614230412104,1,8,0.0,1e-05,1.0,0.99999,1.0,0.99999
Kh 4h 6h Qc Ac,Js Ah,0,1,3,0.0010637240212944875,0.0023776275248567863,0.0010217923195364343,0.0023665642464475007,1,8,0.0,1e-05,1.0,0.99999,1.0,0.99999
Kh 4h 6h Qc Ac,Js As,0,1,3,9.998410252769808e-07,0.0018430208871305384,9.533995598538283e-07,0.0018328450019779888,1,8,0.0,1e-05,1.0,0.99999,1.0,0.99999
Kh 4h 6h Qc Ac,Qd Qh,0,1,3,0.0004903322346366896,9.992425741288106e-07,0.0004900423267511222,9.872137996747327e-07,1,4,0.0,1e-05,1.0,0.99999,1.0,0.99999
Kh 4h 6h Qc Ac,Qd Qs,0,1,3,0.0004903322346366896,9.992425741288106e-07,0.0004903705007672802,9.870809610586724e-07,1,4,0.0,1e-05,1.0,0.99999,1.0,0.99999
Kh 4h 6h Qc Ac,Qd Kc,0,1,3,0.0010637240212944875,0.0006133938399089579,0.0010535676312646417,0.0006106751581291631,1,4,0.0,1e-05,1.0,0.99999,1.0,0.99999
Kh 4h 6h Qc Ac,Qd Kd,0,1,3,0.0010637240212944875,9.992425741288106e-07,0.0010517730032200178,9.948137350973041e-07,1,4,0.0,1e-05,1.0,0.99999,1.0,0.99999
Kh 4h 6h Qc Ac,Qd Ks,0,1,3,0.0010637240212944875,0.0006133938399089579,0.001052484942104498,0.0006106751581291631,1,4,0.0,1e-05,1.0,0.99999,1.0,0.99999
Kh 4h 6h Qc Ac,Qd Ad,0,1,3,0.0010637240212944875,0.005716127557726573,0.0010135442478858075,0.005682783645688063,1,4,0.0,1e-05,1.0,0.99999,1.0,0.99999
Kh 4h 6h Qc Ac,Qd Ah,0,1,3,0.0010637240212944875,0.002523136681854014,0.001016687787503947,0.002507678614225538,1,4,0.0,1e-05,1.0,0.99999,1.0,0.99999
Kh 4h 6h Qc Ac,Qd As,0,1,3,0.0010637240212944875,0.002523136681854014,0.001009832238713589,0.0025084184575436897,1,4,0.0,1e-05,1.0,0.99999,1.0,0.99999
Kh 4h 6h Qc Ac,Qh Qs,0,1,3,0.0004903322346366896,9.992425741288106e-07,0.0004900423267511222,9.872137996747327e-07,1,4,0.0,1e-05,1.0,0.99999,1.0,0.99999
Kh 4h 6h Qc Ac,Qh Kc,0,1,3,0.0010637240212944875,0.0006133938399089579,0.0010528556923801618,0.0006107567022816072,1,4,0.0,1e-05,1.0,0.99999,1.0,0.99999
Kh 4h 6h Qc Ac,Qh Kd,0,1,3,0.0010637240212944875,0.0006133938399089579,0.0010517730032200178,0.0006107567022816072,1,4,0.0,1e-05,1.0,0.99999,1.0,0.99999
Kh 4h 6h Qc Ac,Qh Ks,0,1,3,0.0010637240212944875,0.0006133938399089579,0.0010517730032200178,0.0006107567022816072,1,4,0.0,1e-05,1.0,0.99999,1.0,0.99999
Kh 4h 6h Qc Ac,Qh Ad,0,1,3,0.0010637240212944875,0.002523136681854014,0.001009120299829109,0.0025087538815874865,1,4,0.0,1e-05,1.0,0.99999,1.0,0.99999
Kh 4h 6h Qc Ac,Qh Ah,0,1,3,0.0010637240212944875,0.005716127557726573,0.0010196878577916854,0.005681867440008187,1,4,0.0,1e-05,1.0,0.99999,1.0,0.99999
Kh 4h 6h Qc Ac,Qh As,0,1,3,0.0010637240212944875,0.002523136681854014,0.001009120299829109,0.0025087538815874865,1,4,0.0,1e-05,1.0,0.99999,1.0,0.99999
Kh 4h 6h Qc Ac,Qs Kc,0,1,3,0.0010637240212944875,0.0006133938399089579,0.0010535676312646417,0.0006106751581291631,1,4,0.0,1e-05,1.0,0.99999,1.0,0.99999
Kh 4h 6h Qc Ac,Qs Kd,0,1,3,0.0010637240212944875,0.0006133938399089579,0.0010524849421044977,0.0006106751581291631,1,4,0.0,1e-05,1.0,0.99999,1.0,0.99999
Kh 4h 6h Qc Ac,Qs Ks,0,1,3,0.0010637240212944875,9.992425741288106e-07,0.0010517730032200178,9.948137350973041e-07,1,4,0.0,1e-05,1.0,0.99999,1.0,0.99999
Kh 4h 6h Qc Ac,Qs Ad,0,1,3,0.0010637240212944875,0.002523136681854014,0.001009832238713589,0.0025084184575436897,1,4,0.0,1e-05,1.0,0.99999,1.0,0.99999
Kh 4h 6h Qc Ac,Qs Ah,0,1,3,0.0010637240212944875,0.002523136681854014,0.001016687787503947,0.002507678614225538,1,4,0.0,1e-05,1.0,0.99999,1.0,0.99999
Kh 4h 6h Qc Ac,Qs As,0,1,3,0.0010637240212944875,0.005716127557726573,0.0010135442478858075,0.005682783645688063,1,4,0.0,1e-05,1.0,0.99999,1.0,0.99999
Kh 4h 6h Qc Ac,Kc Kd,0,1,3,0.0010637240212944875,0.005765176683346813,0.0010475228001792793,0.0057806260692805445,1,4,0.0,1e-05,1.0,0.99999,1.0,0.99999
Kh 4h 6h Qc Ac,Kc Ks,0,1,3,0.0010637240212944875,0.005765176683346813,0.0010475228001792793,0.0057806260692805445,1,4,0.0,1e-05,1.0,0.99999,1.0,0.99999
Kh 4h 6h Qc Ac,Kc Ad,0,1,3,0.0010637240212944875,9.992425741288106e-07,0.000995948786460938,1.0005202739858493e-06,1,4,0.0,1e-05,1.0,0.99999,1.0,0.99999
Kh 4h 6h Qc Ac,Kc Ah,0,1,3,0.0010637240212944875,9.992425741288106e-07,0.0010028043352512958,1.0002272724425722e-06,1,4,0.0,1e-05,1.0,0.99999,1.0,0.99999
Kh 4h 6h Qc Ac,Kc As,0,1,3,0.0010637240212944875,9.992425741288106e-07,0.000995948786460938,1.0005202739858493e-06,1,4,0.0,1e-05,1.0,0.99999,1.0,0.99999
Kh 4h 6h Qc Ac,Kd Ks,0,1,3,0.0010637240212944875,0.005765176683346813,0.0010464401110191353,0.0057806260692805445,1,4,0.0,1e-05,1.0,0.99999,1.0,0.99999
Kh 4h 6h Qc Ac,Kd Ad,0,1,3,0.0010637240212944875,0.0015446998926038546,0.000996660725345418,0.0015466750514722312,1,4,0.0,1e-05,1.0,0.99999,1.0,0.99999
Kh 4h 6h Qc Ac,Kd Ah,0,1,3,0.0010637240212944875,9.992425741288106e-07,0.0010017216460911518,1.0002272724425722e-06,1,4,0.0,1e-05,1.0,0.99999,1.0,0.99999
Kh 4h 6h Qc Ac,Kd As,0,1,3,0.0010637240212944875,9.992425741288106e-07,0.0009948660973007938,1.0005202739858493e-06,1,4,0.0,1e-05,1.0,0.99999,1.0,0.99999
Kh 4h 6h Qc Ac,Ks Ad,0,1,3,0.0010637240212944875,9.992425741288106e-07,0.000994866097300794,1.0005202739858493e-06,1,4,0.0,1e-05,1.0,0.99999,1.0,0.99999
Kh 4h 6h Qc Ac,Ks Ah,0,1,3,0.0010637240212944875,9.992425741288106e-07,0.0010017216460911516,1.0002272724425722e-06,1,4,0.0,1e-05,1.0,0.99999,1.0,0.99999
Kh 4h 6h Qc Ac,Ks As,0,1,3,0.0010637240212944875,0.0015446998926038546,0.000996660725345418,0.001546675051472231,1,4,0.0,1e-05,1.0,0.99999,1.0,0.99999
Kh 4h 6h Qc Ac,Ad Ah,0,1,3,0.0010637240212944875,9.992425741288106e-07,0.0009568487725771634,9.988272253688524e-07,1,4,0.0,1e-05,1.0,0.99999,1.0,0.99999
Kh 4h 6h Qc Ac,Ad As,0,1,3,0.0010637240212944875,9.992425741288106e-07,0.0009499932237868055,9.991202269121295e-07,1,4,0.0,1e-05,1.0,0.99999,1.0,0.99999
Kh 4h 6h Qc Ac,Ah As,0,1,3,0.0010637240212944875,9.992425741288106e-07,0.0009568487725771634,9.988272253688524e-07,1,4,0.0,1e-05,1.0,0.99999,1.0,0.99999
