board,hand,meets_frozen_gap_threshold,bettor_seat,caller_seat,bettor_range_before_collision,caller_range_before_collision,bettor_joint_marginal,caller_joint_marginal,bettor_group,caller_group,full_check,compressed_check,full_bet_76,compressed_bet_76,full_call_facing_76,compressed_call_facing_76
Jd Jh 9h Ts 9c,2c 2d,1,1,5,0.0010897633985047037,9.992016378913245e-07,0.0009692302787292172,9.857446702781724e-07,11,0,1.0,1e-05,0.0,0.99999,1.0,0.04823760830274542
Jd Jh 9h Ts 9c,2c 2h,1,1,5,0.0010897633985047037,9.992016378913245e-07,0.0009692302787292172,9.857446702781724e-07,11,0,1.0,1e-05,0.0,0.99999,1.0,0.04823760830274542
Jd Jh 9h Ts 9c,2c 2s,1,1,5,0.0010897633985047037,9.992016378913245e-07,0.0009706825438180896,9.857446702781724e-07,11,0,1.0,1e-05,0.0,0.99999,1.0,0.04823760830274542
Jd Jh 9h Ts 9c,2c 3c,1,1,5,0.0010897633985047037,0.0008554763071471827,0.001067484869702034,0.0008538463974680716,2,0,0.0,0.3852842663581179,1.0,0.614715733641882,0.0,0.04823760830274542
Jd Jh 9h Ts 9c,2c 3d,1,1,5,9.998960108148754e-07,9.992016378913245e-07,9.749913011877487e-07,9.959073383944774e-07,2,0,0.0,0.3852842663581179,1.0,0.614715733641882,0.0,0.04823760830274542
Jd Jh 9h Ts 9c,2c 3h,1,1,5,9.998960108148754e-07,9.992016378913245e-07,9.749913011877487e-07,9.961126215384798e-07,2,0,0.0,0.3852842663581179,1.0,0.614715733641882,0.0,0.04823760830274542
Jd Jh 9h Ts 9c,2c 3s,1,1,5,9.998960108148754e-07,9.992016378913245e-07,9.816400325759343e-07,9.959073383944774e-07,2,0,0.0,0.3852842663581179,1.0,0.614715733641882,0.0,0.04823760830274542
Jd Jh 9h Ts 9c,2c 4c,1,1,5,0.0010897633985047037,9.992016378913245e-07,0.0010726329396597539,9.939679830464847e-07,2,13,0.0,0.3852842663581179,1.0,0.614715733641882,0.0,5.180581853613921e-05
Jd Jh 9h Ts 9c,2c 4d,1,1,5,0.0003632544661682346,9.992016378913245e-07,0.00035674000805125457,9.943623479379887e-07,2,0,0.0,0.3852842663581179,1.0,0.614715733641882,0.0,0.04823760830274542
Jd Jh 9h Ts 9c,2c 4h,1,1,5,0.0003632544661682346,9.992016378913245e-07,0.00035674000805125457,9.93177076209469e-07,2,13,0.0,0.3852842663581179,1.0,0.614715733641882,0.0,5.180581853613921e-05
Jd Jh 9h Ts 9c,2c 4s,1,1,5,0.0003632544661682346,9.992016378913245e-07,0.000358257942520865,9.943623479379887e-07,2,0,1.0,0.3852842663581179,0.0,0.614715733641882,0.0,0.04823760830274542
Jd Jh 9h Ts 9c,2c 5c,1,1,5,0.0010897633985047037,9.992016378913245e-07,0.0008925030108180082,9.969856263348938e-07,7,0,1.0,1e-05,0.0,0.99999,1.0,0.04823760830274542
Jd Jh 9h Ts 9c,2c 5d,1,1,5,0.0010897633985047037,0.0262484417731335,0.0009210400582224702,0.026190228447512513,11,0,1.0,1e-05,0.0,0.99999,0.0,0.04823760830274542
Jd Jh 9h Ts 9c,2c 5h,1,1,5,0.0010897633985047037,0.0262484417731335,0.0009215054722789141,0.026190228447512513,11,0,1.0,1e-05,0.0,0.99999,0.0,0.04823760830274542
Jd Jh 9h Ts 9c,2c 5s,1,1,5,0.0010897633985047037,0.0262484417731335,0.0009232013994367348,0.026179868712800848,11,0,1.0,1e-05,0.0,0.99999,0.14897937418171056,0.04823760830274542
Jd Jh 9h Ts 9c,2c 6c,1,1,5,0.0010897633985047037,9.992016378913245e-07,0.0010552747629516497,9.899109450984388e-07,2,0,1.0,0.3852842663581179,0.0,0.614715733641882,0.0,0.04823760830274542
Jd Jh 9h Ts 9c,2c 6d,1,1,5,0.0010897633985047037,9.992016378913245e-07,0.0010516075004549312,9.887256733699192e-07,2,0,0.0,0.3852842663581179,1.0,0.614715733641882,0.0,0.04823760830274542
Jd Jh 9h Ts 9c,2c 6h,1,1,5,0.0010897633985047037,9.992016378913245e-07,0.0010509418144938906,9.899109450984388e-07,2,0,0.0,0.3852842663581179,1.0,0.614715733641882,0.0,0.04823760830274542
Jd Jh 9h Ts 9c,2c 6s,1,1,5,0.0010897633985047037,9.992016378913245e-07,0.0010543783522720003,9.887256733699192e-07,2,0,1.0,0.3852842663581179,0.0,0.614715733641882,0.0,0.04823760830274542
Jd Jh 9h Ts 9c,2c 7c,1,1,5,0.0010897633985047037,9.992016378913245e-07,0.0010682872950377525,9.810840526281556e-07,2,0,0.0,0.3852842663581179,1.0,0.614715733641882,0.0,0.04823760830274542
Jd Jh 9h Ts 9c,2c 7d,1,1,5,0.003029900423696399,9.992016378913245e-07,0.002980657918122078,9.839870706446388e-07,2,0,0.0,0.3852842663581179,1.0,0.614715733641882,0.0,0.04823760830274542
Jd Jh 9h Ts 9c,2c 7h,1,1,5,0.003029900423696399,9.992016378913245e-07,0.002980657918122078,9.831961638076234e-07,2,0,0.5656779384594641,0.3852842663581179,0.4343220615405359,0.614715733641882,0.0,0.04823760830274542
Jd Jh 9h Ts 9c,2c 7s,1,1,5,0.003029900423696399,9.992016378913245e-07,0.002970189797441977,9.839870706446388e-07,2,0,0.0,0.3852842663581179,1.0,0.614715733641882,0.0,0.04823760830274542
Jd Jh 9h Ts 9c,2c 8c,1,1,5,0.0010897633985047037,9.992016378913245e-07,0.001039284506308425,9.91812087923979e-07,2,13,1.0,0.3852842663581179,0.0,0.614715733641882,1.0,5.180581853613921e-05
Jd Jh 9h Ts 9c,2c 8d,1,1,5,0.0006568214486051818,9.992016378913245e-07,0.000627254739075317,9.911975113116206e-07,2,13,1.0,0.3852842663581179,0.0,0.614715733641882,1.0,5.180581853613921e-05
Jd Jh 9h Ts 9c,2c 8h,1,1,5,0.0006568214486051818,9.992016378913245e-07,0.0006259712895541406,9.913407699085141e-07,2,13,1.0,0.3852842663581179,0.0,0.614715733641882,1.0,5.180581853613921e-05
Jd Jh 9h Ts 9c,2c 8s,1,1,5,0.0006568214486051818,9.992016378913245e-07,0.0006276802948208713,9.91988418148636e-07,2,13,1.0,0.3852842663581179,0.0,0.614715733641882,1.0,5.180581853613921e-05
Jd Jh 9h Ts 9c,2c 9d,1,1,5,0.0010897633985047037,9.992016378913245e-07,0.0010395921756921206,9.873738229305781e-07,13,8,0.0,1e-05,1.0,0.99999,1.0,0.99999
Jd Jh 9h Ts 9c,2c 9s,1,1,5,0.0010897633985047037,9.992016378913245e-07,0.0010385206343954353,9.876742676351864e-07,13,8,0.0,1e-05,1.0,0.99999,1.0,0.99999
Jd Jh 9h Ts 9c,2c Tc,1,1,5,0.0010897633985047037,0.001224156879668542,0.0010453739610785636,0.0012190668868298272,5,14,0.0,1e-05,1.0,0.99999,1.0,0.99999
Jd Jh 9h Ts 9c,2c Td,1,1,5,0.0010897633985047037,9.992016378913245e-07,0.0010476537715561293,9.938617277616674e-07,5,14,0.0,1e-05,1.0,0.99999,1.0,0.99999
Jd Jh 9h Ts 9c,2c Th,1,1,5,0.0010897633985047037,9.992016378913245e-07,0.0010443315665768795,9.95046999490187e-07,5,14,0.0,1e-05,1.0,0.99999,1.0,0.99999
Jd Jh 9h Ts 9c,2c Jc,1,1,5,0.0010897633985047037,9.992016378913245e-07,0.0010074892592425147,9.893089703368075e-07,6,1,0.0,1e-05,1.0,0.99999,1.0,0.99999
Jd Jh 9h Ts 9c,2c Js,1,1,5,0.0010897633985047037,9.992016378913245e-07,0.0010101497935122677,9.884241433128965e-07,6,1,0.0,1e-05,1.0,0.99999,1.0,0.99999
Jd Jh 9h Ts 9c,2c Qc,1,1,5,0.0010897633985047037,9.992016378913245e-07,0.0010489482486794898,9.933015901545976e-07,1,15,1.0,0.999975458592474,0.0,2.454140752597793e-05,1.0,0.99999
Jd Jh 9h Ts 9c,2c Qd,1,1,5,0.0009848423450592907,9.992016378913245e-07,0.0009466042833379665,9.925232872948614e-07,1,15,1.0,0.999975458592474,0.0,2.454140752597793e-05,1.0,0.99999
Jd Jh 9h Ts 9c,2c Qh,1,1,5,0.0009848423450592907,9.992016378913245e-07,0.0009467946796140388,9.931873688768909e-07,1,15,1.0,0.999975458592474,0.0,2.454140752597793e-05,1.0,0.99999
Jd Jh 9h Ts 9c,2c Qs,1,1,5,0.0009848423450592907,9.992016378913245e-07,0.0009479568266770759,9.933141941318768e-07,1,15,1.0,0.999975458592474,0.0,2.454140752597793e-05,1.0,0.99999
Jd Jh 9h Ts 9c,2c Kc,1,1,5,0.0010897633985047037,0.0012219177183257972,0.000994740090347581,0.0012165116452592913,1,12,1.0,0.999975458592474,0.0,2.454140752597793e-05,1.0,0.99999
Jd Jh 9h Ts 9c,2c Kd,1,1,5,0.0007275986001650467,0.0032512513481343535,0.0006664797129686149,0.0032463022430145603,1,11,1.0,0.999975458592474,0.0,2.454140752597793e-05,1.0,0.99999
Jd Jh 9h Ts 9c,2c Kh,1,1,5,0.0007275986001650467,0.0032512513481343535,0.0006657634185670133,0.003235584103924974,1,12,1.0,0.999975458592474,0.0,2.454140752597793e-05,1.0,0.99999
Jd Jh 9h Ts 9c,2c Ks,1,1,5,0.0007275986001650467,0.0032512513481343535,0.0006700284248272993,0.0032463022430145603,1,11,1.0,0.999975458592474,0.0,2.454140752597793e-05,1.0,0.99999
Jd Jh 9h Ts 9c,2c Ac,1,1,5,0.0010897633985047037,9.992016378913245e-07,0.0010587423299270892,9.889094977655708e-07,7,9,0.0,1e-05,1.0,0.99999,1.0,0.99999
Jd Jh 9h Ts 9c,2c Ad,1,1,5,0.0010897633985047037,9.992016378913245e-07,0.0010672806967155775,9.88606380878496e-07,7,9,0.0,1e-05,1.0,0.99999,1.0,0.99999
Jd Jh 9h Ts 9c,2c Ah,1,1,5,0.0010897633985047037,9.992016378913245e-07,0.0010685295910407234,9.89324317144239e-07,7,9,0.0,1e-05,1.0,0.99999,1.0,0.99999
Jd Jh 9h Ts 9c,2c As,1,1,5,0.0010897633985047037,9.992016378913245e-07,0.001058797318622998,9.881915614998275e-07,7,9,0.0,1e-05,1.0,0.99999,1.0,0.99999
Jd Jh 9h Ts 9c,2d 2h,1,1,5,0.0010897633985047037,9.992016378913245e-07,0.0009692302787292172,9.857446702781724e-07,11,0,1.0,1e-05,0.0,0.99999,1.0,0.04823760830274542
Jd Jh 9h Ts 9c,2d 2s,1,1,5,0.0010897633985047037,9.992016378913245e-07,0.0009706825438180896,9.857446702781724e-07,11,0,1.0,1e-05,0.0,0.99999,1.0,0.04823760830274542
Jd Jh 9h Ts 9c,2d 3c,1,1,5,9.998960108148754e-07,9.992016378913245e-07,9.785238173219351e-07,9.961126215384798e-07,2,0,0.0,0.3852842663581179,1.0,0.614715733641882,0.0,0.04823760830274542
Jd Jh 9h Ts 9c,2d 3d,1,1,5,0.0010897633985047037,0.0008554763071471827,0.0010636348625552641,0.000853670642285843,2,0,0.0,0.3852842663581179,1.0,0.614715733641882,0.0,0.04823760830274542
Jd Jh 9h Ts 9c,2d 3h,1,1,5,9.998960108148754e-07,9.992016378913245e-07,9.749913011877487e-07,9.961126215384798e-07,2,0,0.0,0.3852842663581179,1.0,0.614715733641882,0.0,0.04823760830274542
Jd Jh 9h Ts 9c,2d 3s,1,1,5,9.998960108148754e-07,9.992016378913245e-07,9.816400325759343e-07,9.959073383944774e-07,2,0,0.0,0.3852842663581179,1.0,0.614715733641882,0.0,0.04823760830274542
Jd Jh 9h Ts 9c,2d 4c,1,1,5,0.0003632544661682346,9.992016378913245e-07,0.000357544313219918,9.93177076209469e-07,2,13,0.0,0.3852842663581179,1.0,0.614715733641882,0.0,5.180581853613921e-05
Jd Jh 9h Ts 9c,2d 4d,1,1,5,0.0010897633985047037,9.992016378913245e-07,0.0010702200241537638,9.951532547750043e-07,2,13,0.0,0.3852842663581179,1.0,0.614715733641882,0.0,5.180581853613921e-05
Jd Jh 9h Ts 9c,2d 4h,1,1,5,0.0003632544661682346,9.992016378913245e-07,0.00035674000805125457,9.93177076209469e-07,2,13,0.0,0.3852842663581179,1.0,0.614715733641882,0.0,5.180581853613921e-05
Jd Jh 9h Ts 9c,2d 4s,1,1,5,0.0003632544661682346,9.992016378913245e-07,0.000358257942520865,9.943623479379887e-07,2,0,1.0,0.3852842663581179,0.0,0.614715733641882,0.0,0.04823760830274542
Jd Jh 9h Ts 9c,2d 5c,1,1,5,0.0010897633985047037,0.0262484417731335,0.0009236668134931787,0.026190228447512513,11,0,1.0,1e-05,0.0,0.99999,0.0,0.04823760830274542
Jd Jh 9h Ts 9c,2d 5d,1,1,5,0.0010897633985047037,9.992016378913245e-07,0.0008898762555472996,9.969856263348938e-07,7,0,1.0,1e-05,0.0,0.99999,1.0,0.04823760830274542
Jd Jh 9h Ts 9c,2d 5h,1,1,5,0.0010897633985047037,0.0262484417731335,0.0009215054722789141,0.026190228447512513,11,0,1.0,1e-05,0.0,0.99999,0.0,0.04823760830274542
Jd Jh 9h Ts 9c,2d 5s,1,1,5,0.0010897633985047037,0.0262484417731335,0.0009232013994367348,0.026179868712800848,11,0,1.0,1e-05,0.0,0.99999,0.14897937418171056,0.04823760830274542
Jd Jh 9h Ts 9c,2d 6c,1,1,5,0.0010897633985047037,9.992016378913245e-07,0.0010552747629516495,9.899109450984388e-07,2,0,1.0,0.3852842663581179,0.0,0.614715733641882,0.0,0.04823760830274542
Jd Jh 9h Ts 9c,2d 6d,1,1,5,0.0010897633985047037,9.992016378913245e-07,0.001051607500454931,9.887256733699192e-07,2,0,0.0,0.3852842663581179,1.0,0.614715733641882,0.0,0.04823760830274542
Jd Jh 9h Ts 9c,2d 6h,1,1,5,0.0010897633985047037,9.992016378913245e-07,0.0010509418144938906,9.899109450984388e-07,2,0,0.0,0.3852842663581179,1.0,0.614715733641882,0.0,0.04823760830274542
Jd Jh 9h Ts 9c,2d 6s,1,1,5,0.0010897633985047037,9.992016378913245e-07,0.0010543783522720003,9.887256733699192e-07,2,0,1.0,0.3852842663581179,0.0,0.614715733641882,0.0,0.04823760830274542
Jd Jh 9h Ts 9c,2d 7c,1,1,5,0.003029900423696399,9.992016378913245e-07,0.002970189797441977,9.831961638076234e-07,2,0,0.0,0.3852842663581179,1.0,0.614715733641882,0.0,0.04823760830274542
Jd Jh 9h Ts 9c,2d 7d,1,1,5,0.0010897633985047037,9.992016378913245e-07,0.001072052360938627,9.81874959465171e-07,2,0,1.0,0.3852842663581179,0.0,0.614715733641882,0.0,0.04823760830274542
Jd Jh 9h Ts 9c,2d 7h,1,1,5,0.003029900423696399,9.992016378913245e-07,0.002980657918122078,9.831961638076234e-07,2,0,0.20600823117078337,0.3852842663581179,0.7939917688292166,0.614715733641882,0.0,0.04823760830274542
Jd Jh 9h Ts 9c,2d 7s,1,1,5,0.003029900423696399,9.992016378913245e-07,0.002970189797441977,9.839870706446388e-07,2,0,0.0,0.3852842663581179,1.0,0.614715733641882,0.0,0.04823760830274542
Jd Jh 9h Ts 9c,2d 8c,1,1,5,0.0006568214486051818,9.992016378913245e-07,0.0006263968452996949,9.91340769908514e-07,2,13,1.0,0.3852842663581179,0.0,0.614715733641882,1.0,5.180581853613921e-05
Jd Jh 9h Ts 9c,2d 8d,1,1,5,0.0010897633985047037,9.992016378913245e-07,0.0010407078782742204,9.916688293270855e-07,2,13,1.0,0.3852842663581179,0.0,0.614715733641882,1.0,5.180581853613921e-05
Jd Jh 9h Ts 9c,2d 8h,1,1,5,0.0006568214486051818,9.992016378913245e-07,0.0006259712895541406,9.913407699085141e-07,2,13,1.0,0.3852842663581179,0.0,0.614715733641882,1.0,5.180581853613921e-05
Jd Jh 9h Ts 9c,2d 8s,1,1,5,0.0006568214486051818,9.992016378913245e-07,0.0006276802948208713,9.91988418148636e-07,2,13,1.0,0.3852842663581179,0.0,0.614715733641882,1.0,5.180581853613921e-05
Jd Jh 9h Ts 9c,2d 9d,1,1,5,0.0010897633985047037,9.992016378913245e-07,0.0010395921756921206,9.873738229305781e-07,13,8,0.0,1e-05,1.0,0.99999,1.0,0.99999
Jd Jh 9h Ts 9c,2d 9s,1,1,5,0.0010897633985047037,9.992016378913245e-07,0.0010385206343954353,9.876742676351864e-07,13,8,0.0,1e-05,1.0,0.99999,1.0,0.99999
Jd Jh 9h Ts 9c,2d Tc,1,1,5,0.0010897633985047037,9.992016378913245e-07,0.0010439216959896912,9.95046999490187e-07,5,14,0.0,1e-05,1.0,0.99999,1.0,0.99999
Jd Jh 9h Ts 9c,2d Td,1,1,5,0.0010897633985047037,0.001224156879668542,0.0010491060366450017,0.0012176147689732094,5,14,0.0,1e-05,1.0,0.99999,1.0,0.99999
Jd Jh 9h Ts 9c,2d Th,1,1,5,0.0010897633985047037,9.992016378913245e-07,0.0010443315665768795,9.95046999490187e-07,5,14,0.0,1e-05,1.0,0.99999,1.0,0.99999
Jd Jh 9h Ts 9c,2d Jc,1,1,5,0.0010897633985047037,9.992016378913245e-07,0.0010074892592425145,9.893089703368075e-07,6,1,0.0,1e-05,1.0,0.99999,1.0,0.99999
Jd Jh 9h Ts 9c,2d Js,1,1,5,0.0010897633985047037,9.992016378913245e-07,0.0010101497935122677,9.884241433128965e-07,6,1,0.0,1e-05,1.0,0.99999,1.0,0.99999
Jd Jh 9h Ts 9c,2d Qc,1,1,5,0.0009848423450592907,9.992016378913245e-07,0.000947956826677076,9.931873688768909e-07,1,15,1.0,0.999975458592474,0.0,2.454140752597793e-05,1.0,0.99999
Jd Jh 9h Ts 9c,2d Qd,1,1,5,0.0010897633985047037,9.992016378913245e-07,0.0010474516109351367,9.926375085725682e-07,1,15,1.0,0.999975458592474,0.0,2.454140752597793e-05,1.0,0.99999
Jd Jh 9h Ts 9c,2d Qh,1,1,5,0.0009848423450592907,9.992016378913245e-07,0.0009467946796140388,9.931873688768909e-07,1,15,1.0,0.999975458592474,0.0,2.454140752597793e-05,1.0,0.99999
Jd Jh 9h Ts 9c,2d Qs,1,1,5,0.0009848423450592907,9.992016378913245e-07,0.0009479568266770759,9.933141941318768e-07,1,15,1.0,0.999975458592474,0.0,2.454140752597793e-05,1.0,0.99999
Jd Jh 9h Ts 9c,2d Kc,1,1,5,0.0007275986001650467,0.0032512513481343535,0.0006657634185670133,0.003235584103924974,1,12,1.0,0.999975458592474,0.0,2.454140752597793e-05,1.0,0.99999
Jd Jh 9h Ts 9c,2d Kd,1,1,5,0.0010897633985047037,0.0012219177183257972,0.000995812922842369,0.0012205398432233031,1,11,1.0,0.999975458592474,0.0,2.454140752597793e-05,1.0,0.99999
Jd Jh 9h Ts 9c,2d Kh,1,1,5,0.0007275986001650467,0.0032512513481343535,0.0006657634185670133,0.003235584103924974,1,12,1.0,0.999975458592474,0.0,2.454140752597793e-05,1.0,0.99999
Jd Jh 9h Ts 9c,2d Ks,1,1,5,0.0007275986001650467,0.0032512513481343535,0.0006700284248272993,0.0032463022430145603,1,11,1.0,0.999975458592474,0.0,2.454140752597793e-05,1.0,0.99999
Jd Jh 9h Ts 9c,2d Ac,1,1,5,0.0010897633985047037,9.992016378913245e-07,0.0010587423299270892,9.889094977655708e-07,7,9,0.0,1e-05,1.0,0.99999,1.0,0.99999
Jd Jh 9h Ts 9c,2d Ad,1,1,5,0.0010897633985047037,9.992016378913245e-07,0.0010672806967155775,9.88606380878496e-07,7,9,0.0,1e-05,1.0,0.99999,1.0,0.99999
Jd Jh 9h Ts 9c,2d Ah,1,1,5,0.0010897633985047037,9.992016378913245e-07,0.0010685295910407234,9.89324317144239e-07,7,9,0.0,1e-05,1.0,0.99999,1.0,0.99999
Jd Jh 9h Ts 9c,2d As,1,1,5,0.0010897633985047037,9.992016378913245e-07,0.001058797318622998,9.881915614998275e-07,7,9,0.0,1e-05,1.0,0.99999,1.0,0.99999
Jd Jh 9h Ts 9c,2h 2s,1,1,5,0.0010897633985047037,9.992016378913245e-07,0.0009706825438180896,9.857446702781724e-07,11,0,1.0,1e-05,0.0,0.99999,1.0,0.04823760830274542
Jd Jh 9h Ts 9c,2h 3c,1,1,5,9.998960108148754e-07,9.992016378913245e-07,9.785238173219351e-07,9.961126215384798e-07,2,0,0.0,0.3852842663581179,1.0,0.614715733641882,0.0,0.04823760830274542
Jd Jh 9h Ts 9c,2h 3d,1,1,5,9.998960108148754e-07,9.992016378913245e-07,9.749913011877487e-07,9.959073383944774e-07,2,0,0.0,0.3852842663581179,1.0,0.614715733641882,0.0,0.04823760830274542
Jd Jh 9h Ts 9c,2h 3h,1,1,5,0.0010897633985047037,0.0008554763071471827,0.0010636348625552641,0.0008538463974680716,2,0,0.0,0.3852842663581179,1.0,0.614715733641882,0.0,0.04823760830274542
Jd Jh 9h Ts 9c,2h 3s,1,1,5,9.998960108148754e-07,9.992016378913245e-07,9.816400325759343e-07,9.959073383944774e-07,2,0,0.0,0.3852842663581179,1.0,0.614715733641882,0.0,0.04823760830274542
Jd Jh 9h Ts 9c,2h 4c,1,1,5,0.0003632544661682346,9.992016378913245e-07,0.00035754431321991794,9.93177076209469e-07,2,13,0.0,0.3852842663581179,1.0,0.614715733641882,0.0,5.180581853613921e-05
Jd Jh 9h Ts 9c,2h 4d,1,1,5,0.0003632544661682346,9.992016378913245e-07,0.00035674000805125457,9.943623479379887e-07,2,0,0.0,0.3852842663581179,1.0,0.614715733641882,0.0,0.04823760830274542
Jd Jh 9h Ts 9c,2h 4h,1,1,5,0.0010897633985047037,9.992016378913245e-07,0.0010702200241537638,9.939679830464847e-07,2,13,0.0,0.3852842663581179,1.0,0.614715733641882,0.0,5.180581853613921e-05
Jd Jh 9h Ts 9c,2h 4s,1,1,5,0.0003632544661682346,9.992016378913245e-07,0.000358257942520865,9.943623479379887e-07,2,0,1.0,0.3852842663581179,0.0,0.614715733641882,0.0,0.04823760830274542
Jd Jh 9h Ts 9c,2h 5c,1,1,5,0.0010897633985047037,0.0262484417731335,0.0009236668134931787,0.026190228447512513,11,0,1.0,1e-05,0.0,0.99999,0.0,0.04823760830274542
Jd Jh 9h Ts 9c,2h 5d,1,1,5,0.0010897633985047037,0.0262484417731335,0.0009210400582224702,0.026190228447512513,11,0,1.0,1e-05,0.0,0.99999,0.0,0.04823760830274542
Jd Jh 9h Ts 9c,2h 5h,1,1,5,0.0010897633985047037,9.992016378913245e-07,0.0008903416696037436,9.969856263348938e-07,7,0,1.0,1e-05,0.0,0.99999,1.0,0.04823760830274542
Jd Jh 9h Ts 9c,2h 5s,1,1,5,0.0010897633985047037,0.0262484417731335,0.0009232013994367348,0.026179868712800848,11,0,1.0,1e-05,0.0,0.99999,0.14897937418171053,0.04823760830274542
Jd Jh 9h Ts 9c,2h 6c,1,1,5,0.0010897633985047037,9.992016378913245e-07,0.0010552747629516497,9.899109450984388e-07,2,0,1.0,0.3852842663581179,0.0,0.614715733641882,0.0,0.04823760830274542
Jd Jh 9h Ts 9c,2h 6d,1,1,5,0.0010897633985047037,9.992016378913245e-07,0.0010516075004549312,9.887256733699192e-07,2,0,0.0,0.3852842663581179,1.0,0.614715733641882,0.0,0.04823760830274542
Jd Jh 9h Ts 9c,2h 6h,1,1,5,0.0010897633985047037,9.992016378913245e-07,0.0010509418144938906,9.899109450984388e-07,2,0,0.0,0.3852842663581179,1.0,0.614715733641882,0.0,0.04823760830274542
Jd Jh 9h Ts 9c,2h 6s,1,1,5,0.0010897633985047037,9.992016378913245e-07,0.0010543783522720003,9.887256733699192e-07,2,0,1.0,0.3852842663581179,0.0,0.614715733641882,0.0,0.04823760830274542
Jd Jh 9h Ts 9c,2h 7c,1,1,5,0.003029900423696399,9.992016378913245e-07,0.002970189797441977,9.831961638076234e-07,2,0,0.0,0.3852842663581179,1.0,0.614715733641882,0.0,0.04823760830274542
Jd Jh 9h Ts 9c,2h 7d,1,1,5,0.003029900423696399,9.992016378913245e-07,0.002980657918122078,9.839870706446388e-07,2,0,0.20600823117078337,0.3852842663581179,0.7939917688292166,0.614715733641882,0.0,0.04823760830274542
Jd Jh 9h Ts 9c,2h 7h,1,1,5,0.0010897633985047037,9.992016378913245e-07,0.001072052360938627,9.810840526281554e-07,2,0,1.0,0.3852842663581179,0.0,0.614715733641882,0.0,0.04823760830274542
Jd Jh 9h Ts 9c,2h 7s,1,1,5,0.003029900423696399,9.992016378913245e-07,0.002970189797441977,9.839870706446388e-07,2,0,0.0,0.3852842663581179,1.0,0.614715733641882,0.0,0.04823760830274542
Jd Jh 9h Ts 9c,2h 8c,1,1,5,0.0006568214486051818,9.992016378913245e-07,0.000626396845299695,9.91340769908514e-07,2,13,1.0,0.3852842663581179,0.0,0.614715733641882,1.0,5.180581853613921e-05
Jd Jh 9h Ts 9c,2h 8d,1,1,5,0.0006568214486051818,9.992016378913245e-07,0.0006272547390753171,9.911975113116206e-07,2,13,1.0,0.3852842663581179,0.0,0.614715733641882,1.0,5.180581853613921e-05
Jd Jh 9h Ts 9c,2h 8h,1,1,5,0.0010897633985047037,9.992016378913245e-07,0.0010385784467293515,9.91812087923979e-07,2,13,1.0,0.3852842663581179,0.0,0.614715733641882,1.0,5.180581853613921e-05
Jd Jh 9h Ts 9c,2h 8s,1,1,5,0.0006568214486051818,9.992016378913245e-07,0.0006276802948208713,9.91988418148636e-07,2,13,1.0,0.3852842663581179,0.0,0.614715733641882,1.0,5.180581853613921e-05
Jd Jh 9h Ts 9c,2h 9d,1,1,5,0.0010897633985047037,9.992016378913245e-07,0.0010395921756921206,9.873738229305781e-07,13,8,0.0,1e-05,1.0,0.99999,1.0,0.99999
Jd Jh 9h Ts 9c,2h 9s,1,1,5,0.0010897633985047037,9.992016378913245e-07,0.0010385206343954355,9.876742676351864e-07,13,8,0.0,1e-05,1.0,0.99999,1.0,0.99999
Jd Jh 9h Ts 9c,2h Tc,1,1,5,0.0010897633985047037,9.992016378913245e-07,0.0010439216959896912,9.95046999490187e-07,5,14,0.0,1e-05,1.0,0.99999,1.0,0.99999
Jd Jh 9h Ts 9c,2h Td,1,1,5,0.0010897633985047037,9.992016378913245e-07,0.0010476537715561293,9.938617277616674e-07,5,14,0.0,1e-05,1.0,0.99999,1.0,0.99999
Jd Jh 9h Ts 9c,2h Th,1,1,5,0.0010897633985047037,0.001224156879668542,0.001045783831665752,0.0012190668868298272,5,14,0.0,1e-05,1.0,0.99999,1.0,0.99999
Jd Jh 9h Ts 9c,2h Jc,1,1,5,0.0010897633985047037,9.992016378913245e-07,0.0010074892592425147,9.893089703368075e-07,6,1,0.0,1e-05,1.0,0.99999,1.0,0.99999
Jd Jh 9h Ts 9c,2h Js,1,1,5,0.0010897633985047037,9.992016378913245e-07,0.0010101497935122677,9.884241433128965e-07,6,1,0.0,1e-05,1.0,0.99999,1.0,0.99999
Jd Jh 9h Ts 9c,2h Qc,1,1,5,0.0009848423450592907,9.992016378913245e-07,0.000947956826677076,9.931873688768909e-07,1,15,1.0,0.999975458592474,0.0,2.454140752597793e-05,1.0,0.99999
Jd Jh 9h Ts 9c,2h Qd,1,1,5,0.0009848423450592907,9.992016378913245e-07,0.0009466042833379666,9.925232872948614e-07,1,15,1.0,0.999975458592474,0.0,2.454140752597793e-05,1.0,0.99999
Jd Jh 9h Ts 9c,2h Qh,1,1,5,0.0010897633985047037,9.992016378913245e-07,0.0010476622912474897,9.933015901545976e-07,1,15,1.0,0.999975458592474,0.0,2.454140752597793e-05,1.0,0.99999
Jd Jh 9h Ts 9c,2h Qs,1,1,5,0.0009848423450592907,9.992016378913245e-07,0.000947956826677076,9.933141941318768e-07,1,15,1.0,0.999975458592474,0.0,2.454140752597793e-05,1.0,0.99999
Jd Jh 9h Ts 9c,2h Kc,1,1,5,0.0007275986001650467,0.0032512513481343535,0.0006657634185670133,0.003235584103924974,1,12,1.0,0.999975458592474,0.0,2.454140752597793e-05,1.0,0.99999
Jd Jh 9h Ts 9c,2h Kd,1,1,5,0.0007275986001650467,0.0032512513481343535,0.0006664797129686149,0.0032463022430145603,1,11,1.0,0.999975458592474,0.0,2.454140752597793e-05,1.0,0.99999
Jd Jh 9h Ts 9c,2h Kh,1,1,5,0.0010897633985047037,0.0012219177183257972,0.000994740090347581,0.0012165116452592913,1,12,1.0,0.999975458592474,0.0,2.454140752597793e-05,1.0,0.99999
Jd Jh 9h Ts 9c,2h Ks,1,1,5,0.0007275986001650467,0.0032512513481343535,0.0006700284248272993,0.0032463022430145603,1,11,1.0,0.999975458592474,0.0,2.454140752597793e-05,1.0,0.99999
Jd Jh 9h Ts 9c,2h Ac,1,1,5,0.0010897633985047037,9.992016378913245e-07,0.0010587423299270892,9.889094977655708e-07,7,9,0.0,1e-05,1.0,0.99999,1.0,0.99999
Jd Jh 9h Ts 9c,2h Ad,1,1,5,0.0010897633985047037,9.992016378913245e-07,0.0010672806967155775,9.88606380878496e-07,7,9,0.0,1e-05,1.0,0.99999,1.0,0.99999
Jd Jh 9h Ts 9c,2h Ah,1,1,5,0.0010897633985047037,9.992016378913245e-07,0.0010685295910407237,9.89324317144239e-07,7,9,0.0,1e-05,1.0,0.99999,1.0,0.99999
Jd Jh 9h Ts 9c,2h As,1,1,5,0.0010897633985047037,9.992016378913245e-07,0.001058797318622998,9.881915614998275e-07,7,9,0.0,1e-05,1.0,0.99999,1.0,0.99999
Jd Jh 9h Ts 9c,2s 3c,1,1,5,9.998960108148754e-07,9.992016378913245e-07,9.798563213049115e-07,9.961126215384798e-07,2,0,0.0,0.3852842663581179,1.0,0.614715733641882,0.0,0.04823760830274542
Jd Jh 9h Ts 9c,2s 3d,1,1,5,9.998960108148754e-07,9.992016378913245e-07,9.763238051707251e-07,9.959073383944774e-07,2,0,0.0,0.3852842663581179,1.0,0.614715733641882,0.0,0.04823760830274542
Jd Jh 9h Ts 9c,2s 3h,1,1,5,9.998960108148754e-07,9.992016378913245e-07,9.763238051707251e-07,9.961126215384798e-07,2,0,0.0,0.3852842663581179,1.0,0.614715733641882,0.0,0.04823760830274542
Jd Jh 9h Ts 9c,2s 3s,1,1,5,0.0010897633985047037,0.0008554763071471827,0.0010723334252940584,0.000853670642285843,2,0,0.0,0.3852842663581179,1.0,0.614715733641882,0.0,0.04823760830274542
Jd Jh 9h Ts 9c,2s 4c,1,1,5,0.0003632544661682346,9.992016378913245e-07,0.00035802840158287544,9.93177076209469e-07,2,13,0.0,0.3852842663581179,1.0,0.614715733641882,0.0,5.180581853613921e-05
Jd Jh 9h Ts 9c,2s 4d,1,1,5,0.0003632544661682346,9.992016378913245e-07,0.00035722409641421207,9.943623479379887e-07,2,0,0.0,0.3852842663581179,1.0,0.614715733641882,0.0,0.04823760830274542
Jd Jh 9h Ts 9c,2s 4h,1,1,5,0.0003632544661682346,9.992016378913245e-07,0.00035722409641421207,9.93177076209469e-07,2,13,0.0,0.3852842663581179,1.0,0.614715733641882,0.0,5.180581853613921e-05
Jd Jh 9h Ts 9c,2s 4s,1,1,5,0.0010897633985047037,9.992016378913245e-07,0.0010762260926514677,9.951532547750043e-07,2,13,1.0,0.3852842663581179,0.0,0.614715733641882,0.0,5.180581853613921e-05
Jd Jh 9h Ts 9c,2s 5c,1,1,5,0.0010897633985047037,0.0262484417731335,0.0009251190785820511,0.026190228447512513,11,0,1.0,1e-05,0.0,0.99999,0.13294909943128133,0.04823760830274542
Jd Jh 9h Ts 9c,2s 5d,1,1,5,0.0010897633985047037,0.0262484417731335,0.0009224923233113426,0.026190228447512513,11,0,1.0,1e-05,0.0,0.99999,0.01667185831533928,0.04823760830274542
Jd Jh 9h Ts 9c,2s 5h,1,1,5,0.0010897633985047037,0.0262484417731335,0.0009229577373677865,0.026190228447512513,11,0,1.0,1e-05,0.0,0.99999,0.024837142589984224,0.04823760830274542
Jd Jh 9h Ts 9c,2s 5s,1,1,5,0.0010897633985047037,9.992016378913245e-07,0.0008934898618504366,9.965912614433896e-07,7,0,1.0,1e-05,0.0,0.99999,1.0,0.04823760830274542
Jd Jh 9h Ts 9c,2s 6c,1,1,5,0.0010897633985047037,9.992016378913245e-07,0.001056727028040522,9.899109450984388e-07,2,0,1.0,0.3852842663581179,0.0,0.614715733641882,0.0,0.04823760830274542
Jd Jh 9h Ts 9c,2s 6d,1,1,5,0.0010897633985047037,9.992016378913245e-07,0.0010530597655438035,9.887256733699192e-07,2,0,0.0,0.3852842663581179,1.0,0.614715733641882,0.0,0.04823760830274542
Jd Jh 9h Ts 9c,2s 6h,1,1,5,0.0010897633985047037,9.992016378913245e-07,0.001052394079582763,9.899109450984388e-07,2,0,0.0,0.3852842663581179,1.0,0.614715733641882,0.0,0.04823760830274542
Jd Jh 9h Ts 9c,2s 6s,1,1,5,0.0010897633985047037,9.992016378913245e-07,0.0010558306173608727,9.887256733699192e-07,2,0,1.0,0.3852842663581179,0.0,0.614715733641882,0.0,0.04823760830274542
Jd Jh 9h Ts 9c,2s 7c,1,1,5,0.003029900423696399,9.992016378913245e-07,0.0029742275717094292,9.831961638076234e-07,2,0,0.0,0.3852842663581179,1.0,0.614715733641882,0.0,0.04823760830274542
Jd Jh 9h Ts 9c,2s 7d,1,1,5,0.003029900423696399,9.992016378913245e-07,0.002984695692389531,9.839870706446388e-07,2,0,0.0,0.3852842663581179,1.0,0.614715733641882,0.0,0.04823760830274542
Jd Jh 9h Ts 9c,2s 7h,1,1,5,0.003029900423696399,9.992016378913245e-07,0.002984695692389531,9.831961638076234e-07,2,0,0.39126901029431604,0.3852842663581179,0.608730989705684,0.614715733641882,0.0,0.04823760830274542
Jd Jh 9h Ts 9c,2s 7s,1,1,5,0.0010897633985047037,9.992016378913245e-07,0.0010697395601266249,9.81874959465171e-07,2,0,0.0,0.3852842663581179,1.0,0.614715733641882,0.0,0.04823760830274542
Jd Jh 9h Ts 9c,2s 8c,1,1,5,0.0006568214486051818,9.992016378913245e-07,0.0006272721535186541,9.91340769908514e-07,2,13,1.0,0.3852842663581179,0.0,0.614715733641882,1.0,5.180581853613921e-05
Jd Jh 9h Ts 9c,2s 8d,1,1,5,0.0006568214486051818,9.992016378913245e-07,0.000628130047294276,9.911975113116206e-07,2,13,1.0,0.3852842663581179,0.0,0.614715733641882,1.0,5.180581853613921e-05
Jd Jh 9h Ts 9c,2s 8h,1,1,5,0.0006568214486051818,9.992016378913245e-07,0.0006268465977730996,9.91340769908514e-07,2,13,1.0,0.3852842663581179,0.0,0.614715733641882,1.0,5.180581853613921e-05
Jd Jh 9h Ts 9c,2s 8s,1,1,5,0.0010897633985047037,9.992016378913245e-07,0.0010428662029421663,9.924597361641009e-07,2,13,1.0,0.3852842663581179,0.0,0.614715733641882,1.0,5.180581853613921e-05
Jd Jh 9h Ts 9c,2s 9d,1,1,5,0.0010897633985047037,9.992016378913245e-07,0.001041044440780993,9.873738229305781e-07,13,8,0.0,1e-05,1.0,0.99999,1.0,0.99999
Jd Jh 9h Ts 9c,2s 9s,1,1,5,0.0010897633985047037,9.992016378913245e-07,0.001039972899484308,9.876742676351864e-07,13,8,0.0,1e-05,1.0,0.99999,1.0,0.99999
Jd Jh 9h Ts 9c,2s Tc,1,1,5,0.0010897633985047037,9.992016378913245e-07,0.0010453739610785636,9.95046999490187e-07,5,14,0.0,1e-05,1.0,0.99999,1.0,0.99999
Jd Jh 9h Ts 9c,2s Td,1,1,5,0.0010897633985047037,9.992016378913245e-07,0.0010491060366450017,9.938617277616674e-07,5,14,0.0,1e-05,1.0,0.99999,1.0,0.99999
Jd Jh 9h Ts 9c,2s Th,1,1,5,0.0010897633985047037,9.992016378913245e-07,0.0010457838316657519,9.95046999490187e-07,5,14,0.0,1e-05,1.0,0.99999,1.0,0.99999
Jd Jh 9h Ts 9c,2s Jc,1,1,5,0.0010897633985047037,9.992016378913245e-07,0.001008941524331387,9.893089703368075e-07,6,1,0.0,1e-05,1.0,0.99999,1.0,0.99999
Jd Jh 9h Ts 9c,2s Js,1,1,5,0.0010897633985047037,9.992016378913245e-07,0.0010116020586011403,9.884241433128965e-07,6,1,0.0,1e-05,1.0,0.99999,1.0,0.99999
Jd Jh 9h Ts 9c,2s Qc,1,1,5,0.0009848423450592907,9.992016378913245e-07,0.0009492692695043314,9.931873688768909e-07,1,15,1.0,0.999975458592474,0.0,2.454140752597793e-05,1.0,0.99999
Jd Jh 9h Ts 9c,2s Qd,1,1,5,0.0009848423450592907,9.992016378913245e-07,0.0009479167261652218,9.925232872948614e-07,1,15,1.0,0.999975458592474,0.0,2.454140752597793e-05,1.0,0.99999
Jd Jh 9h Ts 9c,2s Qh,1,1,5,0.0009848423450592907,9.992016378913245e-07,0.0009481071224412942,9.931873688768909e-07,1,15,1.0,0.999975458592474,0.0,2.454140752597793e-05,1.0,0.99999
Jd Jh 9h Ts 9c,2s Qs,1,1,5,0.0010897633985047037,9.992016378913245e-07,0.0010504005137683624,9.934284154095836e-07,1,15,1.0,0.999975458592474,0.0,2.454140752597793e-05,1.0,0.99999
Jd Jh 9h Ts 9c,2s Kc,1,1,5,0.0007275986001650467,0.0032512513481343535,0.0006667330474306566,0.003235584103924974,1,12,1.0,0.999975458592474,0.0,2.454140752597793e-05,1.0,0.99999
Jd Jh 9h Ts 9c,2s Kd,1,1,5,0.0007275986001650467,0.0032512513481343535,0.0006674493418322582,0.0032463022430145603,1,11,1.0,0.999975458592474,0.0,2.454140752597793e-05,1.0,0.99999
Jd Jh 9h Ts 9c,2s Kh,1,1,5,0.0007275986001650467,0.0032512513481343535,0.0006667330474306566,0.003235584103924974,1,12,1.0,0.999975458592474,0.0,2.454140752597793e-05,1.0,0.99999
Jd Jh 9h Ts 9c,2s Ks,1,1,5,0.0010897633985047037,0.0012219177183257972,0.0010025802837746866,0.0012205398432233031,1,11,1.0,0.999975458592474,0.0,2.454140752597793e-05,1.0,0.99999
Jd Jh 9h Ts 9c,2s Ac,1,1,5,0.0010897633985047037,9.992016378913245e-07,0.0010601945950159616,9.889094977655708e-07,7,9,0.0,1e-05,1.0,0.99999,1.0,0.99999
Jd Jh 9h Ts 9c,2s Ad,1,1,5,0.0010897633985047037,9.992016378913245e-07,0.0010687329618044496,9.88606380878496e-07,7,9,0.0,1e-05,1.0,0.99999,1.0,0.99999
Jd Jh 9h Ts 9c,2s Ah,1,1,5,0.0010897633985047037,9.992016378913245e-07,0.0010699818561295958,9.89324317144239e-07,7,9,0.0,1e-05,1.0,0.99999,1.0,0.99999
Jd Jh 9h Ts 9c,2s As,1,1,5,0.0010897633985047037,9.992016378913245e-07,0.0010602495837118706,9.881915614998275e-07,7,9,0.0,1e-05,1.0,0.99999,1.0,0.99999
Jd Jh 9h Ts 9c,3c 3d,1,1,5,0.0010897633985047037,9.992016378913245e-07,0.001159860398252771,1.0086458331118241e-06,9,13,0.0,4.901216236325383e-05,1.0,0.9999509878376367,0.0,5.180581853613921e-05
Jd Jh 9h Ts 9c,3c 3h,1,1,5,0.0010897633985047037,9.992016378913245e-07,0.001159860398252771,1.0088511162558265e-06,9,13,0.0,4.901216236325383e-05,1.0,0.9999509878376367,0.0,5.180581853613921e-05
Jd Jh 9h Ts 9c,3c 3s,1,1,5,0.0010897633985047037,9.992016378913245e-07,0.001167106695902693,1.0086458331118241e-06,9,13,0.0,4.901216236325383e-05,1.0,0.9999509878376367,0.0,5.180581853613921e-05
Jd Jh 9h Ts 9c,3c 4c,1,1,5,9.998960108148754e-07,9.992016378913245e-07,1.0733993731664002e-06,1.004335934306792e-06,9,13,0.0,4.901216236325383e-05,1.0,0.9999509878376367,0.0,5.180581853613921e-05
Jd Jh 9h Ts 9c,3c 4d,1,1,5,0.0005907642752563513,9.992016378913245e-07,0.0006328839025264202,1.006163247253268e-06,9,13,0.0,4.901216236325383e-05,1.0,0.9999509878376367,0.0,5.180581853613921e-05
Jd Jh 9h Ts 9c,3c 4h,1,1,5,0.0005907642752563513,9.992016378913245e-07,0.0006328839025264202,1.0049779755247483e-06,9,13,0.0,4.901216236325383e-05,1.0,0.9999509878376367,0.0,5.180581853613921e-05
Jd Jh 9h Ts 9c,3c 4s,1,1,5,0.0005907642752563513,9.992016378913245e-07,0.0006353525341341339,1.0061632472532681e-06,9,13,0.0,4.901216236325383e-05,1.0,0.9999509878376367,0.0,5.180581853613921e-05
Jd Jh 9h Ts 9c,3c 5c,1,1,5,0.0010897633985047037,9.992016378913245e-07,0.00098974307415317,1.008538849323721e-06,2,13,0.0,0.3852842663581179,1.0,0.614715733641882,0.0,5.180581853613921e-05
Jd Jh 9h Ts 9c,3c 5d,1,1,5,0.00040332880229355597,9.992016378913245e-07,0.0003653384240703772,1.0077915690204198e-06,2,0,0.0,0.3852842663581179,1.0,0.614715733641882,0.0,0.04823760830274542
Jd Jh 9h Ts 9c,3c 5h,1,1,5,0.00040332880229355597,9.992016378913245e-07,0.00036551067695959487,1.0077915690204198e-06,2,0,0.0,0.3852842663581179,1.0,0.614715733641882,0.0,0.04823760830274542
Jd Jh 9h Ts 9c,3c 5s,1,1,5,0.00040332880229355597,9.992016378913245e-07,0.00036613835106782754,1.0073972041289156e-06,2,13,0.0,0.3852842663581179,1.0,0.614715733641882,0.0,5.180581853613921e-05
Jd Jh 9h Ts 9c,3c 6c,1,1,5,0.0010897633985047037,9.992016378913245e-07,0.0011525148262868114,1.0014641680872655e-06,9,0,0.0,4.901216236325383e-05,1.0,0.9999509878376367,0.0,0.04823760830274542
Jd Jh 9h Ts 9c,3c 6d,1,1,5,0.0006483402497433049,9.992016378913245e-07,0.0006834915885839795,9.99798345369167e-07,9,0,0.0,4.901216236325383e-05,1.0,0.9999509878376367,0.0,0.04823760830274542
Jd Jh 9h Ts 9c,3c 6h,1,1,5,0.0006483402497433049,9.992016378913245e-07,0.0006830955475691832,1.0009836170976866e-06,9,0,0.0,4.901216236325383e-05,1.0,0.9999509878376367,0.0,0.04823760830274542
Jd Jh 9h Ts 9c,3c 6s,1,1,5,0.0006483402497433049,9.992016378913245e-07,0.0006851400700447674,9.997983453691672e-07,9,0,0.0,4.901216236325383e-05,1.0,0.9999509878376367,0.0,0.04823760830274542
Jd Jh 9h Ts 9c,3c 7c,1,1,5,9.998960108148754e-07,9.992016378913245e-07,1.0694120923236772e-06,9.914520038884628e-07,9,0,0.0,4.901216236325383e-05,1.0,0.9999509878376367,0.0,0.04823760830274542
Jd Jh 9h Ts 9c,3c 7d,1,1,5,0.0020146769753412903,9.992016378913245e-07,0.0021617045753764444,9.944350805649622e-07,9,13,0.0,4.901216236325383e-05,1.0,0.9999509878376367,0.0,5.180581853613921e-05
Jd Jh 9h Ts 9c,3c 7h,1,1,5,0.0020146769753412903,9.992016378913245e-07,0.0021617045753764444,9.936441737279468e-07,9,13,0.0,4.901216236325383e-05,1.0,0.9999509878376367,0.0,5.180581853613921e-05
Jd Jh 9h Ts 9c,3c 7s,1,1,5,0.0020146769753412903,9.992016378913245e-07,0.0021547439896277003,9.944350805649624e-07,9,13,0.0,4.901216236325383e-05,1.0,0.9999509878376367,0.0,5.180581853613921e-05
Jd Jh 9h Ts 9c,3c 8c,1,1,5,0.0010897633985047037,9.992016378913245e-07,0.0011365245696435865,1.0033653109128058e-06,9,13,0.0,4.901216236325383e-05,1.0,0.9999509878376367,0.0,5.180581853613921e-05
Jd Jh 9h Ts 9c,3c 8d,1,1,5,0.0010897633985047037,9.992016378913245e-07,0.0011379479416093823,1.0032220523159123e-06,9,13,0.0,4.901216236325383e-05,1.0,0.9999509878376367,0.0,5.180581853613921e-05
Jd Jh 9h Ts 9c,3c 8h,1,1,5,0.0010897633985047037,9.992016378913245e-07,0.0011358185100645134,1.0033653109128058e-06,9,13,0.0,4.901216236325383e-05,1.0,0.9999509878376367,0.0,5.180581853613921e-05
Jd Jh 9h Ts 9c,3c 8s,1,1,5,0.0010897633985047037,9.992016378913245e-07,0.0011386540011884556,1.004012959152928e-06,9,13,0.0,4.901216236325383e-05,1.0,0.9999509878376367,0.0,5.180581853613921e-05
Jd Jh 9h Ts 9c,3c 9d,1,1,5,0.0010897633985047037,9.992016378913245e-07,0.0011368322390272823,9.989270459194052e-07,13,8,0.0,1e-05,1.0,0.99999,1.0,0.99999
Jd Jh 9h Ts 9c,3c 9s,1,1,5,0.0010897633985047037,9.992016378913245e-07,0.0011357606977305972,9.992274906240135e-07,13,8,0.0,1e-05,1.0,0.99999,1.0,0.99999
Jd Jh 9h Ts 9c,3c Tc,1,1,5,0.0010897633985047037,0.0028614954275566367,0.0011445580498280052,0.0028826833591664635,15,3,0.0,1e-05,1.0,0.99999,1.0,0.99999
Jd Jh 9h Ts 9c,3c Td,1,1,5,0.0010897633985047037,9.992016378913245e-07,0.001144893834891291,1.0054149507504944e-06,15,3,0.0,1e-05,1.0,0.99999,1.0,0.99999
Jd Jh 9h Ts 9c,3c Th,1,1,5,0.0010897633985047037,9.992016378913245e-07,0.0011415716299120414,1.006600222479014e-06,15,3,0.0,1e-05,1.0,0.99999,1.0,0.99999
Jd Jh 9h Ts 9c,3c Jc,1,1,5,0.0010897633985047037,0.0009878320971463592,0.001105900997324472,0.0009894737577430578,6,1,0.0,1e-05,1.0,0.99999,1.0,0.99999
Jd Jh 9h Ts 9c,3c Js,1,1,5,0.0010897633985047037,0.0042304672318244545,0.001112411538740995,0.0042337515475185696,6,1,0.0,1e-05,1.0,0.99999,1.0,0.99999
Jd Jh 9h Ts 9c,3c Qc,1,1,5,9.998960108148754e-07,9.992016378913245e-07,1.0516678412934778e-06,1.003669541414905e-06,1,4,1.0,0.999975458592474,0.0,2.454140752597793e-05,1.0,0.99999
Jd Jh 9h Ts 9c,3c Qd,1,1,5,9.998960108148754e-07,9.992016378913245e-07,1.050294623848052e-06,1.0030054598328756e-06,1,4,1.0,0.999975458592474,0.0,2.454140752597793e-05,1.0,0.99999
Jd Jh 9h Ts 9c,3c Qh,1,1,5,9.998960108148754e-07,9.992016378913245e-07,1.050487930398967e-06,1.003669541414905e-06,1,4,1.0,0.999975458592474,0.0,2.454140752597793e-05,1.0,0.99999
Jd Jh 9h Ts 9c,3c Qs,1,1,5,9.998960108148754e-07,9.992016378913245e-07,1.0516678412934778e-06,1.003796366669891e-06,1,4,1.0,0.999975458592474,0.0,2.454140752597793e-05,1.0,0.99999
Jd Jh 9h Ts 9c,3c Kc,1,1,5,0.0007829576797000988,0.0009617622555124228,0.0007843284192956953,0.0009683060216125365,1,2,1.0,0.999975458592474,0.0,2.454140752597793e-05,1.0,0.99999
Jd Jh 9h Ts 9c,3c Kd,1,1,5,0.0010897633985047037,9.992016378913245e-07,0.001091603379663186,1.0096281278452263e-06,1,2,1.0,0.999975458592474,0.0,2.454140752597793e-05,1.0,0.99999
Jd Jh 9h Ts 9c,3c Kh,1,1,5,0.0010897633985047037,9.992016378913245e-07,0.0010905305471683984,1.00633414008891e-06,1,2,1.0,0.999975458592474,0.0,2.454140752597793e-05,1.0,0.99999
Jd Jh 9h Ts 9c,3c Ks,1,1,5,0.0010897633985047037,9.992016378913245e-07,0.0010969184755066314,1.0096281278452263e-06,1,2,1.0,0.999975458592474,0.0,2.454140752597793e-05,1.0,0.99999
Jd Jh 9h Ts 9c,3c Ac,1,1,5,0.0003632544661682346,9.992016378913245e-07,0.0003853274644207503,9.996718139173825e-07,11,9,0.0,1e-05,1.0,0.99999,1.0,0.99999
Jd Jh 9h Ts 9c,3c Ad,1,1,5,0.0010897633985047037,9.992016378913245e-07,0.001164520760050739,1.0001596038673228e-06,11,9,0.0,1e-05,1.0,0.99999,1.0,0.99999
Jd Jh 9h Ts 9c,3c Ah,1,1,5,0.0010897633985047037,9.992016378913245e-07,0.0011657696543758852,1.000877540133066e-06,7,9,0.0,1e-05,1.0,0.99999,1.0,0.99999
Jd Jh 9h Ts 9c,3c As,1,1,5,0.0010897633985047037,9.992016378913245e-07,0.00115603738195816,9.997447844886545e-07,11,9,0.0,1e-05,1.0,0.99999,1.0,0.99999
Jd Jh 9h Ts 9c,3d 3h,1,1,5,0.0010897633985047037,9.992016378913245e-07,0.0011560103911060016,1.0086458331118241e-06,9,13,0.0,4.901216236325383e-05,1.0,0.9999509878376367,0.0,5.180581853613921e-05
Jd Jh 9h Ts 9c,3d 3s,1,1,5,0.0010897633985047037,9.992016378913245e-07,0.0011632566887559233,1.0084405499678217e-06,9,13,0.0,4.901216236325383e-05,1.0,0.9999509878376367,0.0,5.180581853613921e-05
Jd Jh 9h Ts 9c,3d 4c,1,1,5,0.0005907642752563513,9.992016378913245e-07,0.000632104850483741,1.004772692380746e-06,9,13,0.0,4.901216236325383e-05,1.0,0.9999509878376367,0.0,5.180581853613921e-05
Jd Jh 9h Ts 9c,3d 4d,1,1,5,9.998960108148754e-07,9.992016378913245e-07,1.0676529227119901e-06,1.0053159228913091e-06,9,13,0.0,4.901216236325383e-05,1.0,0.9999509878376367,0.0,5.180581853613921e-05
Jd Jh 9h Ts 9c,3d 4h,1,1,5,0.0005907642752563513,9.992016378913245e-07,0.0006307968011566054,1.004772692380746e-06,9,13,0.0,4.901216236325383e-05,1.0,0.9999509878376367,0.0,5.180581853613921e-05
Jd Jh 9h Ts 9c,3d 4s,1,1,5,0.0005907642752563513,9.992016378913245e-07,0.0006332654327643191,1.0059579641092655e-06,9,13,0.0,4.901216236325383e-05,1.0,0.9999509878376367,0.0,5.180581853613921e-05
Jd Jh 9h Ts 9c,3d 5c,1,1,5,0.00040332880229355597,9.992016378913245e-07,0.00036488569027994894,1.0075862858764174e-06,2,0,0.0,0.3852842663581179,1.0,0.614715733641882,0.0,0.04823760830274542
Jd Jh 9h Ts 9c,3d 5d,1,1,5,0.0010897633985047037,9.992016378913245e-07,0.000983266311735692,1.0083335661797185e-06,2,13,0.0,0.3852842663581179,1.0,0.614715733641882,0.0,5.180581853613921e-05
Jd Jh 9h Ts 9c,3d 5h,1,1,5,0.00040332880229355597,9.992016378913245e-07,0.00036408576328249867,1.0075862858764174e-06,2,0,0.0,0.3852842663581179,1.0,0.614715733641882,0.0,0.04823760830274542
Jd Jh 9h Ts 9c,3d 5s,1,1,5,0.00040332880229355597,9.992016378913245e-07,0.0003647134373907313,1.0071919209849132e-06,2,13,0.0,0.3852842663581179,1.0,0.614715733641882,0.0,5.180581853613921e-05
Jd Jh 9h Ts 9c,3d 6c,1,1,5,0.0006483402497433049,9.992016378913245e-07,0.0006833828670833162,1.0007783339536842e-06,9,0,0.0,4.901216236325383e-05,1.0,0.9999509878376367,0.0,0.04823760830274542
Jd Jh 9h Ts 9c,3d 6d,1,1,5,0.0010897633985047037,9.992016378913245e-07,0.0011449975566433233,1.0000736132147437e-06,9,0,0.0,4.901216236325383e-05,1.0,0.9999509878376367,0.0,0.04823760830274542
Jd Jh 9h Ts 9c,3d 6h,1,1,5,0.0006483402497433049,9.992016378913245e-07,0.0006808050369881938,1.0007783339536842e-06,9,0,0.0,4.901216236325383e-05,1.0,0.9999509878376367,0.0,0.04823760830274542
Jd Jh 9h Ts 9c,3d 6s,1,1,5,0.0006483402497433049,9.992016378913245e-07,0.000682849559463778,9.995930622251648e-07,9,0,0.0,4.901216236325383e-05,1.0,0.9999509878376367,0.0,0.04823760830274542
Jd Jh 9h Ts 9c,3d 7c,1,1,5,0.0020146769753412903,9.992016378913245e-07,0.0021476263705517257,9.934388905839444e-07,9,13,0.0,4.901216236325383e-05,1.0,0.9999509878376367,0.0,5.180581853613921e-05
Jd Jh 9h Ts 9c,3d 7d,1,1,5,9.998960108148754e-07,9.992016378913245e-07,1.0693341557614468e-06,9.920376275814758e-07,9,0,0.0,4.901216236325383e-05,1.0,0.9999509878376367,0.0,0.04823760830274542
Jd Jh 9h Ts 9c,3d 7h,1,1,5,0.0020146769753412903,9.992016378913245e-07,0.00215458695630047,9.934388905839442e-07,9,13,0.0,4.901216236325383e-05,1.0,0.9999509878376367,0.0,5.180581853613921e-05
Jd Jh 9h Ts 9c,3d 7s,1,1,5,0.0020146769753412903,9.992016378913245e-07,0.0021476263705517257,9.942297974209598e-07,9,13,0.0,4.901216236325383e-05,1.0,0.9999509878376367,0.0,5.180581853613921e-05
Jd Jh 9h Ts 9c,3d 8c,1,1,5,0.0010897633985047037,9.992016378913245e-07,0.001132674562496817,1.0031600277688035e-06,9,13,0.0,4.901216236325383e-05,1.0,0.9999509878376367,0.0,5.180581853613921e-05
Jd Jh 9h Ts 9c,3d 8d,1,1,5,0.0010897633985047037,9.992016378913245e-07,0.0011340979344626125,1.0030167691719101e-06,9,13,0.0,4.901216236325383e-05,1.0,0.9999509878376367,0.0,5.180581853613921e-05
Jd Jh 9h Ts 9c,3d 8h,1,1,5,0.0010897633985047037,9.992016378913245e-07,0.0011319685029177436,1.0031600277688035e-06,9,13,0.0,4.901216236325383e-05,1.0,0.9999509878376367,0.0,5.180581853613921e-05
Jd Jh 9h Ts 9c,3d 8s,1,1,5,0.0010897633985047037,9.992016378913245e-07,0.001134803994041686,1.0038076760089255e-06,9,13,0.0,4.901216236325383e-05,1.0,0.9999509878376367,0.0,5.180581853613921e-05
Jd Jh 9h Ts 9c,3d 9d,1,1,5,0.001278331799732163,9.992016378913245e-07,0.0013290290511974163,9.989270459194052e-07,13,8,0.0,1e-05,1.0,0.99999,1.0,0.99999
Jd Jh 9h Ts 9c,3d 9s,1,1,5,0.0010897633985047037,9.992016378913245e-07,0.0011319106905838276,9.99022207480011e-07,13,8,0.0,1e-05,1.0,0.99999,1.0,0.99999
Jd Jh 9h Ts 9c,3d Tc,1,1,5,0.0010897633985047037,9.992016378913245e-07,0.0011373117521780835,1.0063949393350117e-06,10,3,0.0,1e-05,1.0,0.99999,1.0,0.99999
Jd Jh 9h Ts 9c,3d Td,1,1,5,0.0010897633985047037,0.0028614954275566367,0.0011444401182476736,0.0028787011134829136,15,3,0.0,1e-05,1.0,0.99999,1.0,0.99999
Jd Jh 9h Ts 9c,3d Th,1,1,5,0.0010897633985047037,9.992016378913245e-07,0.0011377216227652716,1.0063949393350117e-06,10,3,0.0,1e-05,1.0,0.99999,1.0,0.99999
Jd Jh 9h Ts 9c,3d Jc,1,1,5,0.0010897633985047037,0.0042304672318244545,0.001105900997324472,0.004236628632590815,6,1,0.0,1e-05,1.0,0.99999,1.0,0.99999
Jd Jh 9h Ts 9c,3d Js,1,1,5,0.0010897633985047037,0.0042304672318244545,0.0011085615315942253,0.004232882410018173,6,1,0.0,1e-05,1.0,0.99999,1.0,0.99999
Jd Jh 9h Ts 9c,3d Qc,1,1,5,9.998960108148754e-07,9.992016378913245e-07,1.0481353251592912e-06,1.0034642582709027e-06,1,4,1.0,0.999975458592474,0.0,2.454140752597793e-05,1.0,0.99999
Jd Jh 9h Ts 9c,3d Qd,1,1,5,9.998960108148754e-07,9.992016378913245e-07,1.0467621077138653e-06,1.0028001766888732e-06,1,4,1.0,0.999975458592474,0.0,2.454140752597793e-05,1.0,0.99999
Jd Jh 9h Ts 9c,3d Qh,1,1,5,9.998960108148754e-07,9.992016378913245e-07,1.0469554142647805e-06,1.0034642582709027e-06,1,4,1.0,0.999975458592474,0.0,2.454140752597793e-05,1.0,0.99999
Jd Jh 9h Ts 9c,3d Qs,1,1,5,9.998960108148754e-07,9.992016378913245e-07,1.0481353251592912e-06,1.0035910835258886e-06,1,4,1.0,0.999975458592474,0.0,2.454140752597793e-05,1.0,0.99999
Jd Jh 9h Ts 9c,3d Kc,1,1,5,0.0010897633985047037,9.992016378913245e-07,0.0010866805400216286,1.0061288569449077e-06,1,2,1.0,0.999975458592474,0.0,2.454140752597793e-05,1.0,0.99999
Jd Jh 9h Ts 9c,3d Kd,1,1,5,0.0007829576797000988,0.0009617622555124228,0.0007823331144206911,0.0009712789946360991,1,2,1.0,0.999975458592474,0.0,2.454140752597793e-05,1.0,0.99999
Jd Jh 9h Ts 9c,3d Kh,1,1,5,0.0010897633985047037,9.992016378913245e-07,0.0010866805400216286,1.0061288569449077e-06,1,2,1.0,0.999975458592474,0.0,2.454140752597793e-05,1.0,0.99999
Jd Jh 9h Ts 9c,3d Ks,1,1,5,0.0010897633985047037,9.992016378913245e-07,0.001093068468359862,1.009422844701224e-06,1,2,1.0,0.999975458592474,0.0,2.454140752597793e-05,1.0,0.99999
Jd Jh 9h Ts 9c,3d Ac,1,1,5,0.0010897633985047037,9.992016378913245e-07,0.0011521323861154815,1.0002574376103955e-06,11,9,0.0,1e-05,1.0,0.99999,1.0,0.99999
Jd Jh 9h Ts 9c,3d Ad,1,1,5,0.0003632544661682346,9.992016378913245e-07,0.00038689025096798986,9.991634138863048e-07,11,9,0.0,1e-05,1.0,0.99999,1.0,0.99999
Jd Jh 9h Ts 9c,3d Ah,1,1,5,0.0010897633985047037,9.992016378913245e-07,0.0011619196472291158,1.0006722569890636e-06,11,9,0.0,1e-05,1.0,0.99999,1.0,0.99999
Jd Jh 9h Ts 9c,3d As,1,1,5,0.0010897633985047037,9.992016378913245e-07,0.00115218737481139,9.995395013446522e-07,11,9,0.0,1e-05,1.0,0.99999,1.0,0.99999
Jd Jh 9h Ts 9c,3h 3s,1,1,5,0.0010897633985047037,9.992016378913245e-07,0.0011632566887559233,1.0086458331118241e-06,9,13,0.0,4.901216236325383e-05,1.0,0.9999509878376367,0.0,5.180581853613921e-05
Jd Jh 9h Ts 9c,3h 4c,1,1,5,0.0005907642752563513,9.992016378913245e-07,0.000632104850483741,1.0049779755247483e-06,9,13,0.0,4.901216236325383e-05,1.0,0.9999509878376367,0.0,5.180581853613921e-05
Jd Jh 9h Ts 9c,3h 4d,1,1,5,0.0005907642752563513,9.992016378913245e-07,0.0006307968011566054,1.006163247253268e-06,9,13,0.0,4.901216236325383e-05,1.0,0.9999509878376367,0.0,5.180581853613921e-05
Jd Jh 9h Ts 9c,3h 4h,1,1,5,9.998960108148754e-07,9.992016378913245e-07,1.0676529227119903e-06,1.004335934306792e-06,9,13,0.0,4.901216236325383e-05,1.0,0.9999509878376367,0.0,5.180581853613921e-05
Jd Jh 9h Ts 9c,3h 4s,1,1,5,0.0005907642752563513,9.992016378913245e-07,0.0006332654327643191,1.0061632472532681e-06,9,13,0.0,4.901216236325383e-05,1.0,0.9999509878376367,0.0,5.180581853613921e-05
Jd Jh 9h Ts 9c,3h 5c,1,1,5,0.00040332880229355597,9.992016378913245e-07,0.00036488569027994894,1.0077915690204198e-06,2,0,0.0,0.3852842663581179,1.0,0.614715733641882,0.0,0.04823760830274542
Jd Jh 9h Ts 9c,3h 5d,1,1,5,0.00040332880229355597,9.992016378913245e-07,0.000363913510393281,1.0077915690204198e-06,2,0,0.0,0.3852842663581179,1.0,0.614715733641882,0.0,0.04823760830274542
Jd Jh 9h Ts 9c,3h 5h,1,1,5,0.0010897633985047037,9.992016378913245e-07,0.0009837317257921357,1.008538849323721e-06,2,13,0.0,0.3852842663581179,1.0,0.614715733641882,0.0,5.180581853613921e-05
Jd Jh 9h Ts 9c,3h 5s,1,1,5,0.00040332880229355597,9.992016378913245e-07,0.0003647134373907313,1.0073972041289156e-06,2,13,0.0,0.3852842663581179,1.0,0.614715733641882,0.0,5.180581853613921e-05
Jd Jh 9h Ts 9c,3h 6c,1,1,5,0.0006483402497433049,9.992016378913245e-07,0.0006833828670833162,1.0009836170976866e-06,9,0,0.0,4.901216236325383e-05,1.0,0.9999509878376367,0.0,0.04823760830274542
Jd Jh 9h Ts 9c,3h 6d,1,1,5,0.0006483402497433049,9.992016378913245e-07,0.0006812010780029901,9.997983453691672e-07,9,0,0.0,4.901216236325383e-05,1.0,0.9999509878376367,0.0,0.04823760830274542
Jd Jh 9h Ts 9c,3h 6h,1,1,5,0.0010897633985047037,9.992016378913245e-07,0.0011443318706822827,1.0014641680872657e-06,9,0,0.0,4.901216236325383e-05,1.0,0.9999509878376367,0.0,0.04823760830274542
Jd Jh 9h Ts 9c,3h 6s,1,1,5,0.0006483402497433049,9.992016378913245e-07,0.000682849559463778,9.997983453691672e-07,9,0,0.0,4.901216236325383e-05,1.0,0.9999509878376367,0.0,0.04823760830274542
Jd Jh 9h Ts 9c,3h 7c,1,1,5,0.0020146769753412903,9.992016378913245e-07,0.0021476263705517257,9.936441737279468e-07,9,13,0.0,4.901216236325383e-05,1.0,0.9999509878376367,0.0,5.180581853613921e-05
Jd Jh 9h Ts 9c,3h 7d,1,1,5,0.0020146769753412903,9.992016378913245e-07,0.00215458695630047,9.944350805649622e-07,9,13,0.0,4.901216236325383e-05,1.0,0.9999509878376367,0.0,5.180581853613921e-05
Jd Jh 9h Ts 9c,3h 7h,1,1,5,9.998960108148754e-07,9.992016378913245e-07,1.0693341557614468e-06,9.914520038884626e-07,9,0,0.0,4.901216236325383e-05,1.0,0.9999509878376367,0.0,0.04823760830274542
Jd Jh 9h Ts 9c,3h 7s,1,1,5,0.0020146769753412903,9.992016378913245e-07,0.0021476263705517257,9.944350805649624e-07,9,13,0.0,4.901216236325383e-05,1.0,0.9999509878376367,0.0,5.180581853613921e-05
Jd Jh 9h Ts 9c,3h 8c,1,1,5,0.0010897633985047037,9.992016378913245e-07,0.001132674562496817,1.0033653109128058e-06,9,13,0.0,4.901216236325383e-05,1.0,0.9999509878376367,0.0,5.180581853613921e-05
Jd Jh 9h Ts 9c,3h 8d,1,1,5,0.0010897633985047037,9.992016378913245e-07,0.0011340979344626125,1.0032220523159123e-06,9,13,0.0,4.901216236325383e-05,1.0,0.9999509878376367,0.0,5.180581853613921e-05
Jd Jh 9h Ts 9c,3h 8h,1,1,5,0.0010897633985047037,9.992016378913245e-07,0.0011319685029177436,1.0033653109128058e-06,9,13,0.0,4.901216236325383e-05,1.0,0.9999509878376367,0.0,5.180581853613921e-05
Jd Jh 9h Ts 9c,3h 8s,1,1,5,0.0010897633985047037,9.992016378913245e-07,0.001134803994041686,1.004012959152928e-06,9,13,0.0,4.901216236325383e-05,1.0,0.9999509878376367,0.0,5.180581853613921e-05
Jd Jh 9h Ts 9c,3h 9d,1,1,5,0.0010897633985047037,9.992016378913245e-07,0.0011329822318805127,9.989270459194052e-07,13,8,0.0,1e-05,1.0,0.99999,1.0,0.99999
Jd Jh 9h Ts 9c,3h 9s,1,1,5,0.0010897633985047037,9.992016378913245e-07,0.0011319106905838276,9.992274906240135e-07,13,8,0.0,1e-05,1.0,0.99999,1.0,0.99999
Jd Jh 9h Ts 9c,3h Tc,1,1,5,0.0010897633985047037,9.992016378913245e-07,0.0011373117521780833,1.006600222479014e-06,10,3,0.0,1e-05,1.0,0.99999,1.0,0.99999
Jd Jh 9h Ts 9c,3h Td,1,1,5,0.0010897633985047037,9.992016378913245e-07,0.0011410438277445214,1.0054149507504944e-06,15,3,0.0,1e-05,1.0,0.99999,1.0,0.99999
Jd Jh 9h Ts 9c,3h Th,1,1,5,0.0010897633985047037,0.0028614954275566367,0.0011411179132684239,0.0028826833591664635,10,3,0.0,1e-05,1.0,0.99999,1.0,0.99999
Jd Jh 9h Ts 9c,3h Jc,1,1,5,0.0010897633985047037,0.0042304672318244545,0.001105900997324472,0.00423749777009121,6,1,0.0,1e-05,1.0,0.99999,1.0,0.99999
Jd Jh 9h Ts 9c,3h Js,1,1,5,0.0010897633985047037,0.0042304672318244545,0.0011085615315942253,0.0042337515475185696,6,1,0.0,1e-05,1.0,0.99999,1.0,0.99999
Jd Jh 9h Ts 9c,3h Qc,1,1,5,9.998960108148754e-07,9.992016378913245e-07,1.0481353251592912e-06,1.003669541414905e-06,1,4,1.0,0.999975458592474,0.0,2.454140752597793e-05,1.0,0.99999
Jd Jh 9h Ts 9c,3h Qd,1,1,5,9.998960108148754e-07,9.992016378913245e-07,1.0467621077138653e-06,1.0030054598328756e-06,1,4,1.0,0.999975458592474,0.0,2.454140752597793e-05,1.0,0.99999
Jd Jh 9h Ts 9c,3h Qh,1,1,5,9.998960108148754e-07,9.992016378913245e-07,1.0469554142647805e-06,1.003669541414905e-06,1,4,1.0,0.999975458592474,0.0,2.454140752597793e-05,1.0,0.99999
Jd Jh 9h Ts 9c,3h Qs,1,1,5,9.998960108148754e-07,9.992016378913245e-07,1.0481353251592912e-06,1.003796366669891e-06,1,4,1.0,0.999975458592474,0.0,2.454140752597793e-05,1.0,0.99999
Jd Jh 9h Ts 9c,3h Kc,1,1,5,0.0010897633985047037,9.992016378913245e-07,0.0010866805400216286,1.0063341400889103e-06,1,2,1.0,0.999975458592474,0.0,2.454140752597793e-05,1.0,0.99999
Jd Jh 9h Ts 9c,3h Kd,1,1,5,0.0010897633985047037,9.992016378913245e-07,0.0010877533725164165,1.0096281278452263e-06,1,2,1.0,0.999975458592474,0.0,2.454140752597793e-05,1.0,0.99999
Jd Jh 9h Ts 9c,3h Kh,1,1,5,0.0007829576797000988,0.0009617622555124228,0.0007815623210154633,0.0009683060216125365,1,2,1.0,0.999975458592474,0.0,2.454140752597793e-05,1.0,0.99999
Jd Jh 9h Ts 9c,3h Ks,1,1,5,0.0010897633985047037,9.992016378913245e-07,0.0010930684683598617,1.0096281278452263e-06,1,2,1.0,0.999975458592474,0.0,2.454140752597793e-05,1.0,0.99999
Jd Jh 9h Ts 9c,3h Ac,1,1,5,0.0010897633985047037,9.992016378913245e-07,0.0011521323861154813,1.000462720754398e-06,11,9,0.0,1e-05,1.0,0.99999,1.0,0.99999
Jd Jh 9h Ts 9c,3h Ad,1,1,5,0.0010897633985047037,9.992016378913245e-07,0.0011606707529039696,1.0001596038673228e-06,11,9,0.0,1e-05,1.0,0.99999,1.0,0.99999
Jd Jh 9h Ts 9c,3h Ah,1,1,5,0.0003632544661682346,9.992016378913245e-07,0.00038730654907637185,1.0000866332960506e-06,11,9,0.0,1e-05,1.0,0.99999,1.0,0.99999
Jd Jh 9h Ts 9c,3h As,1,1,5,0.0010897633985047037,9.992016378913245e-07,0.00115218737481139,9.997447844886545e-07,11,9,0.0,1e-05,1.0,0.99999,1.0,0.99999
Jd Jh 9h Ts 9c,3s 4c,1,1,5,0.0005907642752563513,9.992016378913245e-07,0.0006360330919582865,1.004772692380746e-06,9,13,0.0,4.901216236325383e-05,1.0,0.9999509878376367,0.0,5.180581853613921e-05
Jd Jh 9h Ts 9c,3s 4d,1,1,5,0.0005907642752563513,9.992016378913245e-07,0.000634725042631151,1.0059579641092655e-06,9,13,0.0,4.901216236325383e-05,1.0,0.9999509878376367,0.0,5.180581853613921e-05
Jd Jh 9h Ts 9c,3s 4h,1,1,5,0.0005907642752563513,9.992016378913245e-07,0.0006347250426311509,1.004772692380746e-06,9,13,0.0,4.901216236325383e-05,1.0,0.9999509878376367,0.0,5.180581853613921e-05
Jd Jh 9h Ts 9c,3s 4s,1,1,5,9.998960108148754e-07,9.992016378913245e-07,1.078479927906007e-06,1.0053159228913091e-06,9,13,0.0,4.901216236325383e-05,1.0,0.9999509878376367,0.0,5.180581853613921e-05
Jd Jh 9h Ts 9c,3s 5c,1,1,5,0.00040332880229355597,9.992016378913245e-07,0.0003675675940365036,1.0075862858764174e-06,2,0,0.0,0.3852842663581179,1.0,0.614715733641882,0.0,0.04823760830274542
Jd Jh 9h Ts 9c,3s 5d,1,1,5,0.00040332880229355597,9.992016378913245e-07,0.0003665954141498357,1.0075862858764174e-06,2,0,0.0,0.3852842663581179,1.0,0.614715733641882,0.0,0.04823760830274542
Jd Jh 9h Ts 9c,3s 5h,1,1,5,0.00040332880229355597,9.992016378913245e-07,0.0003667676670390534,1.0075862858764174e-06,2,0,0.0,0.3852842663581179,1.0,0.614715733641882,0.0,0.04823760830274542
Jd Jh 9h Ts 9c,3s 5s,1,1,5,0.0010897633985047037,9.992016378913245e-07,0.0009926739505998782,1.0079392012882143e-06,2,13,0.0,0.3852842663581179,1.0,0.614715733641882,0.0,5.180581853613921e-05
Jd Jh 9h Ts 9c,3s 6c,1,1,5,0.0006483402497433049,9.992016378913245e-07,0.0006876939555585861,1.0007783339536842e-06,9,0,0.0,4.901216236325383e-05,1.0,0.9999509878376367,0.0,0.04823760830274542
Jd Jh 9h Ts 9c,3s 6d,1,1,5,0.0006483402497433049,9.992016378913245e-07,0.0006855121664782599,9.995930622251648e-07,9,0,0.0,4.901216236325383e-05,1.0,0.9999509878376367,0.0,0.04823760830274542
Jd Jh 9h Ts 9c,3s 6h,1,1,5,0.0006483402497433049,9.992016378913245e-07,0.0006851161254634636,1.0007783339536842e-06,9,0,0.0,4.901216236325383e-05,1.0,0.9999509878376367,0.0,0.04823760830274542
Jd Jh 9h Ts 9c,3s 6s,1,1,5,0.0010897633985047037,9.992016378913245e-07,0.001155014706110314,1.0000736132147437e-06,9,0,0.0,4.901216236325383e-05,1.0,0.9999509878376367,0.0,0.04823760830274542
Jd Jh 9h Ts 9c,3s 7c,1,1,5,0.0020146769753412903,9.992016378913245e-07,0.0021610228096795208,9.934388905839444e-07,9,13,0.0,4.901216236325383e-05,1.0,0.9999509878376367,0.0,5.180581853613921e-05
Jd Jh 9h Ts 9c,3s 7d,1,1,5,0.0020146769753412903,9.992016378913245e-07,0.002167983395428265,9.942297974209598e-07,9,13,0.0,4.901216236325383e-05,1.0,0.9999509878376367,0.0,5.180581853613921e-05
Jd Jh 9h Ts 9c,3s 7h,1,1,5,0.0020146769753412903,9.992016378913245e-07,0.002167983395428265,9.934388905839444e-07,9,13,0.0,4.901216236325383e-05,1.0,0.9999509878376367,0.0,5.180581853613921e-05
Jd Jh 9h Ts 9c,3s 7s,1,1,5,9.998960108148754e-07,9.992016378913245e-07,1.0725283075776762e-06,9.920376275814758e-07,9,0,0.0,4.901216236325383e-05,1.0,0.9999509878376367,0.0,0.04823760830274542
Jd Jh 9h Ts 9c,3s 8c,1,1,5,0.0010897633985047037,9.992016378913245e-07,0.0011399208601467388,1.0031600277688035e-06,9,13,0.0,4.901216236325383e-05,1.0,0.9999509878376367,0.0,5.180581853613921e-05
Jd Jh 9h Ts 9c,3s 8d,1,1,5,0.0010897633985047037,9.992016378913245e-07,0.0011413442321125344,1.0030167691719101e-06,9,13,0.0,4.901216236325383e-05,1.0,0.9999509878376367,0.0,5.180581853613921e-05
Jd Jh 9h Ts 9c,3s 8h,1,1,5,0.0010897633985047037,9.992016378913245e-07,0.0011392148005676655,1.0031600277688035e-06,9,13,0.0,4.901216236325383e-05,1.0,0.9999509878376367,0.0,5.180581853613921e-05
Jd Jh 9h Ts 9c,3s 8s,1,1,5,0.0010897633985047037,9.992016378913245e-07,0.0011420502916916076,1.0038076760089255e-06,9,13,0.0,4.901216236325383e-05,1.0,0.9999509878376367,0.0,5.180581853613921e-05
Jd Jh 9h Ts 9c,3s 9d,1,1,5,0.0010897633985047037,9.992016378913245e-07,0.0011402285295304345,9.987217627754028e-07,13,8,0.0,1e-05,1.0,0.99999,1.0,0.99999
Jd Jh 9h Ts 9c,3s 9s,1,1,5,0.001278331799732163,9.992016378913245e-07,0.0013362722632678265,9.992274906240135e-07,13,8,0.0,1e-05,1.0,0.99999,1.0,0.99999
Jd Jh 9h Ts 9c,3s Tc,1,1,5,0.0010897633985047037,9.992016378913245e-07,0.0011445580498280052,1.0063949393350117e-06,15,3,0.0,1e-05,1.0,0.99999,1.0,0.99999
Jd Jh 9h Ts 9c,3s Td,1,1,5,0.0010897633985047037,9.992016378913245e-07,0.0011482901253944433,1.005209667606492e-06,15,3,0.0,1e-05,1.0,0.99999,1.0,0.99999
Jd Jh 9h Ts 9c,3s Th,1,1,5,0.0010897633985047037,9.992016378913245e-07,0.0011449679204151935,1.0063949393350117e-06,15,3,0.0,1e-05,1.0,0.99999,1.0,0.99999
Jd Jh 9h Ts 9c,3s Jc,1,1,5,0.0010897633985047037,0.0042304672318244545,0.001113147294974394,0.004236628632590815,6,1,0.0,1e-05,1.0,0.99999,1.0,0.99999
Jd Jh 9h Ts 9c,3s Js,1,1,5,0.0010897633985047037,0.0009878320971463592,0.0011119578220973774,0.0009883960515299625,6,1,0.0,1e-05,1.0,0.99999,1.0,0.99999
Jd Jh 9h Ts 9c,3s Qc,1,1,5,9.998960108148754e-07,9.992016378913245e-07,1.054784056547477e-06,1.0034642582709027e-06,1,4,1.0,0.999975458592474,0.0,2.454140752597793e-05,1.0,0.99999
Jd Jh 9h Ts 9c,3s Qd,1,1,5,9.998960108148754e-07,9.992016378913245e-07,1.053410839102051e-06,1.0028001766888732e-06,1,4,1.0,0.999975458592474,0.0,2.454140752597793e-05,1.0,0.99999
Jd Jh 9h Ts 9c,3s Qh,1,1,5,9.998960108148754e-07,9.992016378913245e-07,1.053604145652966e-06,1.0034642582709027e-06,1,4,1.0,0.999975458592474,0.0,2.454140752597793e-05,1.0,0.99999
Jd Jh 9h Ts 9c,3s Qs,1,1,5,9.998960108148754e-07,9.992016378913245e-07,1.054784056547477e-06,1.0035910835258886e-06,1,4,1.0,0.999975458592474,0.0,2.454140752597793e-05,1.0,0.99999
Jd Jh 9h Ts 9c,3s Kc,1,1,5,0.0010897633985047037,9.992016378913245e-07,0.0010939268376715505,1.0061288569449077e-06,1,2,1.0,0.999975458592474,0.0,2.454140752597793e-05,1.0,0.99999
Jd Jh 9h Ts 9c,3s Kd,1,1,5,0.0010897633985047037,9.992016378913245e-07,0.0010949996701663384,1.009422844701224e-06,1,2,1.0,0.999975458592474,0.0,2.454140752597793e-05,1.0,0.99999
Jd Jh 9h Ts 9c,3s Kh,1,1,5,0.0010897633985047037,9.992016378913245e-07,0.0010939268376715505,1.0061288569449077e-06,1,2,1.0,0.999975458592474,0.0,2.454140752597793e-05,1.0,0.99999
Jd Jh 9h Ts 9c,3s Ks,1,1,5,0.0007829576797000988,0.0009617622555124228,0.0007913580454441238,0.0009712789946360991,1,2,1.0,0.999975458592474,0.0,2.454140752597793e-05,1.0,0.99999
Jd Jh 9h Ts 9c,3s Ac,1,1,5,0.0010897633985047037,9.992016378913245e-07,0.0011593786837654032,1.0002574376103955e-06,11,9,0.0,1e-05,1.0,0.99999,1.0,0.99999
Jd Jh 9h Ts 9c,3s Ad,1,1,5,0.0010897633985047037,9.992016378913245e-07,0.0011679170505538915,9.999543207233202e-07,7,9,0.0,1e-05,1.0,0.99999,1.0,0.99999
Jd Jh 9h Ts 9c,3s Ah,1,1,5,0.0010897633985047037,9.992016378913245e-07,0.0011691659448790374,1.0006722569890636e-06,7,9,0.0,1e-05,1.0,0.99999,1.0,0.99999
Jd Jh 9h Ts 9c,3s As,1,1,5,0.0003632544661682346,9.992016378913245e-07,0.0003864778908204373,9.987485945076365e-07,11,9,0.0,1e-05,1.0,0.99999,1.0,0.99999
Jd Jh 9h Ts 9c,4c 4d,1,1,5,0.0010897633985047037,9.992016378913245e-07,0.0011736226850843005,1.0033765675433162e-06,9,13,0.0,4.901216236325383e-05,1.0,0.9999509878376367,0.0,5.180581853613921e-05
Jd Jh 9h Ts 9c,4c 4h,1,1,5,0.0010897633985047037,9.992016378913245e-07,0.0011736226850843005,1.0021912958147968e-06,9,13,0.0,4.901216236325383e-05,1.0,0.9999509878376367,0.0,5.180581853613921e-05
Jd Jh 9h Ts 9c,4c 4s,1,1,5,0.0010897633985047037,9.992016378913245e-07,0.001178176488493132,1.0033765675433162e-06,9,13,0.0,4.901216236325383e-05,1.0,0.9999509878376367,0.0,5.180581853613921e-05
Jd Jh 9h Ts 9c,4c 5c,1,1,5,0.0010897633985047037,9.992016378913245e-07,0.0009959056717485449,1.005208939103206e-06,2,13,0.0,0.3852842663581179,1.0,0.614715733641882,0.0,5.180581853613921e-05
Jd Jh 9h Ts 9c,4c 5d,1,1,5,0.00036325446616823463,9.992016378913245e-07,0.0003310929721592788,1.0044180322661905e-06,2,13,0.0,0.3852842663581179,1.0,0.614715733641882,0.0,5.180581853613921e-05
Jd Jh 9h Ts 9c,4c 5h,1,1,5,0.00036325446616823463,9.992016378913245e-07,0.0003312481101780934,1.0044180322661905e-06,2,13,0.0,0.3852842663581179,1.0,0.614715733641882,0.0,5.180581853613921e-05
Jd Jh 9h Ts 9c,4c 5s,1,1,5,0.00036325446616823463,9.992016378913245e-07,0.0003318134192307004,1.0040236673746863e-06,2,13,0.0,0.3852842663581179,1.0,0.614715733641882,0.0,5.180581853613921e-05
Jd Jh 9h Ts 9c,4c 6c,1,1,5,0.0010897633985047037,9.992016378913245e-07,0.0011586774238821864,9.981342578667507e-07,9,0,0.0,4.901216236325383e-05,1.0,0.9999509878376367,0.0,0.04823760830274542
Jd Jh 9h Ts 9c,4c 6d,1,1,5,0.0010897633985047037,9.992016378913245e-07,0.0011550101613854679,9.96948986138231e-07,9,13,0.0,4.901216236325383e-05,1.0,0.9999509878376367,0.0,5.180581853613921e-05
Jd Jh 9h Ts 9c,4c 6h,1,1,5,0.0010897633985047037,9.992016378913245e-07,0.0011543444754244273,9.981342578667507e-07,9,0,0.0,4.901216236325383e-05,1.0,0.9999509878376367,0.0,0.04823760830274542
Jd Jh 9h Ts 9c,4c 6s,1,1,5,0.0010897633985047037,9.992016378913245e-07,0.001157781013202537,9.96948986138231e-07,9,13,0.0,4.901216236325383e-05,1.0,0.9999509878376367,0.0,5.180581853613921e-05
Jd Jh 9h Ts 9c,4c 7c,1,1,5,9.998960108148754e-07,9.992016378913245e-07,1.0750664910310736e-06,9.88122093667948e-07,9,13,0.0,4.901216236325383e-05,1.0,0.9999509878376367,0.0,5.180581853613921e-05
Jd Jh 9h Ts 9c,4c 7d,1,1,5,0.0010897633985047037,9.992016378913245e-07,0.001175455021869164,9.90098272233483e-07,9,13,0.0,4.901216236325383e-05,1.0,0.9999509878376367,0.0,5.180581853613921e-05
Jd Jh 9h Ts 9c,4c 7h,1,1,5,0.0010897633985047037,9.992016378913245e-07,0.0011754550218691638,9.893073653964675e-07,9,13,0.0,4.901216236325383e-05,1.0,0.9999509878376367,0.0,5.180581853613921e-05
Jd Jh 9h Ts 9c,4c 7s,1,1,5,0.0010897633985047037,9.992016378913245e-07,0.0011716899559682892,9.90098272233483e-07,9,13,0.0,4.901216236325383e-05,1.0,0.9999509878376367,0.0,5.180581853613921e-05
Jd Jh 9h Ts 9c,4c 8c,1,1,5,0.0010897633985047037,0.0008672406923092954,0.0011437156628270858,0.0008679643430733773,9,13,0.0,4.901216236325383e-05,1.0,0.9999509878376367,0.0,5.180581853613921e-05
Jd Jh 9h Ts 9c,4c 8d,1,1,5,0.0004982955923000485,9.992016378913245e-07,0.0005231458861364039,9.992482464583581e-07,9,13,0.0,4.901216236325383e-05,1.0,0.9999509878376367,0.0,5.180581853613921e-05
Jd Jh 9h Ts 9c,4c 8h,1,1,5,0.0004982955923000485,9.992016378913245e-07,0.0005221722010646086,9.993915050552514e-07,9,13,0.0,4.901216236325383e-05,1.0,0.9999509878376367,0.0,5.180581853613921e-05
Jd Jh 9h Ts 9c,4c 8s,1,1,5,0.0004982955923000485,9.992016378913245e-07,0.0005234687327071699,1.0000391532953735e-06,9,13,0.0,4.901216236325383e-05,1.0,0.9999509878376367,0.0,5.180581853613921e-05
Jd Jh 9h Ts 9c,4c 9d,1,1,5,0.0010897633985047037,9.992016378913245e-07,0.0011429948366226573,9.9559713569889e-07,13,8,0.0,1e-05,1.0,0.99999,1.0,0.99999
Jd Jh 9h Ts 9c,4c 9s,1,1,5,0.0010897633985047037,9.992016378913245e-07,0.0011419232953259722,9.958975804034985e-07,13,8,0.0,1e-05,1.0,0.99999,1.0,0.99999
Jd Jh 9h Ts 9c,4c Tc,1,1,5,0.0010897633985047037,0.0018041434734570286,0.0011494652448230693,0.0018114898107995695,15,3,0.0,1e-05,1.0,0.99999,1.0,0.99999
Jd Jh 9h Ts 9c,4c Td,1,1,5,0.0010897633985047037,9.992016378913245e-07,0.001151056432486666,1.0020850405299795e-06,15,3,0.0,1e-05,1.0,0.99999,1.0,0.99999
Jd Jh 9h Ts 9c,4c Th,1,1,5,0.0010897633985047037,9.992016378913245e-07,0.0011477342275074162,1.003270312258499e-06,15,3,0.0,1e-05,1.0,0.99999,1.0,0.99999
Jd Jh 9h Ts 9c,4c Jc,1,1,5,0.0010897633985047037,9.992016378913245e-07,0.0011108919201730514,9.975322831051194e-07,6,1,0.0,1e-05,1.0,0.99999,1.0,0.99999
Jd Jh 9h Ts 9c,4c Js,1,1,5,0.0010897633985047037,0.0020332563633676053,0.0011159653699487947,0.0020280589074971136,6,1,0.0,1e-05,1.0,0.99999,1.0,0.99999
Jd Jh 9h Ts 9c,4c Qc,1,1,5,0.003198034908210191,9.992016378913245e-07,0.003381705093506794,1.0038200520629878e-06,1,4,1.0,0.999975458592474,0.0,2.454140752597793e-05,1.0,0.99999
Jd Jh 9h Ts 9c,4c Qd,1,1,5,0.0010897633985047037,9.992016378913245e-07,0.0011508542718656736,1.0008608213408805e-06,1,4,1.0,0.999975458592474,0.0,2.454140752597793e-05,1.0,0.99999
Jd Jh 9h Ts 9c,4c Qh,1,1,5,0.0010897633985047037,9.992016378913245e-07,0.0011510649521780263,1.00152490292291e-06,1,4,1.0,0.999975458592474,0.0,2.454140752597793e-05,1.0,0.99999
Jd Jh 9h Ts 9c,4c Qs,1,1,5,0.0010897633985047037,9.992016378913245e-07,0.0011523509096100265,1.0016517281778959e-06,1,4,1.0,0.999975458592474,0.0,2.454140752597793e-05,1.0,0.99999
Jd Jh 9h Ts 9c,4c Kc,1,1,5,0.0010897633985047037,9.992016378913245e-07,0.0010966931447637732,1.0030042298683955e-06,1,2,1.0,0.999975458592474,0.0,2.454140752597793e-05,1.0,0.99999
Jd Jh 9h Ts 9c,4c Kd,1,1,5,0.00036325446616823463,9.992016378913245e-07,0.0003659219924195204,1.005507310787696e-06,1,2,1.0,0.999975458592474,0.0,2.454140752597793e-05,1.0,0.99999
Jd Jh 9h Ts 9c,4c Kh,1,1,5,0.00036325446616823463,9.992016378913245e-07,0.00036556438158792437,1.00221332303138e-06,1,2,1.0,0.999975458592474,0.0,2.454140752597793e-05,1.0,0.99999
Jd Jh 9h Ts 9c,4c Ks,1,1,5,0.00036325446616823463,9.992016378913245e-07,0.00036769369103400215,1.005507310787696e-06,1,2,1.0,0.999975458592474,0.0,2.454140752597793e-05,1.0,0.99999
Jd Jh 9h Ts 9c,4c Ac,1,1,5,0.0010897633985047037,9.992016378913245e-07,0.001162144990857626,9.971328105338831e-07,11,9,0.0,1e-05,1.0,0.99999,1.0,0.99999
Jd Jh 9h Ts 9c,4c Ad,1,1,5,0.0010897633985047037,9.992016378913245e-07,0.0011706833576461142,9.968296936468079e-07,7,9,0.0,1e-05,1.0,0.99999,1.0,0.99999
Jd Jh 9h Ts 9c,4c Ah,1,1,5,0.0010897633985047037,9.992016378913245e-07,0.0011719322519712604,9.975476299125512e-07,7,9,0.0,1e-05,1.0,0.99999,1.0,0.99999
Jd Jh 9h Ts 9c,4c As,1,1,5,0.0010897633985047037,9.992016378913245e-07,0.001162199979553535,9.964148742681396e-07,11,9,0.0,1e-05,1.0,0.99999,1.0,0.99999
Jd Jh 9h Ts 9c,4d 4h,1,1,5,0.0010897633985047037,9.992016378913245e-07,0.0011712097695783105,1.0033765675433164e-06,9,13,0.0,4.901216236325383e-05,1.0,0.9999509878376367,0.0,5.180581853613921e-05
Jd Jh 9h Ts 9c,4d 4s,1,1,5,0.0010897633985047037,9.992016378913245e-07,0.001175763572987142,1.004561839271836e-06,9,13,0.0,4.901216236325383e-05,1.0,0.9999509878376367,0.0,5.180581853613921e-05
Jd Jh 9h Ts 9c,4d 5c,1,1,5,0.00036325446616823463,9.992016378913245e-07,0.0003311642520808516,1.0056033039947101e-06,2,13,0.0,0.3852842663581179,1.0,0.614715733641882,0.0,5.180581853613921e-05
Jd Jh 9h Ts 9c,4d 5d,1,1,5,0.0010897633985047037,9.992016378913245e-07,0.0009908660009718463,1.0063942108317256e-06,2,13,0.0,0.3852842663581179,1.0,0.614715733641882,0.0,5.180581853613921e-05
Jd Jh 9h Ts 9c,4d 5h,1,1,5,0.00036325446616823463,9.992016378913245e-07,0.00033044380500943003,1.0056033039947101e-06,2,13,0.0,0.3852842663581179,1.0,0.614715733641882,0.0,5.180581853613921e-05
Jd Jh 9h Ts 9c,4d 5s,1,1,5,0.00036325446616823463,9.992016378913245e-07,0.000331009114062037,1.005208939103206e-06,2,13,0.0,0.3852842663581179,1.0,0.614715733641882,0.0,5.180581853613921e-05
Jd Jh 9h Ts 9c,4d 6c,1,1,5,0.0010897633985047037,9.992016378913245e-07,0.0011562645083761963,9.993195295952705e-07,9,0,0.0,4.901216236325383e-05,1.0,0.9999509878376367,0.0,0.04823760830274542
Jd Jh 9h Ts 9c,4d 6d,1,1,5,0.0010897633985047037,9.992016378913245e-07,0.0011525972458794778,9.98134257866751e-07,9,0,0.0,4.901216236325383e-05,1.0,0.9999509878376367,0.0,0.04823760830274542
Jd Jh 9h Ts 9c,4d 6h,1,1,5,0.0010897633985047037,9.992016378913245e-07,0.0011519315599184373,9.993195295952705e-07,9,0,0.0,4.901216236325383e-05,1.0,0.9999509878376367,0.0,0.04823760830274542
Jd Jh 9h Ts 9c,4d 6s,1,1,5,0.0010897633985047037,9.992016378913245e-07,0.001155368097696547,9.98134257866751e-07,9,0,0.0,4.901216236325383e-05,1.0,0.9999509878376367,0.0,0.04823760830274542
Jd Jh 9h Ts 9c,4d 7c,1,1,5,0.0010897633985047037,9.992016378913245e-07,0.0011692770404622991,9.90492637124987e-07,9,13,0.0,4.901216236325383e-05,1.0,0.9999509878376367,0.0,5.180581853613921e-05
Jd Jh 9h Ts 9c,4d 7d,1,1,5,9.998960108148754e-07,9.992016378913245e-07,1.076307136282806e-06,9.90098272233483e-07,9,13,0.0,4.901216236325383e-05,1.0,0.9999509878376367,0.0,5.180581853613921e-05
Jd Jh 9h Ts 9c,4d 7h,1,1,5,0.0010897633985047037,9.992016378913245e-07,0.001173042106363174,9.90492637124987e-07,9,13,0.0,4.901216236325383e-05,1.0,0.9999509878376367,0.0,5.180581853613921e-05
Jd Jh 9h Ts 9c,4d 7s,1,1,5,0.0010897633985047037,9.992016378913245e-07,0.0011692770404622991,9.912835439620025e-07,9,13,0.0,4.901216236325383e-05,1.0,0.9999509878376367,0.0,5.180581853613921e-05
Jd Jh 9h Ts 9c,4d 8c,1,1,5,0.0004982955923000485,9.992016378913245e-07,0.0005213917391898193,1.000576776783771e-06,9,13,0.0,4.901216236325383e-05,1.0,0.9999509878376367,0.0,5.180581853613921e-05
Jd Jh 9h Ts 9c,4d 8d,1,1,5,0.0010897633985047037,0.0008672406923092954,0.0011427261192868913,0.0008688687413003198,9,13,0.0,4.901216236325383e-05,1.0,0.9999509878376367,0.0,5.180581853613921e-05
Jd Jh 9h Ts 9c,4d 8h,1,1,5,0.0004982955923000485,9.992016378913245e-07,0.0005210688926190533,1.000576776783771e-06,9,13,0.0,4.901216236325383e-05,1.0,0.9999509878376367,0.0,5.180581853613921e-05
Jd Jh 9h Ts 9c,4d 8s,1,1,5,0.0004982955923000485,9.992016378913245e-07,0.0005223654242616146,1.001224425023893e-06,9,13,0.0,4.901216236325383e-05,1.0,0.9999509878376367,0.0,5.180581853613921e-05
Jd Jh 9h Ts 9c,4d 9d,1,1,5,9.998960108148754e-07,9.992016378913245e-07,1.0465237816731462e-06,9.9559713569889e-07,13,8,0.0,1e-05,1.0,0.99999,1.0,0.99999
Jd Jh 9h Ts 9c,4d 9s,1,1,5,0.0010897633985047037,9.992016378913245e-07,0.0011395103798199822,9.970828521320181e-07,13,8,0.0,1e-05,1.0,0.99999,1.0,0.99999
Jd Jh 9h Ts 9c,4d Tc,1,1,5,0.0010897633985047037,9.992016378913245e-07,0.0011449114414142378,1.0044555839870187e-06,15,3,0.0,1e-05,1.0,0.99999,1.0,0.99999
Jd Jh 9h Ts 9c,4d Td,1,1,5,0.0010897633985047037,0.0018041434734570286,0.001150784404883517,0.0018114898107995695,15,3,0.0,1e-05,1.0,0.99999,1.0,0.99999
Jd Jh 9h Ts 9c,4d Th,1,1,5,0.0010897633985047037,9.992016378913245e-07,0.0011453213120014261,1.0044555839870187e-06,15,3,0.0,1e-05,1.0,0.99999,1.0,0.99999
Jd Jh 9h Ts 9c,4d Jc,1,1,5,0.0010897633985047037,0.0020332563633676053,0.0011108919201730514,0.00203227131198242,6,1,0.0,1e-05,1.0,0.99999,1.0,0.99999
Jd Jh 9h Ts 9c,4d Js,1,1,5,0.0010897633985047037,0.0020332563633676053,0.0011135524544428046,0.0020304707943405117,6,1,0.0,1e-05,1.0,0.99999,1.0,0.99999
Jd Jh 9h Ts 9c,4d Qc,1,1,5,0.0010897633985047037,9.992016378913245e-07,0.0011499379941040365,1.0027101746514295e-06,1,4,1.0,0.999975458592474,0.0,2.454140752597793e-05,1.0,0.99999
Jd Jh 9h Ts 9c,4d Qd,1,1,5,0.003198034908210191,9.992016378913245e-07,0.003370232063868196,1.004341242209478e-06,1,4,1.0,0.999975458592474,0.0,2.454140752597793e-05,1.0,0.99999
Jd Jh 9h Ts 9c,4d Qh,1,1,5,0.0010897633985047037,9.992016378913245e-07,0.001148652036672036,1.0027101746514293e-06,1,4,1.0,0.999975458592474,0.0,2.454140752597793e-05,1.0,0.99999
Jd Jh 9h Ts 9c,4d Qs,1,1,5,0.0010897633985047037,9.992016378913245e-07,0.0011499379941040365,1.0028369999064155e-06,1,4,1.0,0.999975458592474,0.0,2.454140752597793e-05,1.0,0.99999
Jd Jh 9h Ts 9c,4d Kc,1,1,5,0.00036325446616823463,9.992016378913245e-07,0.000364760076419261,1.0033985947598997e-06,1,2,1.0,0.999975458592474,0.0,2.454140752597793e-05,1.0,0.99999
Jd Jh 9h Ts 9c,4d Kd,1,1,5,0.0010897633985047037,9.992016378913245e-07,0.001095353061752571,1.007483489353231e-06,1,2,1.0,0.999975458592474,0.0,2.454140752597793e-05,1.0,0.99999
Jd Jh 9h Ts 9c,4d Kh,1,1,5,0.00036325446616823463,9.992016378913245e-07,0.00036476007641926105,1.0033985947598997e-06,1,2,1.0,0.999975458592474,0.0,2.454140752597793e-05,1.0,0.99999
Jd Jh 9h Ts 9c,4d Ks,1,1,5,0.00036325446616823463,9.992016378913245e-07,0.0003668893858653387,1.0066925825162156e-06,1,2,1.0,0.999975458592474,0.0,2.454140752597793e-05,1.0,0.99999
Jd Jh 9h Ts 9c,4d Ac,1,1,5,0.0010897633985047037,9.992016378913245e-07,0.0011597320753516359,9.983180822624027e-07,11,9,0.0,1e-05,1.0,0.99999,1.0,0.99999
Jd Jh 9h Ts 9c,4d Ad,1,1,5,0.0010897633985047037,9.992016378913245e-07,0.0011682704421401239,9.980149653753277e-07,7,9,0.0,1e-05,1.0,0.99999,1.0,0.99999
Jd Jh 9h Ts 9c,4d Ah,1,1,5,0.0010897633985047037,9.992016378913245e-07,0.00116951933646527,9.987329016410708e-07,7,9,0.0,1e-05,1.0,0.99999,1.0,0.99999
Jd Jh 9h Ts 9c,4d As,1,1,5,0.0010897633985047037,9.992016378913245e-07,0.0011597870640475446,9.976001459966594e-07,11,9,0.0,1e-05,1.0,0.99999,1.0,0.99999
Jd Jh 9h Ts 9c,4h 4s,1,1,5,0.0010897633985047037,9.992016378913245e-07,0.001175763572987142,1.0033765675433164e-06,9,13,0.0,4.901216236325383e-05,1.0,0.9999509878376367,0.0,5.180581853613921e-05
Jd Jh 9h Ts 9c,4h 5c,1,1,5,0.00036325446616823463,9.992016378913245e-07,0.0003311642520808516,1.0044180322661905e-06,2,13,0.0,0.3852842663581179,1.0,0.614715733641882,0.0,5.180581853613921e-05
Jd Jh 9h Ts 9c,4h 5d,1,1,5,0.00036325446616823463,9.992016378913245e-07,0.00033028866699061544,1.0044180322661905e-06,2,13,0.0,0.3852842663581179,1.0,0.614715733641882,0.0,5.180581853613921e-05
Jd Jh 9h Ts 9c,4h 5h,1,1,5,0.0010897633985047037,9.992016378913245e-07,0.0009913314150282902,1.005208939103206e-06,2,13,0.0,0.3852842663581179,1.0,0.614715733641882,0.0,5.180581853613921e-05
Jd Jh 9h Ts 9c,4h 5s,1,1,5,0.00036325446616823463,9.992016378913245e-07,0.000331009114062037,1.0040236673746863e-06,2,13,0.0,0.3852842663581179,1.0,0.614715733641882,0.0,5.180581853613921e-05
Jd Jh 9h Ts 9c,4h 6c,1,1,5,0.0010897633985047037,9.992016378913245e-07,0.0011562645083761963,9.981342578667507e-07,9,0,0.0,4.901216236325383e-05,1.0,0.9999509878376367,0.0,0.04823760830274542
Jd Jh 9h Ts 9c,4h 6d,1,1,5,0.0010897633985047037,9.992016378913245e-07,0.0011525972458794778,9.969489861382313e-07,9,13,0.0,4.901216236325383e-05,1.0,0.9999509878376367,0.0,5.180581853613921e-05
Jd Jh 9h Ts 9c,4h 6h,1,1,5,0.0010897633985047037,9.992016378913245e-07,0.0011519315599184373,9.98134257866751e-07,9,0,0.0,4.901216236325383e-05,1.0,0.9999509878376367,0.0,0.04823760830274542
Jd Jh 9h Ts 9c,4h 6s,1,1,5,0.0010897633985047037,9.992016378913245e-07,0.001155368097696547,9.969489861382313e-07,9,13,0.0,4.901216236325383e-05,1.0,0.9999509878376367,0.0,5.180581853613921e-05
Jd Jh 9h Ts 9c,4h 7c,1,1,5,0.0010897633985047037,9.992016378913245e-07,0.0011692770404622991,9.893073653964677e-07,9,13,0.0,4.901216236325383e-05,1.0,0.9999509878376367,0.0,5.180581853613921e-05
Jd Jh 9h Ts 9c,4h 7d,1,1,5,0.0010897633985047037,9.992016378913245e-07,0.001173042106363174,9.90098272233483e-07,9,13,0.0,4.901216236325383e-05,1.0,0.9999509878376367,0.0,5.180581853613921e-05
Jd Jh 9h Ts 9c,4h 7h,1,1,5,9.998960108148754e-07,9.992016378913245e-07,1.0763071362828061e-06,9.881220936679478e-07,9,13,0.0,4.901216236325383e-05,1.0,0.9999509878376367,0.0,5.180581853613921e-05
Jd Jh 9h Ts 9c,4h 7s,1,1,5,0.0010897633985047037,9.992016378913245e-07,0.0011692770404622991,9.90098272233483e-07,9,13,0.0,4.901216236325383e-05,1.0,0.9999509878376367,0.0,5.180581853613921e-05
Jd Jh 9h Ts 9c,4h 8c,1,1,5,0.0004982955923000485,9.992016378913245e-07,0.0005213917391898193,9.993915050552514e-07,9,13,0.0,4.901216236325383e-05,1.0,0.9999509878376367,0.0,5.180581853613921e-05
Jd Jh 9h Ts 9c,4h 8d,1,1,5,0.0004982955923000485,9.992016378913245e-07,0.0005220425776908486,9.992482464583581e-07,9,13,0.0,4.901216236325383e-05,1.0,0.9999509878376367,0.0,5.180581853613921e-05
Jd Jh 9h Ts 9c,4h 8h,1,1,5,0.0010897633985047037,0.0008672406923092954,0.0011405966877420224,0.0008679643430733773,9,13,0.0,4.901216236325383e-05,1.0,0.9999509878376367,0.0,5.180581853613921e-05
Jd Jh 9h Ts 9c,4h 8s,1,1,5,0.0004982955923000485,9.992016378913245e-07,0.0005223654242616145,1.0000391532953735e-06,9,13,0.0,4.901216236325383e-05,1.0,0.9999509878376367,0.0,5.180581853613921e-05
Jd Jh 9h Ts 9c,4h 9d,1,1,5,0.0010897633985047037,9.992016378913245e-07,0.0011405819211166672,9.955971356988902e-07,13,8,0.0,1e-05,1.0,0.99999,1.0,0.99999
Jd Jh 9h Ts 9c,4h 9s,1,1,5,0.0010897633985047037,9.992016378913245e-07,0.0011395103798199822,9.958975804034985e-07,13,8,0.0,1e-05,1.0,0.99999,1.0,0.99999
Jd Jh 9h Ts 9c,4h Tc,1,1,5,0.0010897633985047037,9.992016378913245e-07,0.0011449114414142378,1.003270312258499e-06,15,3,0.0,1e-05,1.0,0.99999,1.0,0.99999
Jd Jh 9h Ts 9c,4h Td,1,1,5,0.0010897633985047037,9.992016378913245e-07,0.001148643516980676,1.0020850405299795e-06,15,3,0.0,1e-05,1.0,0.99999,1.0,0.99999
Jd Jh 9h Ts 9c,4h Th,1,1,5,0.0010897633985047037,0.0018041434734570286,0.0011474621999042673,0.0018114898107995695,15,3,0.0,1e-05,1.0,0.99999,1.0,0.99999
Jd Jh 9h Ts 9c,4h Jc,1,1,5,0.0010897633985047037,0.0020332563633676053,0.0011108919201730514,0.0020298594251390214,6,1,0.0,1e-05,1.0,0.99999,1.0,0.99999
Jd Jh 9h Ts 9c,4h Js,1,1,5,0.0010897633985047037,0.0020332563633676053,0.0011135524544428046,0.0020280589074971136,6,1,0.0,1e-05,1.0,0.99999,1.0,0.99999
Jd Jh 9h Ts 9c,4h Qc,1,1,5,0.0010897633985047037,9.992016378913245e-07,0.0011499379941040365,1.00152490292291e-06,1,4,1.0,0.999975458592474,0.0,2.454140752597793e-05,1.0,0.99999
Jd Jh 9h Ts 9c,4h Qd,1,1,5,0.0010897633985047037,9.992016378913245e-07,0.0011484413563596836,1.0008608213408805e-06,1,4,1.0,0.999975458592474,0.0,2.454140752597793e-05,1.0,0.99999
Jd Jh 9h Ts 9c,4h Qh,1,1,5,0.003198034908210191,9.992016378913245e-07,0.003370850329258923,1.0038200520629878e-06,1,4,1.0,0.999975458592474,0.0,2.454140752597793e-05,1.0,0.99999
Jd Jh 9h Ts 9c,4h Qs,1,1,5,0.0010897633985047037,9.992016378913245e-07,0.0011499379941040367,1.0016517281778959e-06,1,4,1.0,0.999975458592474,0.0,2.454140752597793e-05,1.0,0.99999
Jd Jh 9h Ts 9c,4h Kc,1,1,5,0.00036325446616823463,9.992016378913245e-07,0.000364760076419261,1.00221332303138e-06,1,2,1.0,0.999975458592474,0.0,2.454140752597793e-05,1.0,0.99999
Jd Jh 9h Ts 9c,4h Kd,1,1,5,0.00036325446616823463,9.992016378913245e-07,0.000365117687250857,1.005507310787696e-06,1,2,1.0,0.999975458592474,0.0,2.454140752597793e-05,1.0,0.99999
Jd Jh 9h Ts 9c,4h Kh,1,1,5,0.0010897633985047037,9.992016378913245e-07,0.001094280229257783,1.0030042298683957e-06,1,2,1.0,0.999975458592474,0.0,2.454140752597793e-05,1.0,0.99999
Jd Jh 9h Ts 9c,4h Ks,1,1,5,0.00036325446616823463,9.992016378913245e-07,0.0003668893858653387,1.005507310787696e-06,1,2,1.0,0.999975458592474,0.0,2.454140752597793e-05,1.0,0.99999
Jd Jh 9h Ts 9c,4h Ac,1,1,5,0.0010897633985047037,9.992016378913245e-07,0.0011597320753516359,9.971328105338831e-07,11,9,0.0,1e-05,1.0,0.99999,1.0,0.99999
Jd Jh 9h Ts 9c,4h Ad,1,1,5,0.0010897633985047037,9.992016378913245e-07,0.0011682704421401239,9.96829693646808e-07,7,9,0.0,1e-05,1.0,0.99999,1.0,0.99999
Jd Jh 9h Ts 9c,4h Ah,1,1,5,0.0010897633985047037,9.992016378913245e-07,0.00116951933646527,9.975476299125512e-07,7,9,0.0,1e-05,1.0,0.99999,1.0,0.99999
Jd Jh 9h Ts 9c,4h As,1,1,5,0.0010897633985047037,9.992016378913245e-07,0.0011597870640475448,9.964148742681398e-07,11,9,0.0,1e-05,1.0,0.99999,1.0,0.99999
Jd Jh 9h Ts 9c,4s 5c,1,1,5,0.00036325446616823463,9.992016378913245e-07,0.00033268218655046203,1.0056033039947101e-06,2,13,0.0,0.3852842663581179,1.0,0.614715733641882,0.0,5.180581853613921e-05
Jd Jh 9h Ts 9c,4s 5d,1,1,5,0.00036325446616823463,9.992016378913245e-07,0.0003318066014602259,1.0056033039947101e-06,2,13,0.0,0.3852842663581179,1.0,0.614715733641882,0.0,5.180581853613921e-05
Jd Jh 9h Ts 9c,4s 5h,1,1,5,0.00036325446616823463,9.992016378913245e-07,0.0003319617394790405,1.0056033039947101e-06,2,13,0.0,0.3852842663581179,1.0,0.614715733641882,0.0,5.180581853613921e-05
Jd Jh 9h Ts 9c,4s 5s,1,1,5,0.0010897633985047037,9.992016378913245e-07,0.0009975811455949423,1.0059998459402216e-06,2,13,0.0,0.3852842663581179,1.0,0.614715733641882,0.0,5.180581853613921e-05
Jd Jh 9h Ts 9c,4s 6c,1,1,5,0.0010897633985047037,9.992016378913245e-07,0.0011608183117850276,9.993195295952705e-07,9,0,0.0,4.901216236325383e-05,1.0,0.9999509878376367,0.0,0.04823760830274542
Jd Jh 9h Ts 9c,4s 6d,1,1,5,0.0010897633985047037,9.992016378913245e-07,0.0011571510492883093,9.98134257866751e-07,9,0,0.0,4.901216236325383e-05,1.0,0.9999509878376367,0.0,0.04823760830274542
Jd Jh 9h Ts 9c,4s 6h,1,1,5,0.0010897633985047037,9.992016378913245e-07,0.0011564853633272687,9.993195295952705e-07,9,0,0.0,4.901216236325383e-05,1.0,0.9999509878376367,0.0,0.04823760830274542
Jd Jh 9h Ts 9c,4s 6s,1,1,5,0.0010897633985047037,9.992016378913245e-07,0.0011599219011053784,9.98134257866751e-07,9,0,0.0,4.901216236325383e-05,1.0,0.9999509878376367,0.0,0.04823760830274542
Jd Jh 9h Ts 9c,4s 7c,1,1,5,0.0010897633985047037,9.992016378913245e-07,0.0011738308438711306,9.90492637124987e-07,9,13,0.0,4.901216236325383e-05,1.0,0.9999509878376367,0.0,5.180581853613921e-05
Jd Jh 9h Ts 9c,4s 7d,1,1,5,0.0010897633985047037,9.992016378913245e-07,0.0011775959097720052,9.912835439620027e-07,9,13,0.0,4.901216236325383e-05,1.0,0.9999509878376367,0.0,5.180581853613921e-05
Jd Jh 9h Ts 9c,4s 7h,1,1,5,0.0010897633985047037,9.992016378913245e-07,0.0011775959097720052,9.90492637124987e-07,9,13,0.0,4.901216236325383e-05,1.0,0.9999509878376367,0.0,5.180581853613921e-05
Jd Jh 9h Ts 9c,4s 7s,1,1,5,9.998960108148754e-07,9.992016378913245e-07,1.0770308305166813e-06,9.90098272233483e-07,9,13,0.0,4.901216236325383e-05,1.0,0.9999509878376367,0.0,5.180581853613921e-05
Jd Jh 9h Ts 9c,4s 8c,1,1,5,0.0004982955923000485,9.992016378913245e-07,0.0005234739711402914,1.000576776783771e-06,9,13,0.0,4.901216236325383e-05,1.0,0.9999509878376367,0.0,5.180581853613921e-05
Jd Jh 9h Ts 9c,4s 8d,1,1,5,0.0004982955923000485,9.992016378913245e-07,0.0005241248096413207,1.0004335181868777e-06,9,13,0.0,4.901216236325383e-05,1.0,0.9999509878376367,0.0,5.180581853613921e-05
Jd Jh 9h Ts 9c,4s 8h,1,1,5,0.0004982955923000485,9.992016378913245e-07,0.0005231511245695254,1.000576776783771e-06,9,13,0.0,4.901216236325383e-05,1.0,0.9999509878376367,0.0,5.180581853613921e-05
Jd Jh 9h Ts 9c,4s 8s,1,1,5,0.0010897633985047037,0.0008672406923092954,0.001147985982274796,0.0008695551959325731,9,13,0.0,4.901216236325383e-05,1.0,0.9999509878376367,0.0,5.180581853613921e-05
Jd Jh 9h Ts 9c,4s 9d,1,1,5,0.0010897633985047037,9.992016378913245e-07,0.0011451357245254987,9.967824074274098e-07,13,8,0.0,1e-05,1.0,0.99999,1.0,0.99999
Jd Jh 9h Ts 9c,4s 9s,1,1,5,9.998960108148754e-07,9.992016378913245e-07,1.0497188788835354e-06,9.958975804034985e-07,13,8,0.0,1e-05,1.0,0.99999,1.0,0.99999
Jd Jh 9h Ts 9c,4s Tc,1,1,5,0.0010897633985047037,9.992016378913245e-07,0.0011494652448230693,1.0044555839870187e-06,15,3,0.0,1e-05,1.0,0.99999,1.0,0.99999
Jd Jh 9h Ts 9c,4s Td,1,1,5,0.0010897633985047037,9.992016378913245e-07,0.0011531973203895074,1.003270312258499e-06,15,3,0.0,1e-05,1.0,0.99999,1.0,0.99999
Jd Jh 9h Ts 9c,4s Th,1,1,5,0.0010897633985047037,9.992016378913245e-07,0.0011498751154102576,1.0044555839870187e-06,15,3,0.0,1e-05,1.0,0.99999,1.0,0.99999
Jd Jh 9h Ts 9c,4s Jc,1,1,5,0.0010897633985047037,0.0020332563633676053,0.0011154457235818828,0.00203227131198242,6,1,0.0,1e-05,1.0,0.99999,1.0,0.99999
Jd Jh 9h Ts 9c,4s Js,1,1,5,0.0010897633985047037,9.992016378913245e-07,0.0011156933423456458,9.97832727809728e-07,6,1,0.0,1e-05,1.0,0.99999,1.0,0.99999
Jd Jh 9h Ts 9c,4s Qc,1,1,5,0.0010897633985047037,9.992016378913245e-07,0.001154491797512868,1.0027101746514295e-06,1,4,1.0,0.999975458592474,0.0,2.454140752597793e-05,1.0,0.99999
Jd Jh 9h Ts 9c,4s Qd,1,1,5,0.0010897633985047037,9.992016378913245e-07,0.0011529951597685148,1.0020460930693999e-06,1,4,1.0,0.999975458592474,0.0,2.454140752597793e-05,1.0,0.99999
Jd Jh 9h Ts 9c,4s Qh,1,1,5,0.0010897633985047037,9.992016378913245e-07,0.0011532058400808675,1.0027101746514293e-06,1,4,1.0,0.999975458592474,0.0,2.454140752597793e-05,1.0,0.99999
Jd Jh 9h Ts 9c,4s Qs,1,1,5,0.003198034908210191,9.992016378913245e-07,0.0033879877730840723,1.0051321490464936e-06,1,4,1.0,0.999975458592474,0.0,2.454140752597793e-05,1.0,0.99999
Jd Jh 9h Ts 9c,4s Kc,1,1,5,0.00036325446616823463,9.992016378913245e-07,0.00036627801088887145,1.0033985947598997e-06,1,2,1.0,0.999975458592474,0.0,2.454140752597793e-05,1.0,0.99999
Jd Jh 9h Ts 9c,4s Kd,1,1,5,0.00036325446616823463,9.992016378913245e-07,0.00036663562172046746,1.0066925825162156e-06,1,2,1.0,0.999975458592474,0.0,2.454140752597793e-05,1.0,0.99999
Jd Jh 9h Ts 9c,4s Kh,1,1,5,0.00036325446616823463,9.992016378913245e-07,0.0003662780108888715,1.0033985947598997e-06,1,2,1.0,0.999975458592474,0.0,2.454140752597793e-05,1.0,0.99999
Jd Jh 9h Ts 9c,4s Ks,1,1,5,0.0010897633985047037,9.992016378913245e-07,0.0011052219610048477,1.007483489353231e-06,1,2,1.0,0.999975458592474,0.0,2.454140752597793e-05,1.0,0.99999
Jd Jh 9h Ts 9c,4s Ac,1,1,5,0.0010897633985047037,9.992016378913245e-07,0.0011642858787604673,9.983180822624027e-07,11,9,0.0,1e-05,1.0,0.99999,1.0,0.99999
Jd Jh 9h Ts 9c,4s Ad,1,1,5,0.0010897633985047037,9.992016378913245e-07,0.0011728242455489553,9.980149653753277e-07,7,9,0.0,1e-05,1.0,0.99999,1.0,0.99999
Jd Jh 9h Ts 9c,4s Ah,1,1,5,0.0010897633985047037,9.992016378913245e-07,0.0011740731398741013,9.987329016410708e-07,7,9,0.0,1e-05,1.0,0.99999,1.0,0.99999
Jd Jh 9h Ts 9c,4s As,1,1,5,0.0010897633985047037,9.992016378913245e-07,0.001164340867456376,9.976001459966594e-07,11,9,0.0,1e-05,1.0,0.99999,1.0,0.99999
Jd Jh 9h Ts 9c,5c 5d,1,1,5,0.0010897633985047037,9.992016378913245e-07,0.0008131489876360906,1.0082265823916153e-06,7,0,1.0,1e-05,0.0,0.99999,0.0,0.04823760830274542
Jd Jh 9h Ts 9c,5c 5h,1,1,5,0.0010897633985047037,9.992016378913245e-07,0.0008136144016925345,1.0082265823916153e-06,7,0,1.0,1e-05,0.0,0.99999,0.0,0.04823760830274542
Jd Jh 9h Ts 9c,5c 5s,1,1,5,0.0010897633985047037,9.992016378913245e-07,0.0008153103288503552,1.0078322175001113e-06,7,0,1.0,1e-05,0.0,0.99999,0.0,0.04823760830274542
Jd Jh 9h Ts 9c,5c 6c,1,1,5,0.0010897633985047037,9.992016378913245e-07,0.0009785474950404407,1.0011519011551599e-06,2,0,0.0,0.3852842663581179,1.0,0.614715733641882,0.0,0.04823760830274542
Jd Jh 9h Ts 9c,5c 6d,1,1,5,0.0010897633985047037,9.992016378913245e-07,0.0009748802325437221,9.999666294266405e-07,2,0,0.0,0.3852842663581179,1.0,0.614715733641882,0.0,0.04823760830274542
Jd Jh 9h Ts 9c,5c 6h,1,1,5,0.0010897633985047037,9.992016378913245e-07,0.0009742145465826816,1.0011519011551599e-06,2,0,0.0,0.3852842663581179,1.0,0.614715733641882,0.0,0.04823760830274542
Jd Jh 9h Ts 9c,5c 6s,1,1,5,0.0010897633985047037,9.992016378913245e-07,0.0009776510843607913,9.999666294266405e-07,2,0,0.0,0.3852842663581179,1.0,0.614715733641882,0.0,0.04823760830274542
Jd Jh 9h Ts 9c,5c 7c,1,1,5,0.0010897633985047037,9.992016378913245e-07,0.0009915600271265435,9.923250086848766e-07,2,0,0.0,0.3852842663581179,1.0,0.614715733641882,0.0,0.04823760830274542
Jd Jh 9h Ts 9c,5c 7d,1,1,5,0.0007673988329784431,9.992016378913245e-07,0.0007008964660323964,9.927649764934258e-07,2,0,0.0,0.3852842663581179,1.0,0.614715733641882,0.0,0.04823760830274542
Jd Jh 9h Ts 9c,5c 7h,1,1,5,0.0007673988329784431,9.992016378913245e-07,0.0007008964660323964,9.919740696564106e-07,2,0,0.0,0.3852842663581179,1.0,0.614715733641882,0.0,0.04823760830274542
Jd Jh 9h Ts 9c,5c 7s,1,1,5,0.0007673988329784431,9.992016378913245e-07,0.0006982451499922516,9.92764976493426e-07,2,0,0.0,0.3852842663581179,1.0,0.614715733641882,0.0,0.04823760830274542
Jd Jh 9h Ts 9c,5c 8c,1,1,5,0.0010897633985047037,0.003753946675025312,0.0009670131435465404,0.003768416200029174,2,13,0.0,0.3852842663581179,1.0,0.614715733641882,0.0,5.180581853613921e-05
Jd Jh 9h Ts 9c,5c 8d,1,1,5,0.0010897633985047037,0.003445998491831961,0.0009680708861223839,0.003458786972336784,2,13,0.0,0.3852842663581179,1.0,0.614715733641882,0.0,5.180581853613921e-05
Jd Jh 9h Ts 9c,5c 8h,1,1,5,0.0010897633985047037,0.003445998491831961,0.0009659414545775151,0.003459281035687079,2,13,0.0,0.3852842663581179,1.0,0.614715733641882,0.0,5.180581853613921e-05
Jd Jh 9h Ts 9c,5c 8s,1,1,5,0.0010897633985047037,0.003445998491831961,0.0009687769457014572,0.0034615146137498697,2,13,0.0,0.3852842663581179,1.0,0.614715733641882,0.0,5.180581853613921e-05
Jd Jh 9h Ts 9c,5c 9d,1,1,5,0.0010897633985047037,0.001475008790750801,0.0009646150113901031,0.0014741424770763904,13,8,0.0,1e-05,1.0,0.99999,1.0,0.99999
Jd Jh 9h Ts 9c,5c 9s,1,1,5,0.0010897633985047037,0.001475008790750801,0.000963543470093418,0.0014745859897405283,13,8,0.0,1e-05,1.0,0.99999,1.0,0.99999
Jd Jh 9h Ts 9c,5c Tc,1,1,5,9.998960108148754e-07,9.992016378913245e-07,8.874346960496443e-07,1.0051026838183886e-06,9,3,0.0,4.901216236325383e-05,1.0,0.9999509878376367,1.0,0.99999
Jd Jh 9h Ts 9c,5c Td,1,1,5,0.0003632544661682346,9.992016378913245e-07,0.0003236421678816401,1.0043117769813732e-06,9,3,0.0,4.901216236325383e-05,1.0,0.9999509878376367,1.0,0.99999
Jd Jh 9h Ts 9c,5c Th,1,1,5,0.0003632544661682346,9.992016378913245e-07,0.00032253476622189005,1.0054970487098928e-06,9,3,0.0,4.901216236325383e-05,1.0,0.9999509878376367,1.0,0.99999
Jd Jh 9h Ts 9c,5c Jc,1,1,5,0.0010897633985047037,9.992016378913245e-07,0.0009307619913313057,1.0005499263935288e-06,6,1,0.0,1e-05,1.0,0.99999,1.0,0.99999
Jd Jh 9h Ts 9c,5c Js,1,1,5,0.0010897633985047037,0.0018213700976459416,0.0009355838668153235,0.0018222149069876549,6,1,0.0,1e-05,1.0,0.99999,1.0,0.99999
Jd Jh 9h Ts 9c,5c Qc,1,1,5,0.0010897633985047037,9.992016378913245e-07,0.0009722209807682808,1.004542546211319e-06,1,4,1.0,0.999975458592474,0.0,2.454140752597793e-05,1.0,0.99999
Jd Jh 9h Ts 9c,5c Qd,1,1,5,9.998960108148754e-07,0.0032624854635945268,8.942265688910188e-07,0.003273885712584962,1,4,1.0,0.999975458592474,0.0,2.454140752597793e-05,1.0,0.99999
Jd Jh 9h Ts 9c,5c Qh,1,1,5,9.998960108148754e-07,0.0032624854635945268,8.94419875441934e-07,0.003276054000171624,1,4,1.0,0.999975458592474,0.0,2.454140752597793e-05,1.0,0.99999
Jd Jh 9h Ts 9c,5c Qs,1,1,5,9.998960108148754e-07,0.0032624854635945268,8.955997863364447e-07,0.003276468096321108,1,4,1.0,0.999975458592474,0.0,2.454140752597793e-05,1.0,0.99999
Jd Jh 9h Ts 9c,5c Kc,1,1,5,0.0010897633985047037,9.992016378913245e-07,0.0009165632159220276,1.0060218731568047e-06,1,2,1.0,0.999975458592474,0.0,2.454140752597793e-05,1.0,0.99999
Jd Jh 9h Ts 9c,5c Kd,1,1,5,9.998960108148754e-07,0.016344796403730263,8.59768029734625e-07,0.016490854902288722,1,12,1.0,0.999975458592474,0.0,2.454140752597793e-05,1.0,0.99999
Jd Jh 9h Ts 9c,5c Kh,1,1,5,9.998960108148754e-07,0.016344796403730263,8.587836684197901e-07,0.016436972325247524,1,2,1.0,0.999975458592474,0.0,2.454140752597793e-05,1.0,0.99999
Jd Jh 9h Ts 9c,5c Ks,1,1,5,9.998960108148754e-07,0.016344796403730263,8.646448159601964e-07,0.016490854902288726,1,12,1.0,0.999975458592474,0.0,2.454140752597793e-05,1.0,0.99999
Jd Jh 9h Ts 9c,5c Ac,1,1,5,0.0010897633985047037,9.992016378913245e-07,0.0009820150620158802,1.0001504538222923e-06,4,9,0.0,1e-05,1.0,0.99999,1.0,0.99999
Jd Jh 9h Ts 9c,5c Ad,1,1,5,0.0016328006914575045,9.992016378913245e-07,0.001484153648119054,1.0004385091681166e-06,4,9,0.0,1e-05,1.0,0.99999,1.0,0.99999
Jd Jh 9h Ts 9c,5c Ah,1,1,5,0.0016328006914575045,9.992016378913245e-07,0.0014860248758740457,1.00115644543386e-06,4,9,0.0,1e-05,1.0,0.99999,1.0,0.99999
Jd Jh 9h Ts 9c,5c As,1,1,5,0.0016328006914575045,9.992016378913245e-07,0.0014714429389555187,1.0000236897894483e-06,4,9,0.0,1e-05,1.0,0.99999,1.0,0.99999
Jd Jh 9h Ts 9c,5d 5h,1,1,5,0.0010897633985047037,9.992016378913245e-07,0.000810987646421826,1.0082265823916153e-06,7,0,1.0,1e-05,0.0,0.99999,0.0,0.04823760830274542
Jd Jh 9h Ts 9c,5d 5s,1,1,5,0.0010897633985047037,9.992016378913245e-07,0.0008126835735796469,1.0078322175001113e-06,7,0,1.0,1e-05,0.0,0.99999,0.0,0.04823760830274542
Jd Jh 9h Ts 9c,5d 6c,1,1,5,0.0010897633985047037,9.992016378913245e-07,0.0009759207397697323,1.0011519011551599e-06,2,0,0.0,0.3852842663581179,1.0,0.614715733641882,0.0,0.04823760830274542
Jd Jh 9h Ts 9c,5d 6d,1,1,5,0.0010897633985047037,9.992016378913245e-07,0.0009722534772730136,9.999666294266405e-07,2,0,0.0,0.3852842663581179,1.0,0.614715733641882,0.0,0.04823760830274542
Jd Jh 9h Ts 9c,5d 6h,1,1,5,0.0010897633985047037,9.992016378913245e-07,0.0009715877913119731,1.0011519011551599e-06,2,0,0.0,0.3852842663581179,1.0,0.614715733641882,0.0,0.04823760830274542
Jd Jh 9h Ts 9c,5d 6s,1,1,5,0.0010897633985047037,9.992016378913245e-07,0.0009750243290900829,9.999666294266405e-07,2,0,0.0,0.3852842663581179,1.0,0.614715733641882,0.0,0.04823760830274542
Jd Jh 9h Ts 9c,5d 7c,1,1,5,0.0007673988329784431,9.992016378913245e-07,0.0006963954191864386,9.919740696564104e-07,2,0,0.0,0.3852842663581179,1.0,0.614715733641882,0.0,0.04823760830274542
Jd Jh 9h Ts 9c,5d 7d,1,1,5,0.0010897633985047037,9.992016378913245e-07,0.0009926983377567097,9.93115915521892e-07,2,0,0.0,0.3852842663581179,1.0,0.614715733641882,0.0,0.04823760830274542
Jd Jh 9h Ts 9c,5d 7h,1,1,5,0.0007673988329784431,9.992016378913245e-07,0.0006990467352265833,9.919740696564104e-07,2,0,0.0,0.3852842663581179,1.0,0.614715733641882,0.0,0.04823760830274542
Jd Jh 9h Ts 9c,5d 7s,1,1,5,0.0007673988329784431,9.992016378913245e-07,0.0006963954191864386,9.927649764934258e-07,2,0,0.0,0.3852842663581179,1.0,0.614715733641882,0.0,0.04823760830274542
Jd Jh 9h Ts 9c,5d 8c,1,1,5,0.0010897633985047037,0.003445998491831961,0.0009640207588858799,0.003459281035687079,2,13,0.0,0.3852842663581179,1.0,0.614715733641882,0.0,5.180581853613921e-05
Jd Jh 9h Ts 9c,5d 8d,1,1,5,0.0010897633985047037,0.003753946675025312,0.0009658097602416274,0.003767877985205376,2,13,0.0,0.3852842663581179,1.0,0.614715733641882,0.0,5.180581853613921e-05
Jd Jh 9h Ts 9c,5d 8h,1,1,5,0.0010897633985047037,0.003445998491831961,0.0009633146993068066,0.003459281035687079,2,13,0.0,0.3852842663581179,1.0,0.614715733641882,0.0,5.180581853613921e-05
Jd Jh 9h Ts 9c,5d 8s,1,1,5,0.0010897633985047037,0.003445998491831961,0.0009661501904307489,0.0034615146137498697,2,13,0.0,0.3852842663581179,1.0,0.614715733641882,0.0,5.180581853613921e-05
Jd Jh 9h Ts 9c,5d 9d,1,1,5,0.0010897633985047037,0.0018669997440309812,0.0009624536701758384,0.0018659032031707065,13,8,0.0,1e-05,1.0,0.99999,1.0,0.99999
Jd Jh 9h Ts 9c,5d 9s,1,1,5,0.0010897633985047037,0.001475008790750801,0.0009609167148227095,0.0014745859897405283,13,8,0.0,1e-05,1.0,0.99999,1.0,0.99999
Jd Jh 9h Ts 9c,5d Tc,1,1,5,0.0003632544661682346,9.992016378913245e-07,0.00032152255760259114,1.0054970487098928e-06,9,3,0.0,4.901216236325383e-05,1.0,0.9999509878376367,1.0,0.99999
Jd Jh 9h Ts 9c,5d Td,1,1,5,9.998960108148754e-07,9.992016378913245e-07,8.884488660574545e-07,1.003917412089869e-06,9,3,0.0,4.901216236325383e-05,1.0,0.9999509878376367,1.0,0.99999
Jd Jh 9h Ts 9c,5d Th,1,1,5,0.0003632544661682346,9.992016378913245e-07,0.0003216591811316539,1.0054970487098928e-06,9,3,0.0,4.901216236325383e-05,1.0,0.9999509878376367,1.0,0.99999
Jd Jh 9h Ts 9c,5d Jc,1,1,5,0.0010897633985047037,0.0018213700976459416,0.0009302965772748619,0.0018238277921369843,6,1,0.0,1e-05,1.0,0.99999,1.0,0.99999
Jd Jh 9h Ts 9c,5d Js,1,1,5,0.0010897633985047037,0.0018213700976459416,0.000932957111544615,0.0018222149069876549,6,1,0.0,1e-05,1.0,0.99999,1.0,0.99999
Jd Jh 9h Ts 9c,5d Qc,1,1,5,9.998960108148754e-07,0.0032624854635945268,8.93189646557322e-07,0.003276054000171624,1,4,1.0,0.999975458592474,0.0,2.454140752597793e-05,1.0,0.99999
Jd Jh 9h Ts 9c,5d Qd,1,1,5,0.0010897633985047037,9.992016378913245e-07,0.0009680975877532195,1.0038784646292896e-06,1,4,1.0,0.999975458592474,0.0,2.454140752597793e-05,1.0,0.99999
Jd Jh 9h Ts 9c,5d Qh,1,1,5,9.998960108148754e-07,0.0032624854635945268,8.920097356628111e-07,0.003276054000171624,1,4,1.0,0.999975458592474,0.0,2.454140752597793e-05,1.0,0.99999
Jd Jh 9h Ts 9c,5d Qs,1,1,5,9.998960108148754e-07,0.0032624854635945268,8.93189646557322e-07,0.003276468096321108,1,4,1.0,0.999975458592474,0.0,2.454140752597793e-05,1.0,0.99999
Jd Jh 9h Ts 9c,5d Kc,1,1,5,9.998960108148754e-07,0.016344796403730263,8.563735286406672e-07,0.016436972325247524,1,2,1.0,0.999975458592474,0.0,2.454140752597793e-05,1.0,0.99999
Jd Jh 9h Ts 9c,5d Kd,1,1,5,0.0010897633985047037,9.992016378913245e-07,0.0009150092931461068,1.0093158609131207e-06,1,12,1.0,0.999975458592474,0.0,2.454140752597793e-05,1.0,0.99999
Jd Jh 9h Ts 9c,5d Kh,1,1,5,9.998960108148754e-07,0.016344796403730263,8.563735286406673e-07,0.016436972325247524,1,2,1.0,0.999975458592474,0.0,2.454140752597793e-05,1.0,0.99999
Jd Jh 9h Ts 9c,5d Ks,1,1,5,9.998960108148754e-07,0.016344796403730263,8.622346761810736e-07,0.016490854902288726,1,12,1.0,0.999975458592474,0.0,2.454140752597793e-05,1.0,0.99999
Jd Jh 9h Ts 9c,5d Ac,1,1,5,0.0016328006914575045,9.992016378913245e-07,0.00146742486181234,1.0007416260551916e-06,4,9,0.0,1e-05,1.0,0.99999,1.0,0.99999
Jd Jh 9h Ts 9c,5d Ad,1,1,5,0.0010897633985047037,9.992016378913245e-07,0.0009879266735336601,9.998473369352173e-07,4,9,0.0,1e-05,1.0,0.99999,1.0,0.99999
Jd Jh 9h Ts 9c,5d Ah,1,1,5,0.0016328006914575045,9.992016378913245e-07,0.0014820891887072831,1.00115644543386e-06,4,9,0.0,1e-05,1.0,0.99999,1.0,0.99999
Jd Jh 9h Ts 9c,5d As,1,1,5,0.0016328006914575045,9.992016378913245e-07,0.0014675072517887564,1.0000236897894483e-06,4,9,0.0,1e-05,1.0,0.99999,1.0,0.99999
Jd Jh 9h Ts 9c,5h 5s,1,1,5,0.0010897633985047037,9.992016378913245e-07,0.0008131489876360906,1.0078322175001113e-06,7,0,1.0,1e-05,0.0,0.99999,0.0,0.04823760830274542
Jd Jh 9h Ts 9c,5h 6c,1,1,5,0.0010897633985047037,9.992016378913245e-07,0.0009763861538261761,1.0011519011551599e-06,2,0,0.0,0.3852842663581179,1.0,0.614715733641882,0.0,0.04823760830274542
Jd Jh 9h Ts 9c,5h 6d,1,1,5,0.0010897633985047037,9.992016378913245e-07,0.0009727188913294575,9.999666294266405e-07,2,0,0.0,0.3852842663581179,1.0,0.614715733641882,0.0,0.04823760830274542
Jd Jh 9h Ts 9c,5h 6h,1,1,5,0.0010897633985047037,9.992016378913245e-07,0.0009720532053684169,1.0011519011551599e-06,2,0,0.0,0.3852842663581179,1.0,0.614715733641882,0.0,0.04823760830274542
Jd Jh 9h Ts 9c,5h 6s,1,1,5,0.0010897633985047037,9.992016378913245e-07,0.0009754897431465267,9.999666294266405e-07,2,0,0.0,0.3852842663581179,1.0,0.614715733641882,0.0,0.04823760830274542
Jd Jh 9h Ts 9c,5h 7c,1,1,5,0.0007673988329784431,9.992016378913245e-07,0.0006967231584041962,9.919740696564104e-07,2,0,0.0,0.3852842663581179,1.0,0.614715733641882,0.0,0.04823760830274542
Jd Jh 9h Ts 9c,5h 7d,1,1,5,0.0007673988329784431,9.992016378913245e-07,0.0006993744744443408,9.927649764934258e-07,2,0,0.0,0.3852842663581179,1.0,0.614715733641882,0.0,0.04823760830274542
Jd Jh 9h Ts 9c,5h 7h,1,1,5,0.0010897633985047037,9.992016378913245e-07,0.0009931637518131534,9.923250086848768e-07,2,0,0.0,0.3852842663581179,1.0,0.614715733641882,0.0,0.04823760830274542
Jd Jh 9h Ts 9c,5h 7s,1,1,5,0.0007673988329784431,9.992016378913245e-07,0.0006967231584041962,9.927649764934258e-07,2,0,0.0,0.3852842663581179,1.0,0.614715733641882,0.0,0.04823760830274542
Jd Jh 9h Ts 9c,5h 8c,1,1,5,0.0010897633985047037,0.003445998491831961,0.0009644861729423237,0.003459281035687079,2,13,0.0,0.3852842663581179,1.0,0.614715733641882,0.0,5.180581853613921e-05
Jd Jh 9h Ts 9c,5h 8d,1,1,5,0.0010897633985047037,0.003445998491831961,0.0009659095449081193,0.003458786972336784,2,13,0.0,0.3852842663581179,1.0,0.614715733641882,0.0,5.180581853613921e-05
Jd Jh 9h Ts 9c,5h 8h,1,1,5,0.0010897633985047037,0.003753946675025312,0.0009641457427532023,0.0037684162000291743,2,13,0.0,0.3852842663581179,1.0,0.614715733641882,0.0,5.180581853613921e-05
Jd Jh 9h Ts 9c,5h 8s,1,1,5,0.0010897633985047037,0.003445998491831961,0.0009666156044871926,0.0034615146137498697,2,13,0.0,0.3852842663581179,1.0,0.614715733641882,0.0,5.180581853613921e-05
Jd Jh 9h Ts 9c,5h 9d,1,1,5,0.0010897633985047037,0.001475008790750801,0.0009624536701758385,0.0014741424770763904,13,8,0.0,1e-05,1.0,0.99999,1.0,0.99999
Jd Jh 9h Ts 9c,5h 9s,1,1,5,0.0010897633985047037,0.001475008790750801,0.0009613821288791532,0.0014745859897405283,13,8,0.0,1e-05,1.0,0.99999,1.0,0.99999
Jd Jh 9h Ts 9c,5h Tc,1,1,5,0.0003632544661682346,9.992016378913245e-07,0.0003216776956214058,1.0054970487098928e-06,9,3,0.0,4.901216236325383e-05,1.0,0.9999509878376367,1.0,0.99999
Jd Jh 9h Ts 9c,5h Td,1,1,5,0.0003632544661682346,9.992016378913245e-07,0.0003229217208102185,1.0043117769813732e-06,9,3,0.0,4.901216236325383e-05,1.0,0.9999509878376367,1.0,0.99999
Jd Jh 9h Ts 9c,5h Th,1,1,5,9.998960108148754e-07,9.992016378913245e-07,8.858276605266343e-07,1.0051026838183886e-06,9,3,0.0,4.901216236325383e-05,1.0,0.9999509878376367,1.0,0.99999
Jd Jh 9h Ts 9c,5h Jc,1,1,5,0.0010897633985047037,0.0018213700976459416,0.0009307619913313057,0.0018238277921369846,6,1,0.0,1e-05,1.0,0.99999,1.0,0.99999
Jd Jh 9h Ts 9c,5h Js,1,1,5,0.0010897633985047037,0.0018213700976459416,0.0009334225256010588,0.001822214906987655,6,1,0.0,1e-05,1.0,0.99999,1.0,0.99999
Jd Jh 9h Ts 9c,5h Qc,1,1,5,9.998960108148754e-07,0.0032624854635945268,8.936166802226606e-07,0.003276054000171624,1,4,1.0,0.999975458592474,0.0,2.454140752597793e-05,1.0,0.99999
Jd Jh 9h Ts 9c,5h Qd,1,1,5,9.998960108148754e-07,0.0032624854635945268,8.922434627772344e-07,0.003273885712584962,1,4,1.0,0.999975458592474,0.0,2.454140752597793e-05,1.0,0.99999
Jd Jh 9h Ts 9c,5h Qh,1,1,5,0.0010897633985047037,9.992016378913245e-07,0.0009687736821220158,1.004542546211319e-06,1,4,1.0,0.999975458592474,0.0,2.454140752597793e-05,1.0,0.99999
Jd Jh 9h Ts 9c,5h Qs,1,1,5,9.998960108148754e-07,0.0032624854635945268,8.936166802226603e-07,0.003276468096321108,1,4,1.0,0.999975458592474,0.0,2.454140752597793e-05,1.0,0.99999
Jd Jh 9h Ts 9c,5h Kc,1,1,5,9.998960108148754e-07,0.016344796403730263,8.568005623060058e-07,0.016436972325247524,1,2,1.0,0.999975458592474,0.0,2.454140752597793e-05,1.0,0.99999
Jd Jh 9h Ts 9c,5h Kd,1,1,5,9.998960108148754e-07,0.016344796403730263,8.577849236208406e-07,0.016490854902288722,1,12,1.0,0.999975458592474,0.0,2.454140752597793e-05,1.0,0.99999
Jd Jh 9h Ts 9c,5h Kh,1,1,5,0.0010897633985047037,9.992016378913245e-07,0.0009144018747077628,1.0060218731568047e-06,1,2,1.0,0.999975458592474,0.0,2.454140752597793e-05,1.0,0.99999
Jd Jh 9h Ts 9c,5h Ks,1,1,5,9.998960108148754e-07,0.016344796403730263,8.62661709846412e-07,0.016490854902288726,1,12,1.0,0.999975458592474,0.0,2.454140752597793e-05,1.0,0.99999
Jd Jh 9h Ts 9c,5h Ac,1,1,5,0.0016328006914575045,9.992016378913245e-07,0.0014681221951915102,1.0007416260551916e-06,4,9,0.0,1e-05,1.0,0.99999,1.0,0.99999
Jd Jh 9h Ts 9c,5h Ad,1,1,5,0.0016328006914575045,9.992016378913245e-07,0.0014809152943314622,1.0004385091681166e-06,4,9,0.0,1e-05,1.0,0.99999,1.0,0.99999
Jd Jh 9h Ts 9c,5h Ah,1,1,5,0.0010897633985047037,9.992016378913245e-07,0.0009896409819152498,1.0005652732009604e-06,4,9,0.0,1e-05,1.0,0.99999,1.0,0.99999
Jd Jh 9h Ts 9c,5h As,1,1,5,0.0016328006914575045,9.992016378913245e-07,0.0014682045851679268,1.0000236897894483e-06,4,9,0.0,1e-05,1.0,0.99999,1.0,0.99999
Jd Jh 9h Ts 9c,5s 6c,1,1,5,0.0010897633985047037,9.992016378913245e-07,0.0009780820809839968,1.0007575362636559e-06,2,0,0.0,0.3852842663581179,1.0,0.614715733641882,0.0,0.04823760830274542
Jd Jh 9h Ts 9c,5s 6d,1,1,5,0.0010897633985047037,9.992016378913245e-07,0.0009744148184872782,9.995722645351363e-07,2,0,0.0,0.3852842663581179,1.0,0.614715733641882,0.0,0.04823760830274542
Jd Jh 9h Ts 9c,5s 6h,1,1,5,0.0010897633985047037,9.992016378913245e-07,0.0009737491325262377,1.0007575362636559e-06,2,0,0.0,0.3852842663581179,1.0,0.614715733641882,0.0,0.04823760830274542
Jd Jh 9h Ts 9c,5s 6s,1,1,5,0.0010897633985047037,9.992016378913245e-07,0.0009771856703043474,9.995722645351365e-07,2,0,0.0,0.3852842663581179,1.0,0.614715733641882,0.0,0.04823760830274542
Jd Jh 9h Ts 9c,5s 7c,1,1,5,0.0007673988329784431,9.992016378913245e-07,0.000697917410774494,9.915797047649064e-07,2,0,0.0,0.3852842663581179,1.0,0.614715733641882,0.0,0.04823760830274542
Jd Jh 9h Ts 9c,5s 7d,1,1,5,0.0007673988329784431,9.992016378913245e-07,0.0007005687268146388,9.923706116019218e-07,2,0,0.0,0.3852842663581179,1.0,0.614715733641882,0.0,0.04823760830274542
Jd Jh 9h Ts 9c,5s 7h,1,1,5,0.0007673988329784431,9.992016378913245e-07,0.0007005687268146388,9.915797047649064e-07,2,0,0.0,0.3852842663581179,1.0,0.614715733641882,0.0,0.04823760830274542
Jd Jh 9h Ts 9c,5s 7s,1,1,5,0.0010897633985047037,9.992016378913245e-07,0.0009910946130700996,9.92721550630388e-07,2,0,0.0,0.3852842663581179,1.0,0.614715733641882,0.0,0.04823760830274542
Jd Jh 9h Ts 9c,5s 8c,1,1,5,0.0010897633985047037,0.003445998491831961,0.0009661821001001445,0.003457920969040048,2,13,0.0,0.3852842663581179,1.0,0.614715733641882,0.0,5.180581853613921e-05
Jd Jh 9h Ts 9c,5s 8d,1,1,5,0.0010897633985047037,0.003445998491831961,0.0009676054720659401,0.0034574269056897532,2,13,0.0,0.3852842663581179,1.0,0.614715733641882,0.0,5.180581853613921e-05
Jd Jh 9h Ts 9c,5s 8h,1,1,5,0.0010897633985047037,0.003445998491831961,0.0009654760405210711,0.003457920969040048,2,13,0.0,0.3852842663581179,1.0,0.614715733641882,0.0,5.180581853613921e-05
Jd Jh 9h Ts 9c,5s 8s,1,1,5,0.0010897633985047037,0.003753946675025312,0.0009686771610349655,0.003769367771912494,2,13,0.0,0.3852842663581179,1.0,0.614715733641882,0.0,5.180581853613921e-05
Jd Jh 9h Ts 9c,5s 9d,1,1,5,0.0010897633985047037,0.001475008790750801,0.0009641495973336592,0.0014735603206230048,13,8,0.0,1e-05,1.0,0.99999,1.0,0.99999
Jd Jh 9h Ts 9c,5s 9s,1,1,5,0.0010897633985047037,0.0018669997440309812,0.0009635434700934178,0.0018657277141019902,13,8,0.0,1e-05,1.0,0.99999,1.0,0.99999
Jd Jh 9h Ts 9c,5s Tc,1,1,5,0.0003632544661682346,9.992016378913245e-07,0.00032224300467401275,1.0051026838183886e-06,9,3,0.0,4.901216236325383e-05,1.0,0.9999509878376367,1.0,0.99999
Jd Jh 9h Ts 9c,5s Td,1,1,5,0.0003632544661682346,9.992016378913245e-07,0.00032348702986282544,1.003917412089869e-06,9,3,0.0,4.901216236325383e-05,1.0,0.9999509878376367,1.0,0.99999
Jd Jh 9h Ts 9c,5s Th,1,1,5,0.0003632544661682346,9.992016378913245e-07,0.0003223796282030755,1.0051026838183886e-06,9,3,0.0,4.901216236325383e-05,1.0,0.9999509878376367,1.0,0.99999
Jd Jh 9h Ts 9c,5s Jc,1,1,5,0.0010897633985047037,0.0018213700976459416,0.0009324579184891264,0.0018231089338067853,6,1,0.0,1e-05,1.0,0.99999,1.0,0.99999
Jd Jh 9h Ts 9c,5s Js,1,1,5,0.0010897633985047037,9.992016378913245e-07,0.0009329571115446149,9.992707344781135e-07,6,1,0.0,1e-05,1.0,0.99999,1.0,0.99999
Jd Jh 9h Ts 9c,5s Qc,1,1,5,9.998960108148754e-07,0.0032624854635945268,8.951727526711062e-07,0.003274766362444569,1,4,1.0,0.999975458592474,0.0,2.454140752597793e-05,1.0,0.99999
Jd Jh 9h Ts 9c,5s Qd,1,1,5,9.998960108148754e-07,0.0032624854635945268,8.937995352256801e-07,0.003272598074857907,1,4,1.0,0.999975458592474,0.0,2.454140752597793e-05,1.0,0.99999
Jd Jh 9h Ts 9c,5s Qh,1,1,5,9.998960108148754e-07,0.0032624854635945268,8.939928417765955e-07,0.003274766362444569,1,4,1.0,0.999975458592474,0.0,2.454140752597793e-05,1.0,0.99999
Jd Jh 9h Ts 9c,5s Qs,1,1,5,0.0010897633985047037,9.992016378913245e-07,0.0009717555667118369,1.004275006574801e-06,1,4,1.0,0.999975458592474,0.0,2.454140752597793e-05,1.0,0.99999
Jd Jh 9h Ts 9c,5s Kc,1,1,5,9.998960108148754e-07,0.016344796403730263,8.583566347544515e-07,0.016430521361181838,1,2,1.0,0.999975458592474,0.0,2.454140752597793e-05,1.0,0.99999
Jd Jh 9h Ts 9c,5s Kd,1,1,5,9.998960108148754e-07,0.016344796403730263,8.593409960692864e-07,0.016484403938223036,1,12,1.0,0.999975458592474,0.0,2.454140752597793e-05,1.0,0.99999
Jd Jh 9h Ts 9c,5s Kh,1,1,5,9.998960108148754e-07,0.016344796403730263,8.583566347544515e-07,0.016430521361181838,1,2,1.0,0.999975458592474,0.0,2.454140752597793e-05,1.0,0.99999
Jd Jh 9h Ts 9c,5s Ks,1,1,5,0.0010897633985047037,9.992016378913245e-07,0.0009224857302038167,1.0089214960216167e-06,1,12,1.0,0.999975458592474,0.0,2.454140752597793e-05,1.0,0.99999
Jd Jh 9h Ts 9c,5s Ac,1,1,5,0.0016328006914575045,9.992016378913245e-07,0.001470663215599932,1.0003472611636876e-06,4,9,0.0,1e-05,1.0,0.99999,1.0,0.99999
Jd Jh 9h Ts 9c,5s Ad,1,1,5,0.0016328006914575045,9.992016378913245e-07,0.0014834563147398836,1.0000441442766126e-06,4,9,0.0,1e-05,1.0,0.99999,1.0,0.99999
Jd Jh 9h Ts 9c,5s Ah,1,1,5,0.0016328006914575045,9.992016378913245e-07,0.0014853275424948752,1.0007620805423557e-06,4,9,0.0,1e-05,1.0,0.99999,1.0,0.99999
Jd Jh 9h Ts 9c,5s As,1,1,5,0.0010897633985047037,9.992016378913245e-07,0.0009816046366553453,9.99038152665045e-07,4,9,0.0,1e-05,1.0,0.99999,1.0,0.99999
Jd Jh 9h Ts 9c,6c 6d,1,1,5,0.0010897633985047037,9.992016378913245e-07,0.0011376519846773637,9.92891948190185e-07,9,0,0.0,4.901216236325383e-05,1.0,0.9999509878376367,0.0,0.04823760830274542
Jd Jh 9h Ts 9c,6c 6h,1,1,5,0.0010897633985047037,9.992016378913245e-07,0.0011369862987163231,9.940772199187046e-07,9,0,0.0,4.901216236325383e-05,1.0,0.9999509878376367,0.0,0.04823760830274542
Jd Jh 9h Ts 9c,6c 6s,1,1,5,0.0010897633985047037,9.992016378913245e-07,0.0011404228364944326,9.92891948190185e-07,9,0,0.0,4.901216236325383e-05,1.0,0.9999509878376367,0.0,0.04823760830274542
Jd Jh 9h Ts 9c,6c 7c,1,1,5,0.0010897633985047037,9.992016378913245e-07,0.001154331779260185,9.852503274484216e-07,9,0,0.0,4.901216236325383e-05,1.0,0.9999509878376367,0.0,0.04823760830274542
Jd Jh 9h Ts 9c,6c 7d,1,1,5,0.0010897633985047037,0.00048292156309274087,0.0011586690355120327,0.00047656104241374333,9,0,0.0,4.901216236325383e-05,1.0,0.9999509878376367,0.0,0.04823760830274542
Jd Jh 9h Ts 9c,6c 7h,1,1,5,0.0010897633985047037,0.00048292156309274087,0.0011586690355120327,0.0004761787912729243,9,0,0.0,4.901216236325383e-05,1.0,0.9999509878376367,0.0,0.04823760830274542
Jd Jh 9h Ts 9c,6c 7s,1,1,5,0.0010897633985047037,0.00048292156309274087,0.001154903969611158,0.0004765610424137434,9,0,0.0,4.901216236325383e-05,1.0,0.9999509878376367,0.0,0.04823760830274542
Jd Jh 9h Ts 9c,6c 8c,1,1,5,0.0010897633985047037,0.0011674100510538844,0.001126713879647211,0.00116364416070571,9,13,0.0,4.901216236325383e-05,1.0,0.9999509878376367,0.0,5.180581853613921e-05
Jd Jh 9h Ts 9c,6c 8d,1,1,5,0.0010897633985047037,0.0016079701322215749,0.0011286603321911874,0.0016025525212968656,9,13,0.0,4.901216236325383e-05,1.0,0.9999509878376367,0.0,5.180581853613921e-05
Jd Jh 9h Ts 9c,6c 8h,1,1,5,0.0010897633985047037,0.0016079701322215749,0.0011265309006463183,0.0016027830608959348,9,13,0.0,4.901216236325383e-05,1.0,0.9999509878376367,0.0,5.180581853613921e-05
Jd Jh 9h Ts 9c,6c 8s,1,1,5,0.0010897633985047037,0.0016079701322215749,0.0011293663917702607,0.001603825292000059,9,13,0.0,4.901216236325383e-05,1.0,0.9999509878376367,0.0,5.180581853613921e-05
Jd Jh 9h Ts 9c,6c 9d,1,1,5,9.998960108148754e-07,0.0007391110961407428,1.0336150787977293e-06,0.0007325670948402141,13,8,0.0,1e-05,1.0,0.99999,1.0,0.99999
Jd Jh 9h Ts 9c,6c 9s,1,1,5,9.998960108148754e-07,0.0007391110961407428,1.0326319022022875e-06,0.0007327893342827169,13,8,0.0,1e-05,1.0,0.99999,1.0,0.99999
Jd Jh 9h Ts 9c,6c Tc,1,1,5,0.0010897633985047037,9.992016378913245e-07,0.0011299661802121237,9.99213274310453e-07,15,14,0.0,1e-05,1.0,0.99999,1.0,0.99999
Jd Jh 9h Ts 9c,6c Td,1,1,5,0.0010897633985047037,0.001494105218001129,0.0011354710327316042,0.001492350282287152,15,14,0.0,1e-05,1.0,0.99999,1.0,0.99999
Jd Jh 9h Ts 9c,6c Th,1,1,5,0.0010897633985047037,0.001494105218001129,0.0011321488277523544,0.0014941226179271013,15,14,0.0,1e-05,1.0,0.99999,1.0,0.99999
Jd Jh 9h Ts 9c,6c Jc,1,1,5,0.0010897633985047037,9.992016378913245e-07,0.0010935337434649474,9.934752451570733e-07,6,1,0.0,1e-05,1.0,0.99999,1.0,0.99999
Jd Jh 9h Ts 9c,6c Js,1,1,5,0.0010897633985047037,0.0029221883040140132,0.0010996626293851644,0.0029028536388974154,6,1,0.0,1e-05,1.0,0.99999,1.0,0.99999
Jd Jh 9h Ts 9c,6c Qc,1,1,5,0.0010897633985047037,0.0010830864961389286,0.0011362775039736673,0.0010812071697227227,1,15,1.0,0.999975458592474,0.0,2.454140752597793e-05,1.0,0.99999
Jd Jh 9h Ts 9c,6c Qd,1,1,5,0.0010897633985047037,0.0003548873324003417,0.0011339162694220192,0.0003540356842903028,1,15,1.0,0.999975458592474,0.0,2.454140752597793e-05,1.0,0.99999
Jd Jh 9h Ts 9c,6c Qh,1,1,5,0.0010897633985047037,0.0003548873324003417,0.001134126949734372,0.0003542715467350842,1,15,1.0,0.999975458592474,0.0,2.454140752597793e-05,1.0,0.99999
Jd Jh 9h Ts 9c,6c Qs,1,1,5,0.0010897633985047037,0.0003548873324003417,0.0011354129071663721,0.00035431659137343967,1,15,1.0,0.999975458592474,0.0,2.454140752597793e-05,1.0,0.99999
Jd Jh 9h Ts 9c,6c Kc,1,1,5,0.0010897633985047037,9.992016378913245e-07,0.001079334968055669,9.989471919203494e-07,1,11,1.0,0.999975458592474,0.0,2.454140752597793e-05,1.0,0.99999
Jd Jh 9h Ts 9c,6c Kd,1,1,5,0.0009326930143986472,0.0007879823355334374,0.0009254855779509625,0.0007902445072298907,1,11,1.0,0.999975458592474,0.0,2.454140752597793e-05,1.0,0.99999
Jd Jh 9h Ts 9c,6c Kh,1,1,5,0.0009326930143986472,0.0007879823355334374,0.0009245673755458517,0.0007876468291767219,1,11,1.0,0.999975458592474,0.0,2.454140752597793e-05,1.0,0.99999
Jd Jh 9h Ts 9c,6c Ks,1,1,5,0.0009326930143986472,0.0007879823355334374,0.0009300345954448906,0.0007902445072298905,1,11,1.0,0.999975458592474,0.0,2.454140752597793e-05,1.0,0.99999
Jd Jh 9h Ts 9c,6c Ac,1,1,5,0.0010897633985047037,9.992016378913245e-07,0.0011447868141495217,9.930757725858368e-07,11,9,0.0,1e-05,1.0,0.99999,1.0,0.99999
Jd Jh 9h Ts 9c,6c Ad,1,1,5,0.00036325446616823463,9.992016378913245e-07,0.00038444172697933666,9.919817488617462e-07,7,9,0.0,1e-05,1.0,0.99999,1.0,0.99999
Jd Jh 9h Ts 9c,6c Ah,1,1,5,0.00036325446616823463,9.992016378913245e-07,0.0003848580250877187,9.926996851274895e-07,7,9,0.0,1e-05,1.0,0.99999,1.0,0.99999
Jd Jh 9h Ts 9c,6c As,1,1,5,0.00036325446616823463,9.992016378913245e-07,0.00038161393428181017,9.915669294830779e-07,11,9,0.0,1e-05,1.0,0.99999,1.0,0.99999
Jd Jh 9h Ts 9c,6d 6h,1,1,5,0.0010897633985047037,9.992016378913245e-07,0.0011333190362196046,9.92891948190185e-07,9,0,0.0,4.901216236325383e-05,1.0,0.9999509878376367,0.0,0.04823760830274542
Jd Jh 9h Ts 9c,6d 6s,1,1,5,0.0010897633985047037,9.992016378913245e-07,0.0011367555739977143,9.917066764616656e-07,9,0,0.0,4.901216236325383e-05,1.0,0.9999509878376367,0.0,0.04823760830274542
Jd Jh 9h Ts 9c,6d 7c,1,1,5,0.0010897633985047037,0.00048292156309274087,0.0011512367071144396,0.00047560594065487055,9,0,0.0,4.901216236325383e-05,1.0,0.9999509878376367,0.0,0.04823760830274542
Jd Jh 9h Ts 9c,6d 7d,1,1,5,0.0010897633985047037,9.992016378913245e-07,0.0011544295826643413,9.848559625569174e-07,9,0,0.0,4.901216236325383e-05,1.0,0.9999509878376367,0.0,0.04823760830274542
Jd Jh 9h Ts 9c,6d 7h,1,1,5,0.0010897633985047037,0.00048292156309274087,0.0011550017730153142,0.0004756059406548706,9,0,0.0,4.901216236325383e-05,1.0,0.9999509878376367,0.0,0.04823760830274542
Jd Jh 9h Ts 9c,6d 7s,1,1,5,0.0010897633985047037,0.00048292156309274087,0.0011512367071144396,0.0004759881917956897,9,0,0.0,4.901216236325383e-05,1.0,0.9999509878376367,0.0,0.04823760830274542
Jd Jh 9h Ts 9c,6d 8c,1,1,5,0.0010897633985047037,0.0016079701322215749,0.001123569697728673,0.0016008756565585596,9,13,0.0,4.901216236325383e-05,1.0,0.9999509878376367,0.0,5.180581853613921e-05
Jd Jh 9h Ts 9c,6d 8d,1,1,5,0.0010897633985047037,0.0011674100510538844,0.0011244699891162881,0.0011620919818499085,9,13,0.0,4.901216236325383e-05,1.0,0.9999509878376367,0.0,5.180581853613921e-05
Jd Jh 9h Ts 9c,6d 8h,1,1,5,0.0010897633985047037,0.0016079701322215749,0.0011228636381495998,0.0016008756565585596,9,13,0.0,4.901216236325383e-05,1.0,0.9999509878376367,0.0,5.180581853613921e-05
Jd Jh 9h Ts 9c,6d 8s,1,1,5,0.0010897633985047037,0.0016079701322215749,0.0011256991292735421,0.0016019178876626838,9,13,0.0,4.901216236325383e-05,1.0,0.9999509878376367,0.0,5.180581853613921e-05
Jd Jh 9h Ts 9c,6d 9d,1,1,5,0.0010897633985047037,9.992016378913245e-07,0.0011219693974178345,9.903548260223245e-07,13,8,0.0,1e-05,1.0,0.99999,1.0,0.99999
Jd Jh 9h Ts 9c,6d 9s,1,1,5,9.998960108148754e-07,0.0007391110961407428,1.0292670606723633e-06,0.0007319125868342844,13,8,0.0,1e-05,1.0,0.99999,1.0,0.99999
Jd Jh 9h Ts 9c,6d Tc,1,1,5,0.0010897633985047037,0.001494105218001129,0.0011280716946684478,0.001492350282287152,15,14,0.0,1e-05,1.0,0.99999,1.0,0.99999
Jd Jh 9h Ts 9c,6d Td,1,1,5,0.0010897633985047037,9.992016378913245e-07,0.0011300309932818435,9.968427308534138e-07,15,14,0.0,1e-05,1.0,0.99999,1.0,0.99999
Jd Jh 9h Ts 9c,6d Th,1,1,5,0.0010897633985047037,0.001494105218001129,0.0011284815652556359,0.001492350282287152,15,14,0.0,1e-05,1.0,0.99999,1.0,0.99999
Jd Jh 9h Ts 9c,6d Jc,1,1,5,0.0010897633985047037,0.0029221883040140132,0.0010933348326186928,0.00290197498140876,6,1,0.0,1e-05,1.0,0.99999,1.0,0.99999
Jd Jh 9h Ts 9c,6d Js,1,1,5,0.0010897633985047037,0.0029221883040140132,0.0010959953668884458,0.002899387284309098,6,1,0.0,1e-05,1.0,0.99999,1.0,0.99999
Jd Jh 9h Ts 9c,6d Qc,1,1,5,0.0010897633985047037,0.0003548873324003417,0.0011317456446696536,0.00035385057272348074,1,15,1.0,0.999975458592474,0.0,2.454140752597793e-05,1.0,0.99999
Jd Jh 9h Ts 9c,6d Qd,1,1,5,0.0010897633985047037,0.002166172992277857,0.001132399561164596,0.002158405119441618,1,15,1.0,0.999975458592474,0.0,2.454140752597793e-05,1.0,0.99999
Jd Jh 9h Ts 9c,6d Qh,1,1,5,0.0010897633985047037,0.00017744366620017085,0.0011302490069253007,0.00017692528636174037,1,15,1.0,0.999975458592474,0.0,2.454140752597793e-05,1.0,0.99999
Jd Jh 9h Ts 9c,6d Qs,1,1,5,0.0010897633985047037,0.0003548873324003417,0.0011317456446696536,0.0003538956173618362,1,15,1.0,0.999975458592474,0.0,2.454140752597793e-05,1.0,0.99999
Jd Jh 9h Ts 9c,6d Kc,1,1,5,0.0009326930143986472,0.0007879823355334374,0.0009214286849664572,0.0007867121097472666,1,11,1.0,0.999975458592474,0.0,2.454140752597793e-05,1.0,0.99999
Jd Jh 9h Ts 9c,6d Kd,1,1,5,0.0010897633985047037,9.992016378913245e-07,0.0010767405380537384,1.0010559079481459e-06,1,11,1.0,0.999975458592474,0.0,2.454140752597793e-05,1.0,0.99999
Jd Jh 9h Ts 9c,6d Kh,1,1,5,0.0009326930143986472,0.0007879823355334374,0.0009214286849664572,0.0007867121097472665,1,11,1.0,0.999975458592474,0.0,2.454140752597793e-05,1.0,0.99999
Jd Jh 9h Ts 9c,6d Ks,1,1,5,0.0009326930143986472,0.0007879823355334374,0.0009268959048654962,0.0007893097878004351,1,11,1.0,0.999975458592474,0.0,2.454140752597793e-05,1.0,0.99999
Jd Jh 9h Ts 9c,6d Ac,1,1,5,0.00036325446616823463,9.992016378913245e-07,0.0003803731838842677,9.910995940203018e-07,11,9,0.0,1e-05,1.0,0.99999,1.0,0.99999
Jd Jh 9h Ts 9c,6d Ad,1,1,5,0.0010897633985047037,9.992016378913245e-07,0.0011496579184412914,9.915873839702422e-07,7,9,0.0,1e-05,1.0,0.99999,1.0,0.99999
Jd Jh 9h Ts 9c,6d Ah,1,1,5,0.00036325446616823463,9.992016378913245e-07,0.00038363560425547916,9.9151441339897e-07,7,9,0.0,1e-05,1.0,0.99999,1.0,0.99999
Jd Jh 9h Ts 9c,6d As,1,1,5,0.00036325446616823463,9.992016378913245e-07,0.00038039151344957067,9.903816577545585e-07,11,9,0.0,1e-05,1.0,0.99999,1.0,0.99999
Jd Jh 9h Ts 9c,6h 6s,1,1,5,0.0010897633985047037,9.992016378913245e-07,0.001136089888036674,9.92891948190185e-07,9,0,0.0,4.901216236325383e-05,1.0,0.9999509878376367,0.0,0.04823760830274542
Jd Jh 9h Ts 9c,6h 7c,1,1,5,0.0010897633985047037,0.00048292156309274087,0.0011505710211533993,0.00047617879127292425,9,0,0.0,4.901216236325383e-05,1.0,0.9999509878376367,0.0,0.04823760830274542
Jd Jh 9h Ts 9c,6h 7d,1,1,5,0.0010897633985047037,0.00048292156309274087,0.0011543360870542737,0.00047656104241374333,9,0,0.0,4.901216236325383e-05,1.0,0.9999509878376367,0.0,0.04823760830274542
Jd Jh 9h Ts 9c,6h 7h,1,1,5,0.0010897633985047037,9.992016378913245e-07,0.0011537638967033005,9.852503274484216e-07,9,0,0.0,4.901216236325383e-05,1.0,0.9999509878376367,0.0,0.04823760830274542
Jd Jh 9h Ts 9c,6h 7s,1,1,5,0.0010897633985047037,0.00048292156309274087,0.0011505710211533989,0.0004765610424137434,9,0,0.0,4.901216236325383e-05,1.0,0.9999509878376367,0.0,0.04823760830274542
Jd Jh 9h Ts 9c,6h 8c,1,1,5,0.0010897633985047037,0.0016079701322215749,0.001122904011767633,0.0016027830608959348,9,13,0.0,4.901216236325383e-05,1.0,0.9999509878376367,0.0,5.180581853613921e-05
Jd Jh 9h Ts 9c,6h 8d,1,1,5,0.0010897633985047037,0.0016079701322215749,0.0011243273837334283,0.0016025525212968656,9,13,0.0,4.901216236325383e-05,1.0,0.9999509878376367,0.0,5.180581853613921e-05
Jd Jh 9h Ts 9c,6h 8h,1,1,5,0.0010897633985047037,0.0011674100510538844,0.0011216748716103785,0.00116364416070571,9,13,0.0,4.901216236325383e-05,1.0,0.9999509878376367,0.0,5.180581853613921e-05
Jd Jh 9h Ts 9c,6h 8s,1,1,5,0.0010897633985047037,0.0016079701322215749,0.0011250334433125016,0.001603825292000059,9,13,0.0,4.901216236325383e-05,1.0,0.9999509878376367,0.0,5.180581853613921e-05
Jd Jh 9h Ts 9c,6h 9d,1,1,5,9.998960108148754e-07,0.0007391110961407428,1.029639447129493e-06,0.0007325670948402141,13,8,0.0,1e-05,1.0,0.99999,1.0,0.99999
Jd Jh 9h Ts 9c,6h 9s,1,1,5,9.998960108148754e-07,0.0007391110961407428,1.0286562705340513e-06,0.0007327893342827169,13,8,0.0,1e-05,1.0,0.99999,1.0,0.99999
Jd Jh 9h Ts 9c,6h Tc,1,1,5,0.0010897633985047037,0.001494105218001129,0.0011274060087074073,0.0014941226179271013,15,14,0.0,1e-05,1.0,0.99999,1.0,0.99999
Jd Jh 9h Ts 9c,6h Td,1,1,5,0.0010897633985047037,0.001494105218001129,0.0011311380842738453,0.001492350282287152,15,14,0.0,1e-05,1.0,0.99999,1.0,0.99999
Jd Jh 9h Ts 9c,6h Th,1,1,5,0.0010897633985047037,9.992016378913245e-07,0.001126043102341553,9.99213274310453e-07,15,14,0.0,1e-05,1.0,0.99999,1.0,0.99999
Jd Jh 9h Ts 9c,6h Jc,1,1,5,0.0010897633985047037,0.0029221883040140132,0.0010926691466576523,0.0029054413359970773,6,1,0.0,1e-05,1.0,0.99999,1.0,0.99999
Jd Jh 9h Ts 9c,6h Js,1,1,5,0.0010897633985047037,0.0029221883040140132,0.0010953296809274055,0.0029028536388974154,6,1,0.0,1e-05,1.0,0.99999,1.0,0.99999
Jd Jh 9h Ts 9c,6h Qc,1,1,5,0.0010897633985047037,0.00017744366620017085,0.0011308692783962605,0.0001771357733675421,1,15,1.0,0.999975458592474,0.0,2.454140752597793e-05,1.0,0.99999
Jd Jh 9h Ts 9c,6h Qd,1,1,5,0.0010897633985047037,0.0003548873324003417,0.0011295833209642601,0.0003540356842903028,1,15,1.0,0.999975458592474,0.0,2.454140752597793e-05,1.0,0.99999
Jd Jh 9h Ts 9c,6h Qh,1,1,5,0.0010897633985047037,0.002166172992277857,0.0011319445555159082,0.0021624143394454454,1,15,1.0,0.999975458592474,0.0,2.454140752597793e-05,1.0,0.99999
Jd Jh 9h Ts 9c,6h Qs,1,1,5,0.0010897633985047037,0.00017744366620017085,0.0011308692783962605,0.00017715829568671983,1,15,1.0,0.999975458592474,0.0,2.454140752597793e-05,1.0,0.99999
Jd Jh 9h Ts 9c,6h Kc,1,1,5,0.0009326930143986472,0.0007879823355334374,0.0009208589460245019,0.000787646829176722,1,11,1.0,0.999975458592474,0.0,2.454140752597793e-05,1.0,0.99999
Jd Jh 9h Ts 9c,6h Kd,1,1,5,0.0009326930143986472,0.0007879823355334374,0.0009217771484296127,0.0007902445072298906,1,11,1.0,0.999975458592474,0.0,2.454140752597793e-05,1.0,0.99999
Jd Jh 9h Ts 9c,6h Kh,1,1,5,0.0010897633985047037,9.992016378913245e-07,0.00107500201959791,9.989471919203494e-07,1,11,1.0,0.999975458592474,0.0,2.454140752597793e-05,1.0,0.99999
Jd Jh 9h Ts 9c,6h Ks,1,1,5,0.0009326930143986472,0.0007879823355334374,0.0009263261659235409,0.0007902445072298905,1,11,1.0,0.999975458592474,0.0,2.454140752597793e-05,1.0,0.99999
Jd Jh 9h Ts 9c,6h Ac,1,1,5,0.00036325446616823463,9.992016378913245e-07,0.00038015128856392087,9.922848657488214e-07,11,9,0.0,1e-05,1.0,0.99999,1.0,0.99999
Jd Jh 9h Ts 9c,6h Ad,1,1,5,0.00036325446616823463,9.992016378913245e-07,0.00038299741082675027,9.919817488617464e-07,7,9,0.0,1e-05,1.0,0.99999,1.0,0.99999
Jd Jh 9h Ts 9c,6h Ah,1,1,5,0.0010897633985047037,9.992016378913245e-07,0.0011502411268053971,9.934905919645052e-07,7,9,0.0,1e-05,1.0,0.99999,1.0,0.99999
Jd Jh 9h Ts 9c,6h As,1,1,5,0.00036325446616823463,9.992016378913245e-07,0.00038016961812922383,9.91566929483078e-07,11,9,0.0,1e-05,1.0,0.99999,1.0,0.99999
Jd Jh 9h Ts 9c,6s 7c,1,1,5,0.0010897633985047037,0.00048292156309274087,0.001154007558931509,0.00047560594065487055,9,0,0.0,4.901216236325383e-05,1.0,0.9999509878376367,0.0,0.04823760830274542
Jd Jh 9h Ts 9c,6s 7d,1,1,5,0.0010897633985047037,0.00048292156309274087,0.0011577726248323836,0.0004759881917956896,9,0,0.0,4.901216236325383e-05,1.0,0.9999509878376367,0.0,0.04823760830274542
Jd Jh 9h Ts 9c,6s 7h,1,1,5,0.0010897633985047037,0.00048292156309274087,0.0011577726248323834,0.0004756059406548706,9,0,0.0,4.901216236325383e-05,1.0,0.9999509878376367,0.0,0.04823760830274542
Jd Jh 9h Ts 9c,6s 7s,1,1,5,0.0010897633985047037,9.992016378913245e-07,0.0011534353685805356,9.848559625569174e-07,9,0,0.0,4.901216236325383e-05,1.0,0.9999509878376367,0.0,0.04823760830274542
Jd Jh 9h Ts 9c,6s 8c,1,1,5,0.0010897633985047037,0.0016079701322215749,0.0011263405495457424,0.0016008756565585596,9,13,0.0,4.901216236325383e-05,1.0,0.9999509878376367,0.0,5.180581853613921e-05
Jd Jh 9h Ts 9c,6s 8d,1,1,5,0.0010897633985047037,0.0016079701322215749,0.001127763921511538,0.0016006451169594904,9,13,0.0,4.901216236325383e-05,1.0,0.9999509878376367,0.0,5.180581853613921e-05
Jd Jh 9h Ts 9c,6s 8h,1,1,5,0.0010897633985047037,0.0016079701322215749,0.0011256344899666692,0.0016008756565585596,9,13,0.0,4.901216236325383e-05,1.0,0.9999509878376367,0.0,5.180581853613921e-05
Jd Jh 9h Ts 9c,6s 8s,1,1,5,0.0010897633985047037,0.0011674100510538844,0.0011279469005124306,0.001163016032167648,9,13,0.0,4.901216236325383e-05,1.0,0.9999509878376367,0.0,5.180581853613921e-05
Jd Jh 9h Ts 9c,6s 9d,1,1,5,9.998960108148754e-07,0.0007391110961407428,1.0327925906651099e-06,0.0007316903473917816,13,8,0.0,1e-05,1.0,0.99999,1.0,0.99999
Jd Jh 9h Ts 9c,6s 9s,1,1,5,0.0010897633985047037,9.992016378913245e-07,0.0011236687079382184,9.906552707269328e-07,13,8,0.0,1e-05,1.0,0.99999,1.0,0.99999
Jd Jh 9h Ts 9c,6s Tc,1,1,5,0.0010897633985047037,0.001494105218001129,0.001130842546485517,0.001492350282287152,15,14,0.0,1e-05,1.0,0.99999,1.0,0.99999
Jd Jh 9h Ts 9c,6s Td,1,1,5,0.0010897633985047037,0.001494105218001129,0.001134574622051955,0.0014905779466472026,15,14,0.0,1e-05,1.0,0.99999,1.0,0.99999
Jd Jh 9h Ts 9c,6s Th,1,1,5,0.0010897633985047037,0.001494105218001129,0.001131252417072705,0.001492350282287152,15,14,0.0,1e-05,1.0,0.99999,1.0,0.99999
Jd Jh 9h Ts 9c,6s Jc,1,1,5,0.0010897633985047037,0.0029221883040140132,0.001096105684435762,0.00290197498140876,6,1,0.0,1e-05,1.0,0.99999,1.0,0.99999
Jd Jh 9h Ts 9c,6s Js,1,1,5,0.0010897633985047037,9.992016378913245e-07,0.0010952978670550509,9.914051464046427e-07,6,1,0.0,1e-05,1.0,0.99999,1.0,0.99999
Jd Jh 9h Ts 9c,6s Qc,1,1,5,0.0010897633985047037,0.0003548873324003417,0.0011345164964867227,0.00035385057272348074,1,15,1.0,0.999975458592474,0.0,2.454140752597793e-05,1.0,0.99999
Jd Jh 9h Ts 9c,6s Qd,1,1,5,0.0010897633985047037,0.0003548873324003417,0.0011330198587423698,0.00035361471027869933,1,15,1.0,0.999975458592474,0.0,2.454140752597793e-05,1.0,0.99999
Jd Jh 9h Ts 9c,6s Qh,1,1,5,0.0010897633985047037,0.0003548873324003417,0.0011332305390547226,0.00035385057272348074,1,15,1.0,0.999975458592474,0.0,2.454140752597793e-05,1.0,0.99999
Jd Jh 9h Ts 9c,6s Qs,1,1,5,0.0010897633985047037,0.0010830864961389286,0.0011353810932940179,0.0010800598646754757,1,15,1.0,0.999975458592474,0.0,2.454140752597793e-05,1.0,0.99999
Jd Jh 9h Ts 9c,6s Kc,1,1,5,0.0009326930143986472,0.0007879823355334374,0.0009238001668287224,0.0007867121097472666,1,11,1.0,0.999975458592474,0.0,2.454140752597793e-05,1.0,0.99999
Jd Jh 9h Ts 9c,6s Kd,1,1,5,0.0009326930143986472,0.0007879823355334374,0.0009247183692338331,0.0007893097878004352,1,11,1.0,0.999975458592474,0.0,2.454140752597793e-05,1.0,0.99999
Jd Jh 9h Ts 9c,6s Kh,1,1,5,0.0009326930143986472,0.0007879823355334374,0.0009238001668287223,0.0007867121097472665,1,11,1.0,0.999975458592474,0.0,2.454140752597793e-05,1.0,0.99999
Jd Jh 9h Ts 9c,6s Ks,1,1,5,0.0010897633985047037,9.992016378913245e-07,0.0010848264857142528,1.0010559079481459e-06,1,11,1.0,0.999975458592474,0.0,2.454140752597793e-05,1.0,0.99999
Jd Jh 9h Ts 9c,6s Ac,1,1,5,0.00036325446616823463,9.992016378913245e-07,0.00038129680115662416,9.910995940203018e-07,11,9,0.0,1e-05,1.0,0.99999,1.0,0.99999
Jd Jh 9h Ts 9c,6s Ad,1,1,5,0.00036325446616823463,9.992016378913245e-07,0.00038414292341945356,9.907964771332268e-07,7,9,0.0,1e-05,1.0,0.99999,1.0,0.99999
Jd Jh 9h Ts 9c,6s Ah,1,1,5,0.00036325446616823463,9.992016378913245e-07,0.0003845592215278356,9.9151441339897e-07,7,9,0.0,1e-05,1.0,0.99999,1.0,0.99999
Jd Jh 9h Ts 9c,6s As,1,1,5,0.0010897633985047037,9.992016378913245e-07,0.0011439453921657813,9.911725645915739e-07,11,9,0.0,1e-05,1.0,0.99999,1.0,0.99999
Jd Jh 9h Ts 9c,7c 7d,1,1,5,0.0010897633985047037,9.992016378913245e-07,0.0011711093772471626,9.772143418151536e-07,9,0,0.0,4.901216236325383e-05,1.0,0.9999509878376367,0.0,0.04823760830274542
Jd Jh 9h Ts 9c,7c 7h,1,1,5,0.0010897633985047037,9.992016378913245e-07,0.0011711093772471626,9.764234349781382e-07,9,0,0.0,4.901216236325383e-05,1.0,0.9999509878376367,0.0,0.04823760830274542
Jd Jh 9h Ts 9c,7c 7s,1,1,5,0.0010897633985047037,9.992016378913245e-07,0.001167344311346288,9.772143418151538e-07,9,0,0.0,4.901216236325383e-05,1.0,0.9999509878376367,0.0,0.04823760830274542
Jd Jh 9h Ts 9c,7c 8c,1,1,5,0.0010897633985047037,9.992016378913245e-07,0.0011383415226169603,9.871514702739618e-07,12,7,0.0,1e-05,1.0,0.99999,1.0,0.99999
Jd Jh 9h Ts 9c,7c 8d,1,1,5,0.0010897633985047037,9.992016378913245e-07,0.0011397648945827557,9.870082116770682e-07,12,7,0.0,1e-05,1.0,0.99999,1.0,0.99999
Jd Jh 9h Ts 9c,7c 8h,1,1,5,0.0010897633985047037,9.992016378913245e-07,0.0011376354630378868,9.871514702739618e-07,12,7,0.0,1e-05,1.0,0.99999,1.0,0.99999
Jd Jh 9h Ts 9c,7c 8s,1,1,5,0.0010897633985047037,9.992016378913245e-07,0.0011404709541618292,9.877991185140839e-07,12,7,0.0,1e-05,1.0,0.99999,1.0,0.99999
Jd Jh 9h Ts 9c,7c 9d,1,1,5,0.0010897633985047037,9.992016378913245e-07,0.0011386491920006557,9.82713205280561e-07,13,8,0.0,1e-05,1.0,0.99999,1.0,0.99999
Jd Jh 9h Ts 9c,7c 9s,1,1,5,0.0010897633985047037,9.992016378913245e-07,0.0011375776507039706,9.830136499851694e-07,13,8,0.0,1e-05,1.0,0.99999,1.0,0.99999
Jd Jh 9h Ts 9c,7c Tc,1,1,5,0.0010897633985047037,9.992016378913245e-07,0.0011429787122982267,9.9038638184017e-07,15,3,0.0,1e-05,1.0,0.99999,1.0,0.99999
Jd Jh 9h Ts 9c,7c Td,1,1,5,0.0010897633985047037,9.992016378913245e-07,0.0011467107878646648,9.892011101116504e-07,15,3,0.0,1e-05,1.0,0.99999,1.0,0.99999
Jd Jh 9h Ts 9c,7c Th,1,1,5,0.0010897633985047037,9.992016378913245e-07,0.0011433885828854148,9.9038638184017e-07,15,3,0.0,1e-05,1.0,0.99999,1.0,0.99999
Jd Jh 9h Ts 9c,7c Jc,1,1,5,0.0010897633985047037,0.003172093308514639,0.0011103113414519246,0.0031258920445618433,6,1,0.0,1e-05,1.0,0.99999,1.0,0.99999
Jd Jh 9h Ts 9c,7c Js,1,1,5,0.0010897633985047037,9.992016378913245e-07,0.001109206809820803,9.837635256628792e-07,6,1,0.0,1e-05,1.0,0.99999,1.0,0.99999
Jd Jh 9h Ts 9c,7c Qc,1,1,5,0.0010897633985047037,9.992016378913245e-07,0.0011480052649880251,9.886409725045806e-07,1,4,1.0,0.999975458592474,0.0,2.454140752597793e-05,1.0,0.99999
Jd Jh 9h Ts 9c,7c Qd,1,1,5,0.0010897633985047037,9.992016378913245e-07,0.0011465086272436722,9.879768909225512e-07,1,4,1.0,0.999975458592474,0.0,2.454140752597793e-05,1.0,0.99999
Jd Jh 9h Ts 9c,7c Qh,1,1,5,0.0010897633985047037,9.992016378913245e-07,0.001146719307556025,9.886409725045806e-07,1,4,1.0,0.999975458592474,0.0,2.454140752597793e-05,1.0,0.99999
Jd Jh 9h Ts 9c,7c Qs,1,1,5,0.0010897633985047037,9.992016378913245e-07,0.0011480052649880251,9.887677977595668e-07,1,4,1.0,0.999975458592474,0.0,2.454140752597793e-05,1.0,0.99999
Jd Jh 9h Ts 9c,7c Kc,1,1,5,0.0010897633985047037,0.001919597406101949,0.0010946254674406425,0.001902150963807687,1,12,1.0,0.999975458592474,0.0,2.454140752597793e-05,1.0,0.99999
Jd Jh 9h Ts 9c,7c Kd,1,1,5,0.0003632544661682346,9.992016378913245e-07,0.0003644734442121865,9.926233803693666e-07,1,12,1.0,0.999975458592474,0.0,2.454140752597793e-05,1.0,0.99999
Jd Jh 9h Ts 9c,7c Kh,1,1,5,0.0003632544661682346,9.992016378913245e-07,0.0003641158333805906,9.893293926130506e-07,1,12,1.0,0.999975458592474,0.0,2.454140752597793e-05,1.0,0.99999
Jd Jh 9h Ts 9c,7c Ks,1,1,5,0.0003632544661682346,9.992016378913245e-07,0.0003662451428266683,9.926233803693666e-07,1,12,1.0,0.999975458592474,0.0,2.454140752597793e-05,1.0,0.99999
Jd Jh 9h Ts 9c,7c Ac,1,1,5,0.0010897633985047037,9.992016378913245e-07,0.0011577993462356245,9.842488801155538e-07,11,9,0.0,1e-05,1.0,0.99999,1.0,0.99999
Jd Jh 9h Ts 9c,7c Ad,1,1,5,0.0006513110127957995,0.0006097542112612488,0.0006975086083923368,0.0006001531663402907,7,9,0.0,1e-05,1.0,0.99999,1.0,0.99999
Jd Jh 9h Ts 9c,7c Ah,1,1,5,0.0006513110127957995,0.0006097542112612488,0.0006982550260357463,0.0006005912807757094,7,9,0.0,1e-05,1.0,0.99999,1.0,0.99999
Jd Jh 9h Ts 9c,7c As,1,1,5,0.0006513110127957995,0.0006097542112612488,0.0006924384091316633,0.0005999000263798824,11,9,0.0,1e-05,1.0,0.99999,1.0,0.99999
Jd Jh 9h Ts 9c,7d 7h,1,1,5,0.0010897633985047037,9.992016378913245e-07,0.0011748744431480372,9.772143418151538e-07,9,0,0.0,4.901216236325383e-05,1.0,0.9999509878376367,0.0,0.04823760830274542
Jd Jh 9h Ts 9c,7d 7s,1,1,5,0.0010897633985047037,9.992016378913245e-07,0.0011711093772471626,9.780052486521692e-07,9,0,0.0,4.901216236325383e-05,1.0,0.9999509878376367,0.0,0.04823760830274542
Jd Jh 9h Ts 9c,7d 8c,1,1,5,0.0010897633985047037,9.992016378913245e-07,0.0011421065885178349,9.879423771109772e-07,12,7,0.0,1e-05,1.0,0.99999,1.0,0.99999
Jd Jh 9h Ts 9c,7d 8d,1,1,5,0.0010897633985047037,9.992016378913245e-07,0.0011435299604836305,9.877991185140839e-07,12,7,0.0,1e-05,1.0,0.99999,1.0,0.99999
Jd Jh 9h Ts 9c,7d 8h,1,1,5,0.0010897633985047037,9.992016378913245e-07,0.0011414005289387616,9.879423771109772e-07,12,7,0.0,1e-05,1.0,0.99999,1.0,0.99999
Jd Jh 9h Ts 9c,7d 8s,1,1,5,0.0010897633985047037,9.992016378913245e-07,0.0011442360200627037,9.885900253510993e-07,12,7,0.0,1e-05,1.0,0.99999,1.0,0.99999
Jd Jh 9h Ts 9c,7d 9d,1,1,5,0.0003632544661682346,9.992016378913245e-07,0.00038080475263384337,9.82713205280561e-07,13,8,0.0,1e-05,1.0,0.99999,1.0,0.99999
Jd Jh 9h Ts 9c,7d 9s,1,1,5,0.0010897633985047037,9.992016378913245e-07,0.0011413427166048454,9.838045568221848e-07,13,8,0.0,1e-05,1.0,0.99999,1.0,0.99999
Jd Jh 9h Ts 9c,7d Tc,1,1,5,0.0010897633985047037,9.992016378913245e-07,0.0011467437781991013,9.911772886771854e-07,15,3,0.0,1e-05,1.0,0.99999,1.0,0.99999
Jd Jh 9h Ts 9c,7d Td,1,1,5,0.0010897633985047037,9.992016378913245e-07,0.0011504758537655394,9.899920169486658e-07,5,3,0.0,1e-05,1.0,0.99999,1.0,0.99999
Jd Jh 9h Ts 9c,7d Th,1,1,5,0.0010897633985047037,9.992016378913245e-07,0.0011471536487862896,9.911772886771854e-07,15,3,0.0,1e-05,1.0,0.99999,1.0,0.99999
Jd Jh 9h Ts 9c,7d Jc,1,1,5,0.0010897633985047037,9.992016378913245e-07,0.0011103113414519246,9.854392595238057e-07,6,1,0.0,1e-05,1.0,0.99999,1.0,0.99999
Jd Jh 9h Ts 9c,7d Js,1,1,5,0.0010897633985047037,9.992016378913245e-07,0.0011129718757216778,9.845544324998946e-07,6,1,0.0,1e-05,1.0,0.99999,1.0,0.99999
Jd Jh 9h Ts 9c,7d Qc,1,1,5,0.0010897633985047037,9.992016378913245e-07,0.0011517703308889,9.89431879341596e-07,1,4,1.0,0.999975458592474,0.0,2.454140752597793e-05,1.0,0.99999
Jd Jh 9h Ts 9c,7d Qd,1,1,5,0.0010897633985047037,9.992016378913245e-07,0.0011502736931445468,9.887677977595666e-07,1,4,1.0,0.999975458592474,0.0,2.454140752597793e-05,1.0,0.99999
Jd Jh 9h Ts 9c,7d Qh,1,1,5,0.0010897633985047037,9.992016378913245e-07,0.0011504843734568997,9.89431879341596e-07,1,4,1.0,0.999975458592474,0.0,2.454140752597793e-05,1.0,0.99999
Jd Jh 9h Ts 9c,7d Qs,1,1,5,0.0010897633985047037,9.992016378913245e-07,0.0011517703308889,9.895587045965822e-07,1,4,1.0,0.999975458592474,0.0,2.454140752597793e-05,1.0,0.99999
Jd Jh 9h Ts 9c,7d Kc,1,1,5,0.0003632544661682346,9.992016378913245e-07,0.00036537085534754876,9.90120299450066e-07,1,12,1.0,0.999975458592474,0.0,2.454140752597793e-05,1.0,0.99999
Jd Jh 9h Ts 9c,7d Kd,1,1,5,0.0010897633985047037,0.001919597406101949,0.001099463365836305,0.0019099985821143456,1,11,1.0,0.999975458592474,0.0,2.454140752597793e-05,1.0,0.99999
Jd Jh 9h Ts 9c,7d Kh,1,1,5,0.0003632544661682346,9.992016378913245e-07,0.00036537085534754876,9.90120299450066e-07,1,12,1.0,0.999975458592474,0.0,2.454140752597793e-05,1.0,0.99999
Jd Jh 9h Ts 9c,7d Ks,1,1,5,0.0003632544661682346,9.992016378913245e-07,0.00036750016479362643,9.934142872063823e-07,1,11,1.0,0.999975458592474,0.0,2.454140752597793e-05,1.0,0.99999
Jd Jh 9h Ts 9c,7d Ac,1,1,5,0.0006513110127957995,0.0006097542112612488,0.0006946557841556663,0.0006008207849146473,11,9,0.0,1e-05,1.0,0.99999,1.0,0.99999
Jd Jh 9h Ts 9c,7d Ad,1,1,5,0.0010897633985047037,9.992016378913245e-07,0.0011701027789249876,9.847366700654942e-07,7,9,0.0,1e-05,1.0,0.99999,1.0,0.99999
Jd Jh 9h Ts 9c,7d Ah,1,1,5,0.0006513110127957995,0.0006097542112612488,0.0007005052657561356,0.0006010739248750557,7,9,0.0,1e-05,1.0,0.99999,1.0,0.99999
Jd Jh 9h Ts 9c,7d As,1,1,5,0.0006513110127957995,0.0006097542112612488,0.0006946886488520525,0.0006003826704792288,11,9,0.0,1e-05,1.0,0.99999,1.0,0.99999
Jd Jh 9h Ts 9c,7h 7s,1,1,5,0.0010897633985047037,9.992016378913245e-07,0.0011711093772471624,9.772143418151538e-07,9,0,0.0,4.901216236325383e-05,1.0,0.9999509878376367,0.0,0.04823760830274542
Jd Jh 9h Ts 9c,7h 8c,1,1,5,0.0010897633985047037,9.992016378913245e-07,0.0011421065885178349,9.871514702739618e-07,12,7,0.0,1e-05,1.0,0.99999,1.0,0.99999
Jd Jh 9h Ts 9c,7h 8d,1,1,5,0.0010897633985047037,9.992016378913245e-07,0.0011435299604836305,9.870082116770682e-07,12,7,0.0,1e-05,1.0,0.99999,1.0,0.99999
Jd Jh 9h Ts 9c,7h 8h,1,1,5,0.0010897633985047037,9.992016378913245e-07,0.0011414005289387614,9.871514702739618e-07,12,7,0.0,1e-05,1.0,0.99999,1.0,0.99999
Jd Jh 9h Ts 9c,7h 8s,1,1,5,0.0010897633985047037,9.992016378913245e-07,0.0011442360200627037,9.877991185140839e-07,12,7,0.0,1e-05,1.0,0.99999,1.0,0.99999
Jd Jh 9h Ts 9c,7h 9d,1,1,5,0.0010897633985047037,9.992016378913245e-07,0.0011424142579015304,9.82713205280561e-07,13,8,0.0,1e-05,1.0,0.99999,1.0,0.99999
Jd Jh 9h Ts 9c,7h 9s,1,1,5,0.0010897633985047037,9.992016378913245e-07,0.0011413427166048454,9.830136499851694e-07,13,8,0.0,1e-05,1.0,0.99999,1.0,0.99999
Jd Jh 9h Ts 9c,7h Tc,1,1,5,0.0010897633985047037,9.992016378913245e-07,0.001146743778199101,9.9038638184017e-07,15,3,0.0,1e-05,1.0,0.99999,1.0,0.99999
Jd Jh 9h Ts 9c,7h Td,1,1,5,0.0010897633985047037,9.992016378913245e-07,0.0011504758537655394,9.892011101116504e-07,5,3,0.0,1e-05,1.0,0.99999,1.0,0.99999
Jd Jh 9h Ts 9c,7h Th,1,1,5,0.0010897633985047037,9.992016378913245e-07,0.0011471536487862896,9.9038638184017e-07,15,3,0.0,1e-05,1.0,0.99999,1.0,0.99999
Jd Jh 9h Ts 9c,7h Jc,1,1,5,0.0010897633985047037,9.992016378913245e-07,0.0011103113414519246,9.846483526867903e-07,6,1,0.0,1e-05,1.0,0.99999,1.0,0.99999
Jd Jh 9h Ts 9c,7h Js,1,1,5,0.0010897633985047037,9.992016378913245e-07,0.0011129718757216778,9.837635256628792e-07,6,1,0.0,1e-05,1.0,0.99999,1.0,0.99999
Jd Jh 9h Ts 9c,7h Qc,1,1,5,0.0010897633985047037,9.992016378913245e-07,0.0011517703308889,9.886409725045806e-07,1,4,1.0,0.999975458592474,0.0,2.454140752597793e-05,1.0,0.99999
Jd Jh 9h Ts 9c,7h Qd,1,1,5,0.0010897633985047037,9.992016378913245e-07,0.0011502736931445468,9.879768909225512e-07,1,4,1.0,0.999975458592474,0.0,2.454140752597793e-05,1.0,0.99999
Jd Jh 9h Ts 9c,7h Qh,1,1,5,0.0010897633985047037,9.992016378913245e-07,0.0011504843734568997,9.886409725045806e-07,1,4,1.0,0.999975458592474,0.0,2.454140752597793e-05,1.0,0.99999
Jd Jh 9h Ts 9c,7h Qs,1,1,5,0.0010897633985047037,9.992016378913245e-07,0.0011517703308889,9.887677977595666e-07,1,4,1.0,0.999975458592474,0.0,2.454140752597793e-05,1.0,0.99999
Jd Jh 9h Ts 9c,7h Kc,1,1,5,0.0003632544661682346,9.992016378913245e-07,0.0003653708553475488,9.893293926130506e-07,1,12,1.0,0.999975458592474,0.0,2.454140752597793e-05,1.0,0.99999
Jd Jh 9h Ts 9c,7h Kd,1,1,5,0.0003632544661682346,9.992016378913245e-07,0.00036572846617914477,9.926233803693666e-07,1,12,1.0,0.999975458592474,0.0,2.454140752597793e-05,1.0,0.99999
Jd Jh 9h Ts 9c,7h Kh,1,1,5,0.0010897633985047037,0.001919597406101949,0.0010983905333415173,0.001902150963807687,1,12,1.0,0.999975458592474,0.0,2.454140752597793e-05,1.0,0.99999
Jd Jh 9h Ts 9c,7h Ks,1,1,5,0.0003632544661682346,9.992016378913245e-07,0.0003675001647936265,9.926233803693666e-07,1,12,1.0,0.999975458592474,0.0,2.454140752597793e-05,1.0,0.99999
Jd Jh 9h Ts 9c,7h Ac,1,1,5,0.0006513110127957995,0.0006097542112612488,0.0006946557841556663,0.0006003381408153009,11,9,0.0,1e-05,1.0,0.99999,1.0,0.99999
Jd Jh 9h Ts 9c,7h Ad,1,1,5,0.0006513110127957995,0.0006097542112612488,0.0006997588481127261,0.0006001531663402907,7,9,0.0,1e-05,1.0,0.99999,1.0,0.99999
Jd Jh 9h Ts 9c,7h Ah,1,1,5,0.0010897633985047037,9.992016378913245e-07,0.0011713516732501335,9.84663699494222e-07,7,9,0.0,1e-05,1.0,0.99999,1.0,0.99999
Jd Jh 9h Ts 9c,7h As,1,1,5,0.0006513110127957995,0.0006097542112612488,0.0006946886488520525,0.0005999000263798824,11,9,0.0,1e-05,1.0,0.99999,1.0,0.99999
Jd Jh 9h Ts 9c,7s 8c,1,1,5,0.0010897633985047037,9.992016378913245e-07,0.0011383415226169603,9.879423771109772e-07,12,7,0.0,1e-05,1.0,0.99999,1.0,0.99999
Jd Jh 9h Ts 9c,7s 8d,1,1,5,0.0010897633985047037,9.992016378913245e-07,0.0011397648945827557,9.877991185140839e-07,12,7,0.0,1e-05,1.0,0.99999,1.0,0.99999
Jd Jh 9h Ts 9c,7s 8h,1,1,5,0.0010897633985047037,9.992016378913245e-07,0.0011376354630378868,9.879423771109772e-07,12,7,0.0,1e-05,1.0,0.99999,1.0,0.99999
Jd Jh 9h Ts 9c,7s 8s,1,1,5,0.0010897633985047037,9.992016378913245e-07,0.0011404709541618292,9.885900253510993e-07,12,7,0.0,1e-05,1.0,0.99999,1.0,0.99999
Jd Jh 9h Ts 9c,7s 9d,1,1,5,0.0010897633985047037,9.992016378913245e-07,0.001138649192000656,9.835041121175765e-07,13,8,0.0,1e-05,1.0,0.99999,1.0,0.99999
Jd Jh 9h Ts 9c,7s 9s,1,1,5,0.0003632544661682346,9.992016378913245e-07,0.00037919255023465687,9.830136499851694e-07,13,8,0.0,1e-05,1.0,0.99999,1.0,0.99999
Jd Jh 9h Ts 9c,7s Tc,1,1,5,0.0010897633985047037,9.992016378913245e-07,0.0011429787122982265,9.911772886771854e-07,15,3,0.0,1e-05,1.0,0.99999,1.0,0.99999
Jd Jh 9h Ts 9c,7s Td,1,1,5,0.0010897633985047037,9.992016378913245e-07,0.0011467107878646648,9.89992016948666e-07,15,3,0.0,1e-05,1.0,0.99999,1.0,0.99999
Jd Jh 9h Ts 9c,7s Th,1,1,5,0.0010897633985047037,9.992016378913245e-07,0.0011433885828854148,9.911772886771854e-07,15,3,0.0,1e-05,1.0,0.99999,1.0,0.99999
Jd Jh 9h Ts 9c,7s Jc,1,1,5,0.0010897633985047037,9.992016378913245e-07,0.0011065462755510502,9.854392595238057e-07,6,1,0.0,1e-05,1.0,0.99999,1.0,0.99999
Jd Jh 9h Ts 9c,7s Js,1,1,5,0.0010897633985047037,0.003172093308514639,0.0011129718757216778,0.0031255938829245038,6,1,0.0,1e-05,1.0,0.99999,1.0,0.99999
Jd Jh 9h Ts 9c,7s Qc,1,1,5,0.0010897633985047037,9.992016378913245e-07,0.0011480052649880253,9.89431879341596e-07,1,4,1.0,0.999975458592474,0.0,2.454140752597793e-05,1.0,0.99999
Jd Jh 9h Ts 9c,7s Qd,1,1,5,0.0010897633985047037,9.992016378913245e-07,0.0011465086272436722,9.887677977595666e-07,1,4,1.0,0.999975458592474,0.0,2.454140752597793e-05,1.0,0.99999
Jd Jh 9h Ts 9c,7s Qh,1,1,5,0.0010897633985047037,9.992016378913245e-07,0.001146719307556025,9.89431879341596e-07,1,4,1.0,0.999975458592474,0.0,2.454140752597793e-05,1.0,0.99999
Jd Jh 9h Ts 9c,7s Qs,1,1,5,0.0010897633985047037,9.992016378913245e-07,0.0011480052649880251,9.895587045965822e-07,1,4,1.0,0.999975458592474,0.0,2.454140752597793e-05,1.0,0.99999
Jd Jh 9h Ts 9c,7s Kc,1,1,5,0.0003632544661682346,9.992016378913245e-07,0.0003641158333805906,9.901202994500662e-07,1,12,1.0,0.999975458592474,0.0,2.454140752597793e-05,1.0,0.99999
Jd Jh 9h Ts 9c,7s Kd,1,1,5,0.0003632544661682346,9.992016378913245e-07,0.0003644734442121865,9.934142872063823e-07,1,11,1.0,0.999975458592474,0.0,2.454140752597793e-05,1.0,0.99999
Jd Jh 9h Ts 9c,7s Kh,1,1,5,0.0003632544661682346,9.992016378913245e-07,0.0003641158333805906,9.90120299450066e-07,1,12,1.0,0.999975458592474,0.0,2.454140752597793e-05,1.0,0.99999
Jd Jh 9h Ts 9c,7s Ks,1,1,5,0.0010897633985047037,0.001919597406101949,0.0011010133957788757,0.0019099985821143456,1,11,1.0,0.999975458592474,0.0,2.454140752597793e-05,1.0,0.99999
Jd Jh 9h Ts 9c,7s Ac,1,1,5,0.0006513110127957995,0.0006097542112612488,0.0006924055444352771,0.0006008207849146473,11,9,0.0,1e-05,1.0,0.99999,1.0,0.99999
Jd Jh 9h Ts 9c,7s Ad,1,1,5,0.0006513110127957995,0.0006097542112612488,0.0006975086083923368,0.0006006358104396371,7,9,0.0,1e-05,1.0,0.99999,1.0,0.99999
Jd Jh 9h Ts 9c,7s Ah,1,1,5,0.0006513110127957995,0.0006097542112612488,0.0006982550260357463,0.0006010739248750557,7,9,0.0,1e-05,1.0,0.99999,1.0,0.99999
Jd Jh 9h Ts 9c,7s As,1,1,5,0.0010897633985047037,9.992016378913245e-07,0.0011578543349315335,9.843218506868259e-07,11,9,0.0,1e-05,1.0,0.99999,1.0,0.99999
Jd Jh 9h Ts 9c,8c 8d,1,1,5,0.0010897633985047037,9.992016378913245e-07,0.0011107621058534284,9.97736246972892e-07,9,13,0.0,4.901216236325383e-05,1.0,0.9999509878376367,1.0,5.180581853613921e-05
Jd Jh 9h Ts 9c,8c 8h,1,1,5,0.0010897633985047037,9.992016378913245e-07,0.001108632674308559,9.978795055697854e-07,9,13,0.0,4.901216236325383e-05,1.0,0.9999509878376367,1.0,5.180581853613921e-05
Jd Jh 9h Ts 9c,8c 8s,1,1,5,0.0010897633985047037,9.992016378913245e-07,0.0011114681654325015,9.985271538099075e-07,9,13,0.0,4.901216236325383e-05,1.0,0.9999509878376367,1.0,5.180581853613921e-05
Jd Jh 9h Ts 9c,8c 9d,1,1,5,0.0009581693277418715,0.0017944944552967296,0.0009775236585365054,0.001783891912828806,13,8,0.0,1e-05,1.0,0.99999,1.0,0.99999
Jd Jh 9h Ts 9c,8c 9s,1,1,5,0.0009581693277418715,0.0017944944552967296,0.000976581510905835,0.001784431489963288,13,8,0.0,1e-05,1.0,0.99999,1.0,0.99999
Jd Jh 9h Ts 9c,8c Tc,1,1,5,0.0010897633985047037,9.992016378913245e-07,0.001113975923568899,1.0011144171359934e-06,10,3,0.0,1e-05,1.0,0.99999,1.0,0.99999
Jd Jh 9h Ts 9c,8c Td,1,1,5,0.0003632544661682346,9.992016378913245e-07,0.0003725693330451123,9.991382385704584e-07,10,3,0.0,1e-05,1.0,0.99999,1.0,0.99999
Jd Jh 9h Ts 9c,8c Th,1,1,5,0.0003632544661682346,9.992016378913245e-07,0.0003714619313853624,1.000323510298978e-06,10,3,0.0,1e-05,1.0,0.99999,1.0,0.99999
Jd Jh 9h Ts 9c,8c Jc,1,1,5,0.0010897633985047037,9.992016378913245e-07,0.0010775434868217225,9.953763879826137e-07,6,1,0.0,1e-05,1.0,0.99999,1.0,0.99999
Jd Jh 9h Ts 9c,8c Js,1,1,5,0.0010897633985047037,0.0005956717596356994,0.0010809100806705488,0.0005928638580990233,6,1,0.0,1e-05,1.0,0.99999,1.0,0.99999
Jd Jh 9h Ts 9c,8c Qc,1,1,5,0.0010897633985047037,9.992016378913245e-07,0.0011190024762586976,9.993690078004042e-07,8,7,0.0,1e-05,1.0,0.99999,1.0,0.99999
Jd Jh 9h Ts 9c,8c Qd,1,1,5,0.0010897633985047037,0.002556298600947821,0.0011205397663356614,0.0025550278430682342,8,7,0.0,1e-05,1.0,0.99999,1.0,0.99999
Jd Jh 9h Ts 9c,8c Qh,1,1,5,0.0010897633985047037,0.002556298600947821,0.0011207504466480144,0.0025567267902623556,8,7,0.0,1e-05,1.0,0.99999,1.0,0.99999
Jd Jh 9h Ts 9c,8c Qs,1,1,5,0.0010897633985047037,0.002556298600947821,0.0011220364040800145,0.002557051252522616,8,7,0.0,1e-05,1.0,0.99999,1.0,0.99999
Jd Jh 9h Ts 9c,8c Kc,1,1,5,0.0010897633985047037,9.992016378913245e-07,0.001063344711412444,1.0008483347458898e-06,1,2,1.0,0.999975458592474,0.0,2.454140752597793e-05,1.0,0.99999
Jd Jh 9h Ts 9c,8c Kd,1,1,5,9.998960108148754e-07,9.992016378913245e-07,9.766403032571798e-07,1.0029570507736863e-06,1,2,1.0,0.999975458592474,0.0,2.454140752597793e-05,1.0,0.99999
Jd Jh 9h Ts 9c,8c Kh,1,1,5,9.998960108148754e-07,9.992016378913245e-07,9.756559419423449e-07,9.996630630173702e-07,1,2,1.0,0.999975458592474,0.0,2.454140752597793e-05,1.0,0.99999
Jd Jh 9h Ts 9c,8c Ks,1,1,5,9.998960108148754e-07,9.992016378913245e-07,9.815170894827513e-07,1.0029570507736863e-06,1,2,1.0,0.999975458592474,0.0,2.454140752597793e-05,1.0,0.99999
Jd Jh 9h Ts 9c,8c Ac,1,1,5,0.0003632544661682346,9.992016378913245e-07,0.0003762655191687656,9.941860085743618e-07,11,9,0.0,1e-05,1.0,0.99999,1.0,0.99999
Jd Jh 9h Ts 9c,8c Ad,1,1,5,0.0013842147296985242,9.992016378913245e-07,0.001444639962187721,9.949943500834696e-07,11,9,0.0,1e-05,1.0,0.99999,1.0,0.99999
Jd Jh 9h Ts 9c,8c Ah,1,1,5,0.0013842147296985242,9.992016378913245e-07,0.0014462263046204691,9.95712286349213e-07,11,9,0.0,1e-05,1.0,0.99999,1.0,0.99999
Jd Jh 9h Ts 9c,8c As,1,1,5,0.0013842147296985242,9.992016378913245e-07,0.0014338643966572001,9.945795307048013e-07,11,9,0.0,1e-05,1.0,0.99999,1.0,0.99999
Jd Jh 9h Ts 9c,8d 8h,1,1,5,0.0010897633985047037,9.992016378913245e-07,0.001110056046274355,9.97736246972892e-07,9,13,0.0,4.901216236325383e-05,1.0,0.9999509878376367,1.0,5.180581853613921e-05
Jd Jh 9h Ts 9c,8d 8s,1,1,5,0.0010897633985047037,9.992016378913245e-07,0.0011128915373982973,9.983838952130141e-07,9,13,0.0,4.901216236325383e-05,1.0,0.9999509878376367,1.0,5.180581853613921e-05
Jd Jh 9h Ts 9c,8d 9d,1,1,5,0.0010897633985047037,9.992016378913245e-07,0.001111069775237124,9.93297981979491e-07,13,8,0.0,1e-05,1.0,0.99999,1.0,0.99999
Jd Jh 9h Ts 9c,8d 9s,1,1,5,0.0009581693277418715,0.0017944944552967296,0.0009778330039927421,0.0017841742078011597,13,8,0.0,1e-05,1.0,0.99999,1.0,0.99999
Jd Jh 9h Ts 9c,8d Tc,1,1,5,0.0003632544661682346,9.992016378913245e-07,0.00037179976517823145,1.0001802517020844e-06,10,3,0.0,1e-05,1.0,0.99999,1.0,0.99999
Jd Jh 9h Ts 9c,8d Td,1,1,5,0.0010897633985047037,9.992016378913245e-07,0.0011191313711011327,9.997858868105804e-07,10,3,0.0,1e-05,1.0,0.99999,1.0,0.99999
Jd Jh 9h Ts 9c,8d Th,1,1,5,0.0003632544661682346,9.992016378913245e-07,0.00037193638870729423,1.0001802517020844e-06,10,3,0.0,1e-05,1.0,0.99999,1.0,0.99999
Jd Jh 9h Ts 9c,8d Jc,1,1,5,0.0010897633985047037,0.0005956717596356994,0.0010796729183665914,0.0005933059424121997,6,1,0.0,1e-05,1.0,0.99999,1.0,0.99999
Jd Jh 9h Ts 9c,8d Js,1,1,5,0.0010897633985047037,0.0005956717596356994,0.0010823334526363444,0.0005927784548157836,6,1,0.0,1e-05,1.0,0.99999,1.0,0.99999
Jd Jh 9h Ts 9c,8d Qc,1,1,5,0.0010897633985047037,0.002556298600947821,0.00112345977604581,0.0025563602859083544,8,7,0.0,1e-05,1.0,0.99999,1.0,0.99999
Jd Jh 9h Ts 9c,8d Qd,1,1,5,0.0010897633985047037,9.992016378913245e-07,0.00111892921048014,9.985616676214814e-07,8,7,0.0,1e-05,1.0,0.99999,1.0,0.99999
Jd Jh 9h Ts 9c,8d Qh,1,1,5,0.0010897633985047037,0.002556298600947821,0.0011221738186138097,0.0025563602859083544,8,7,0.0,1e-05,1.0,0.99999,1.0,0.99999
Jd Jh 9h Ts 9c,8d Qs,1,1,5,0.0010897633985047037,0.002556298600947821,0.00112345977604581,0.0025566847481686148,8,7,0.0,1e-05,1.0,0.99999,1.0,0.99999
Jd Jh 9h Ts 9c,8d Kc,1,1,5,9.998960108148754e-07,9.992016378913245e-07,9.769619354749388e-07,9.995198044204769e-07,1,2,1.0,0.999975458592474,0.0,2.454140752597793e-05,1.0,0.99999
Jd Jh 9h Ts 9c,8d Kd,1,1,5,0.0010897633985047037,9.992016378913245e-07,0.0010658409158730276,1.0039990639053126e-06,1,2,1.0,0.999975458592474,0.0,2.454140752597793e-05,1.0,0.99999
Jd Jh 9h Ts 9c,8d Kh,1,1,5,9.998960108148754e-07,9.992016378913245e-07,9.769619354749388e-07,9.995198044204769e-07,1,2,1.0,0.999975458592474,0.0,2.454140752597793e-05,1.0,0.99999
Jd Jh 9h Ts 9c,8d Ks,1,1,5,9.998960108148754e-07,9.992016378913245e-07,9.828230830153452e-07,1.002813792176793e-06,1,2,1.0,0.999975458592474,0.0,2.454140752597793e-05,1.0,0.99999
Jd Jh 9h Ts 9c,8d Ac,1,1,5,0.0013842147296985242,9.992016378913245e-07,0.001435602513647227,9.951542083736514e-07,11,9,0.0,1e-05,1.0,0.99999,1.0,0.99999
Jd Jh 9h Ts 9c,8d Ad,1,1,5,0.0003632544661682346,9.992016378913245e-07,0.0003795860987535269,9.937396330903934e-07,11,9,0.0,1e-05,1.0,0.99999,1.0,0.99999
Jd Jh 9h Ts 9c,8d Ah,1,1,5,0.0013842147296985242,9.992016378913245e-07,0.0014480342681138273,9.955690277523194e-07,11,9,0.0,1e-05,1.0,0.99999,1.0,0.99999
Jd Jh 9h Ts 9c,8d As,1,1,5,0.0013842147296985242,9.992016378913245e-07,0.001435672360150558,9.94436272107908e-07,11,9,0.0,1e-05,1.0,0.99999,1.0,0.99999
Jd Jh 9h Ts 9c,8h 8s,1,1,5,0.0010897633985047037,9.992016378913245e-07,0.0011107621058534282,9.985271538099075e-07,9,13,0.0,4.901216236325383e-05,1.0,0.9999509878376367,1.0,5.180581853613921e-05
Jd Jh 9h Ts 9c,8h 9d,1,1,5,0.0009581693277418715,0.0017944944552967296,0.0009769028589820747,0.001783891912828806,13,8,0.0,1e-05,1.0,0.99999,1.0,0.99999
Jd Jh 9h Ts 9c,8h 9s,1,1,5,0.0009581693277418715,0.0017944944552967296,0.0009759607113514045,0.001784431489963288,13,8,0.0,1e-05,1.0,0.99999,1.0,0.99999
Jd Jh 9h Ts 9c,8h Tc,1,1,5,0.0003632544661682346,9.992016378913245e-07,0.00037108995466327515,1.000323510298978e-06,10,3,0.0,1e-05,1.0,0.99999,1.0,0.99999
Jd Jh 9h Ts 9c,8h Td,1,1,5,0.0003632544661682346,9.992016378913245e-07,0.00037233397985208784,9.991382385704584e-07,10,3,0.0,1e-05,1.0,0.99999,1.0,0.99999
Jd Jh 9h Ts 9c,8h Th,1,1,5,0.0010897633985047037,9.992016378913245e-07,0.001113679734577014,1.0011144171359934e-06,10,3,0.0,1e-05,1.0,0.99999,1.0,0.99999
Jd Jh 9h Ts 9c,8h Jc,1,1,5,0.0010897633985047037,0.0005956717596356994,0.0010775434868217225,0.0005933913456954394,6,1,0.0,1e-05,1.0,0.99999,1.0,0.99999
Jd Jh 9h Ts 9c,8h Js,1,1,5,0.0010897633985047037,0.0005956717596356994,0.0010802040210914755,0.0005928638580990233,6,1,0.0,1e-05,1.0,0.99999,1.0,0.99999
Jd Jh 9h Ts 9c,8h Qc,1,1,5,0.0010897633985047037,0.002556298600947821,0.001121330344500941,0.0025567267902623556,8,7,0.0,1e-05,1.0,0.99999,1.0,0.99999
Jd Jh 9h Ts 9c,8h Qd,1,1,5,0.0010897633985047037,0.002556298600947821,0.0011198337067565883,0.0025550278430682342,8,7,0.0,1e-05,1.0,0.99999,1.0,0.99999
Jd Jh 9h Ts 9c,8h Qh,1,1,5,0.0010897633985047037,9.992016378913245e-07,0.001117010459247624,9.993690078004042e-07,8,7,0.0,1e-05,1.0,0.99999,1.0,0.99999
Jd Jh 9h Ts 9c,8h Qs,1,1,5,0.0010897633985047037,0.002556298600947821,0.001121330344500941,0.002557051252522616,8,7,0.0,1e-05,1.0,0.99999,1.0,0.99999
Jd Jh 9h Ts 9c,8h Kc,1,1,5,9.998960108148754e-07,9.992016378913245e-07,9.750081075982279e-07,9.996630630173702e-07,1,2,1.0,0.999975458592474,0.0,2.454140752597793e-05,1.0,0.99999
Jd Jh 9h Ts 9c,8h Kd,1,1,5,9.998960108148754e-07,9.992016378913245e-07,9.759924689130626e-07,1.0029570507736863e-06,1,2,1.0,0.999975458592474,0.0,2.454140752597793e-05,1.0,0.99999
Jd Jh 9h Ts 9c,8h Kh,1,1,5,0.0010897633985047037,9.992016378913245e-07,0.001062638651833371,1.0008483347458898e-06,1,2,1.0,0.999975458592474,0.0,2.454140752597793e-05,1.0,0.99999
Jd Jh 9h Ts 9c,8h Ks,1,1,5,9.998960108148754e-07,9.992016378913245e-07,9.80869255138634e-07,1.0029570507736863e-06,1,2,1.0,0.999975458592474,0.0,2.454140752597793e-05,1.0,0.99999
Jd Jh 9h Ts 9c,8h Ac,1,1,5,0.0013842147296985242,9.992016378913245e-07,0.001432897715051186,9.952974669705447e-07,11,9,0.0,1e-05,1.0,0.99999,1.0,0.99999
Jd Jh 9h Ts 9c,8h Ad,1,1,5,0.0013842147296985242,9.992016378913245e-07,0.0014437431270850377,9.949943500834696e-07,11,9,0.0,1e-05,1.0,0.99999,1.0,0.99999
Jd Jh 9h Ts 9c,8h Ah,1,1,5,0.0003632544661682346,9.992016378913245e-07,0.0003792925863469526,9.946008279530301e-07,11,9,0.0,1e-05,1.0,0.99999,1.0,0.99999
Jd Jh 9h Ts 9c,8h As,1,1,5,0.0013842147296985242,9.992016378913245e-07,0.0014329675615545176,9.945795307048013e-07,11,9,0.0,1e-05,1.0,0.99999,1.0,0.99999
Jd Jh 9h Ts 9c,8s 9d,1,1,5,0.0009581693277418715,0.0017944944552967296,0.000979395951177843,0.0017850550426034273,13,8,0.0,1e-05,1.0,0.99999,1.0,0.99999
Jd Jh 9h Ts 9c,8s 9s,1,1,5,0.0010897633985047037,9.992016378913245e-07,0.0011107042935195122,9.94389333521115e-07,13,8,0.0,1e-05,1.0,0.99999,1.0,0.99999
Jd Jh 9h Ts 9c,8s Tc,1,1,5,0.0003632544661682346,9.992016378913245e-07,0.0003720351183712559,1.0009711585391e-06,10,3,0.0,1e-05,1.0,0.99999,1.0,0.99999
Jd Jh 9h Ts 9c,8s Td,1,1,5,0.0003632544661682346,9.992016378913245e-07,0.00037327914356006863,9.997858868105804e-07,10,3,0.0,1e-05,1.0,0.99999,1.0,0.99999
Jd Jh 9h Ts 9c,8s Th,1,1,5,0.0003632544661682346,9.992016378913245e-07,0.00037217174190031866,1.0009711585391e-06,10,3,0.0,1e-05,1.0,0.99999,1.0,0.99999
Jd Jh 9h Ts 9c,8s Jc,1,1,5,0.0010897633985047037,0.0005956717596356994,0.0010803789779456647,0.0005937774397050857,6,1,0.0,1e-05,1.0,0.99999,1.0,0.99999
Jd Jh 9h Ts 9c,8s Js,1,1,5,0.0010897633985047037,9.992016378913245e-07,0.0010823334526363446,9.951392091988247e-07,6,1,0.0,1e-05,1.0,0.99999,1.0,0.99999
Jd Jh 9h Ts 9c,8s Qc,1,1,5,0.0010897633985047037,0.002556298600947821,0.0011241658356248834,0.002558383695362736,8,7,0.0,1e-05,1.0,0.99999,1.0,0.99999
Jd Jh 9h Ts 9c,8s Qd,1,1,5,0.0010897633985047037,0.002556298600947821,0.0011226691978805305,0.0025566847481686148,8,7,0.0,1e-05,1.0,0.99999,1.0,0.99999
Jd Jh 9h Ts 9c,8s Qh,1,1,5,0.0010897633985047037,0.002556298600947821,0.001122879878192883,0.002558383695362736,8,7,0.0,1e-05,1.0,0.99999,1.0,0.99999
Jd Jh 9h Ts 9c,8s Qs,1,1,5,0.0010897633985047037,9.992016378913245e-07,0.0011211319078035667,1.0001434812955123e-06,8,7,0.0,1e-05,1.0,0.99999,1.0,0.99999
Jd Jh 9h Ts 9c,8s Kc,1,1,5,9.998960108148754e-07,9.992016378913245e-07,9.77609769819056e-07,1.0003107112574923e-06,1,2,1.0,0.999975458592474,0.0,2.454140752597793e-05,1.0,0.99999
Jd Jh 9h Ts 9c,8s Kd,1,1,5,9.998960108148754e-07,9.992016378913245e-07,9.785941311338907e-07,1.0036046990138083e-06,1,2,1.0,0.999975458592474,0.0,2.454140752597793e-05,1.0,0.99999
Jd Jh 9h Ts 9c,8s Kh,1,1,5,9.998960108148754e-07,9.992016378913245e-07,9.77609769819056e-07,1.0003107112574923e-06,1,2,1.0,0.999975458592474,0.0,2.454140752597793e-05,1.0,0.99999
Jd Jh 9h Ts 9c,8s Ks,1,1,5,0.0010897633985047037,9.992016378913245e-07,0.0010718620712955463,1.0047899707423277e-06,1,2,1.0,0.999975458592474,0.0,2.454140752597793e-05,1.0,0.99999
Jd Jh 9h Ts 9c,8s Ac,1,1,5,0.0013842147296985242,9.992016378913245e-07,0.00143649934874991,9.959451152106668e-07,11,9,0.0,1e-05,1.0,0.99999,1.0,0.99999
Jd Jh 9h Ts 9c,8s Ad,1,1,5,0.0013842147296985242,9.992016378913245e-07,0.0014473447607837617,9.956419983235917e-07,11,9,0.0,1e-05,1.0,0.99999,1.0,0.99999
Jd Jh 9h Ts 9c,8s Ah,1,1,5,0.0013842147296985242,9.992016378913245e-07,0.0014489311032165103,9.96359934589335e-07,11,9,0.0,1e-05,1.0,0.99999,1.0,0.99999
Jd Jh 9h Ts 9c,8s As,1,1,5,0.0003632544661682346,9.992016378913245e-07,0.0003769936592490249,9.941157205487406e-07,11,9,0.0,1e-05,1.0,0.99999,1.0,0.99999
Jd Jh 9h Ts 9c,9d 9s,1,1,5,0.0010897633985047037,9.992016378913245e-07,0.0011088825313583387,9.89303420287592e-07,6,1,0.0,1e-05,1.0,0.99999,1.0,0.99999
Jd Jh 9h Ts 9c,9d Tc,1,1,5,9.998960108148754e-07,0.0027990975374701218,1.025442385520533e-06,0.002788702466322474,13,8,0.0,1e-05,1.0,0.99999,1.0,0.99999
Jd Jh 9h Ts 9c,9d Td,1,1,5,0.0010897633985047037,9.992016378913245e-07,0.0011180156685190326,9.954908804140727e-07,13,8,0.0,1e-05,1.0,0.99999,1.0,0.99999
Jd Jh 9h Ts 9c,9d Th,1,1,5,9.998960108148754e-07,0.0027990975374701218,1.0258184561113073e-06,0.002788702466322474,13,8,0.0,1e-05,1.0,0.99999,1.0,0.99999
Jd Jh 9h Ts 9c,9d Jc,1,1,5,0.00027698153045327883,0.004645134416304791,0.00027535531552338446,0.004602605184644975,6,1,0.0,1e-05,1.0,0.99999,1.0,0.99999
Jd Jh 9h Ts 9c,9d Js,1,1,5,0.00027698153045327883,0.004645134416304791,0.00027603153465028004,0.0045984917601815,6,1,0.0,1e-05,1.0,0.99999,1.0,0.99999
Jd Jh 9h Ts 9c,9d Qc,1,1,5,0.00047975324488780787,9.992016378913245e-07,0.0004927607911447625,9.942666612249737e-07,13,8,0.0,1e-05,1.0,0.99999,1.0,0.99999
Jd Jh 9h Ts 9c,9d Qd,1,1,5,0.0010897633985047037,9.992016378913245e-07,0.00111781350789804,9.942666612249737e-07,13,8,0.0,1e-05,1.0,0.99999,1.0,0.99999
Jd Jh 9h Ts 9c,9d Qh,1,1,5,0.00047975324488780787,9.992016378913245e-07,0.0004921946661935701,9.942666612249737e-07,13,8,0.0,1e-05,1.0,0.99999,1.0,0.99999
Jd Jh 9h Ts 9c,9d Qs,1,1,5,0.00047975324488780787,9.992016378913245e-07,0.0004927607911447625,9.943934864799598e-07,13,8,0.0,1e-05,1.0,0.99999,1.0,0.99999
Jd Jh 9h Ts 9c,9d Kc,1,1,5,0.004115545217512673,0.0009045830674866809,0.00402098727626309,0.0009050379108951549,0,8,0.0,1e-05,1.0,0.99999,1.0,0.99999
Jd Jh 9h Ts 9c,9d Kd,1,1,5,0.0010897633985047037,9.992016378913245e-07,0.0010647252132909278,9.997040575088048e-07,0,8,0.0,1e-05,1.0,0.99999,1.0,0.99999
Jd Jh 9h Ts 9c,9d Kh,1,1,5,0.004115545217512673,0.0009045830674866809,0.00402098727626309,0.000905037910895155,0,8,0.0,1e-05,1.0,0.99999,1.0,0.99999
Jd Jh 9h Ts 9c,9d Ks,1,1,5,0.004115545217512673,0.0009045830674866809,0.00404511160266119,0.0009080199772127807,0,8,0.0,1e-05,1.0,0.99999,1.0,0.99999
Jd Jh 9h Ts 9c,9d Ac,1,1,5,0.000430283564092135,9.992016378913245e-07,0.00044581694672838983,9.89820714152233e-07,13,8,0.0,1e-05,1.0,0.99999,1.0,0.99999
Jd Jh 9h Ts 9c,9d Ad,1,1,5,0.0010897633985047037,0.0010528696174153505,0.0011388914880036268,0.0010434219358767078,13,8,0.0,1e-05,1.0,0.99999,1.0,0.99999
Jd Jh 9h Ts 9c,9d Ah,1,1,5,0.000430283564092135,9.992016378913245e-07,0.00044968136133476534,9.902355335309013e-07,13,8,0.0,1e-05,1.0,0.99999,1.0,0.99999
Jd Jh 9h Ts 9c,9d As,1,1,5,0.000430283564092135,9.992016378913245e-07,0.00044583865853490943,9.891027778864896e-07,13,8,0.0,1e-05,1.0,0.99999,1.0,0.99999
Jd Jh 9h Ts 9c,9s Tc,1,1,5,9.998960108148754e-07,0.0027990975374701218,1.0244592089250912e-06,0.002789544112293542,13,8,0.0,1e-05,1.0,0.99999,1.0,0.99999
Jd Jh 9h Ts 9c,9s Td,1,1,5,9.998960108148754e-07,0.0027990975374701218,1.0278835187120244e-06,0.0027862237702817594,13,8,0.0,1e-05,1.0,0.99999,1.0,0.99999
Jd Jh 9h Ts 9c,9s Th,1,1,5,9.998960108148754e-07,0.0027990975374701218,1.0248352795158656e-06,0.002789544112293542,13,8,0.0,1e-05,1.0,0.99999,1.0,0.99999
Jd Jh 9h Ts 9c,9s Jc,1,1,5,0.00027698153045327883,0.004645134416304791,0.00027508296544381035,0.004604001905771773,6,1,0.0,1e-05,1.0,0.99999,1.0,0.99999
Jd Jh 9h Ts 9c,9s Js,1,1,5,0.0010897633985047037,0.002749532445915736,0.0010827035051202128,0.0027251854276904705,6,1,0.0,1e-05,1.0,0.99999,1.0,0.99999
Jd Jh 9h Ts 9c,9s Qc,1,1,5,0.00047975324488780787,9.992016378913245e-07,0.0004922890599278567,9.945671059295822e-07,13,8,0.0,1e-05,1.0,0.99999,1.0,0.99999
Jd Jh 9h Ts 9c,9s Qd,1,1,5,0.00047975324488780787,9.992016378913245e-07,0.0004916301858867024,9.939030243475527e-07,13,8,0.0,1e-05,1.0,0.99999,1.0,0.99999
Jd Jh 9h Ts 9c,9s Qh,1,1,5,0.00047975324488780787,9.992016378913245e-07,0.0004917229349766643,9.945671059295822e-07,13,8,0.0,1e-05,1.0,0.99999,1.0,0.99999
Jd Jh 9h Ts 9c,9s Qs,1,1,5,0.0010897633985047037,9.992016378913245e-07,0.0011182386043457082,9.953580127665976e-07,13,8,0.0,1e-05,1.0,0.99999,1.0,0.99999
Jd Jh 9h Ts 9c,9s Kc,1,1,5,0.004115545217512673,0.0009045830674866809,0.004016940547711745,0.0009053099052376366,0,8,0.0,1e-05,1.0,0.99999,1.0,0.99999
Jd Jh 9h Ts 9c,9s Kd,1,1,5,0.004115545217512673,0.0009045830674866809,0.004020992152536402,0.0009082919715552622,0,8,0.0,1e-05,1.0,0.99999,1.0,0.99999
Jd Jh 9h Ts 9c,9s Kh,1,1,5,0.004115545217512673,0.0009045830674866809,0.004016940547711744,0.0009053099052376367,0,8,0.0,1e-05,1.0,0.99999,1.0,0.99999
Jd Jh 9h Ts 9c,9s Ks,1,1,5,0.0010897633985047037,9.992016378913245e-07,0.001068968767837688,1.0000045022134133e-06,0,8,0.0,1e-05,1.0,0.99999,1.0,0.99999
Jd Jh 9h Ts 9c,9s Ac,1,1,5,0.000430283564092135,9.992016378913245e-07,0.00044539385800211937,9.901211588568413e-07,13,8,0.0,1e-05,1.0,0.99999,1.0,0.99999
Jd Jh 9h Ts 9c,9s Ad,1,1,5,0.000430283564092135,9.992016378913245e-07,0.00044876515758725656,9.898180419697665e-07,13,8,0.0,1e-05,1.0,0.99999,1.0,0.99999
Jd Jh 9h Ts 9c,9s Ah,1,1,5,0.000430283564092135,9.992016378913245e-07,0.0004492582726084948,9.905359782355096e-07,13,8,0.0,1e-05,1.0,0.99999,1.0,0.99999
Jd Jh 9h Ts 9c,9s As,1,1,5,0.0010897633985047037,0.0010528696174153505,0.0011293365686143625,0.0010433014180405147,13,8,0.0,1e-05,1.0,0.99999,1.0,0.99999
Jd Jh 9h Ts 9c,Tc Td,1,1,5,0.000557000596458035,0.0025882929916630493,0.0005752239421534354,0.002597054711918826,13,10,0.0,1e-05,1.0,0.99999,1.0,0.99999
Jd Jh 9h Ts 9c,Tc Th,1,1,5,0.000557000596458035,0.0025882929916630493,0.000573525894524439,0.0026001249936235455,13,10,0.0,1e-05,1.0,0.99999,1.0,0.99999
Jd Jh 9h Ts 9c,Tc Jc,1,1,5,0.0010897633985047037,0.0012594846309949277,0.0010836748865191924,0.0012587405148513208,6,1,0.0,1e-05,1.0,0.99999,1.0,0.99999
Jd Jh 9h Ts 9c,Tc Js,1,1,5,0.0010897633985047037,0.0009142746830593371,0.0010859255502017572,0.0009129248990951265,6,1,0.0,1e-05,1.0,0.99999,1.0,0.99999
Jd Jh 9h Ts 9c,Tc Qc,1,1,5,0.0010897633985047037,9.992016378913245e-07,0.0011236396659399638,1.0026039193666122e-06,14,6,0.0,1e-05,1.0,0.99999,1.0,0.99999
Jd Jh 9h Ts 9c,Tc Qd,1,1,5,0.0003632544661682346,9.992016378913245e-07,0.0003740476760652036,1.0011489309475672e-06,14,6,0.0,1e-05,1.0,0.99999,1.0,0.99999
Jd Jh 9h Ts 9c,Tc Qh,1,1,5,0.0003632544661682346,9.992016378913245e-07,0.0003741179028359878,1.0018130125295966e-06,14,6,0.0,1e-05,1.0,0.99999,1.0,0.99999
Jd Jh 9h Ts 9c,Tc Qs,1,1,5,0.0003632544661682346,9.992016378913245e-07,0.0003745465553133213,1.0019398377845828e-06,14,6,0.0,1e-05,1.0,0.99999,1.0,0.99999
Jd Jh 9h Ts 9c,Tc Kc,1,1,5,0.0010897633985047037,0.004477592586821157,0.0010732969969371557,0.004499467904922841,15,6,0.0,1e-05,1.0,0.99999,1.0,0.99999
Jd Jh 9h Ts 9c,Tc Kd,1,1,5,0.0010897633985047037,9.992016378913245e-07,0.0010690547335884984,1.0073772340684137e-06,15,6,0.0,1e-05,1.0,0.99999,1.0,0.99999
Jd Jh 9h Ts 9c,Tc Kh,1,1,5,0.0010897633985047037,9.992016378913245e-07,0.0010679819010937105,1.0040832463120978e-06,15,6,0.0,1e-05,1.0,0.99999,1.0,0.99999
Jd Jh 9h Ts 9c,Tc Ks,1,1,5,0.0010897633985047037,9.992016378913245e-07,0.0010743698294319436,1.0073772340684137e-06,15,6,0.0,1e-05,1.0,0.99999,1.0,0.99999
Jd Jh 9h Ts 9c,Tc Ac,1,1,5,0.0010897633985047037,0.0010991833697193644,0.0011347376302086182,0.0010980945167248257,3,6,0.0,1e-05,1.0,0.99999,1.0,0.99999
Jd Jh 9h Ts 9c,Tc Ad,1,1,5,0.0010897633985047037,9.992016378913245e-07,0.0011419721139760515,9.979087100905104e-07,3,6,0.0,1e-05,1.0,0.99999,1.0,0.99999
Jd Jh 9h Ts 9c,Tc Ah,1,1,5,0.0010897633985047037,9.992016378913245e-07,0.0011432210083011977,9.986266463562535e-07,3,6,0.0,1e-05,1.0,0.99999,1.0,0.99999
Jd Jh 9h Ts 9c,Tc As,1,1,5,0.0010897633985047037,9.992016378913245e-07,0.001133488735883472,9.97493890711842e-07,3,6,0.0,1e-05,1.0,0.99999,1.0,0.99999
Jd Jh 9h Ts 9c,Td Th,1,1,5,0.000557000596458035,0.0025882929916630493,0.0005754334354818475,0.002597054711918826,13,10,0.0,1e-05,1.0,0.99999,1.0,0.99999
Jd Jh 9h Ts 9c,Td Jc,1,1,5,0.0010897633985047037,0.0009142746830593371,0.0010869970914984424,0.0009126499906315431,6,1,0.0,1e-05,1.0,0.99999,1.0,0.99999
Jd Jh 9h Ts 9c,Td Js,1,1,5,0.0010897633985047037,0.0009142746830593371,0.0010896576257681955,0.0009118403693137119,6,1,0.0,1e-05,1.0,0.99999,1.0,0.99999
Jd Jh 9h Ts 9c,Td Qc,1,1,5,0.0003632544661682346,9.992016378913245e-07,0.00037579058050213397,1.0006277408010772e-06,14,6,0.0,1e-05,1.0,0.99999,1.0,0.99999
Jd Jh 9h Ts 9c,Td Qd,1,1,5,0.0010897633985047037,9.992016378913245e-07,0.001125875103762049,1.0007545660560632e-06,14,6,0.0,1e-05,1.0,0.99999,1.0,0.99999
Jd Jh 9h Ts 9c,Td Qh,1,1,5,0.0003632544661682346,9.992016378913245e-07,0.00037536192802480056,1.0006277408010772e-06,14,6,0.0,1e-05,1.0,0.99999,1.0,0.99999
Jd Jh 9h Ts 9c,Td Qs,1,1,5,0.0003632544661682346,9.992016378913245e-07,0.00037579058050213397,1.0007545660560632e-06,14,6,0.0,1e-05,1.0,0.99999,1.0,0.99999
Jd Jh 9h Ts 9c,Td Kc,1,1,5,0.0010897633985047037,9.992016378913245e-07,0.0010717139766601488,1.0028979745835782e-06,15,6,0.0,1e-05,1.0,0.99999,1.0,0.99999
Jd Jh 9h Ts 9c,Td Kd,1,1,5,0.0010897633985047037,0.004477592586821157,0.001078101904998382,0.004508917420311645,5,6,0.0,1e-05,1.0,0.99999,1.0,0.99999
Jd Jh 9h Ts 9c,Td Kh,1,1,5,0.0010897633985047037,9.992016378913245e-07,0.0010717139766601488,1.0028979745835782e-06,15,6,0.0,1e-05,1.0,0.99999,1.0,0.99999
Jd Jh 9h Ts 9c,Td Ks,1,1,5,0.0010897633985047037,9.992016378913245e-07,0.001078101904998382,1.006191962339894e-06,5,6,0.0,1e-05,1.0,0.99999,1.0,0.99999
Jd Jh 9h Ts 9c,Td Ac,1,1,5,0.0010897633985047037,9.992016378913245e-07,0.0011371658227540015,9.970265552490658e-07,3,6,0.0,1e-05,1.0,0.99999,1.0,0.99999
Jd Jh 9h Ts 9c,Td Ad,1,1,5,0.0010897633985047037,0.0010991833697193644,0.0011470080725635447,0.0010964571975372855,3,6,0.0,1e-05,1.0,0.99999,1.0,0.99999
Jd Jh 9h Ts 9c,Td Ah,1,1,5,0.0010897633985047037,9.992016378913245e-07,0.0011469530838676357,9.97441374627734e-07,3,6,0.0,1e-05,1.0,0.99999,1.0,0.99999
Jd Jh 9h Ts 9c,Td As,1,1,5,0.0010897633985047037,9.992016378913245e-07,0.0011372208114499103,9.963086189833225e-07,3,6,0.0,1e-05,1.0,0.99999,1.0,0.99999
Jd Jh 9h Ts 9c,Th Jc,1,1,5,0.0010897633985047037,0.0009142746830593371,0.0010836748865191924,0.0009137345204129578,6,1,0.0,1e-05,1.0,0.99999,1.0,0.99999
Jd Jh 9h Ts 9c,Th Js,1,1,5,0.0010897633985047037,0.0009142746830593371,0.0010863354207889457,0.0009129248990951265,6,1,0.0,1e-05,1.0,0.99999,1.0,0.99999
Jd Jh 9h Ts 9c,Th Qc,1,1,5,0.0003632544661682346,9.992016378913245e-07,0.00037468317884238405,1.0018130125295966e-06,14,6,0.0,1e-05,1.0,0.99999,1.0,0.99999
Jd Jh 9h Ts 9c,Th Qd,1,1,5,0.0003632544661682346,9.992016378913245e-07,0.00037418429959426634,1.0011489309475672e-06,14,6,0.0,1e-05,1.0,0.99999,1.0,0.99999
Jd Jh 9h Ts 9c,Th Qh,1,1,5,0.0010897633985047037,9.992016378913245e-07,0.0011227635790951518,1.002603919366612e-06,14,6,0.0,1e-05,1.0,0.99999,1.0,0.99999
Jd Jh 9h Ts 9c,Th Qs,1,1,5,0.0003632544661682346,9.992016378913245e-07,0.00037468317884238405,1.0019398377845828e-06,14,6,0.0,1e-05,1.0,0.99999,1.0,0.99999
Jd Jh 9h Ts 9c,Th Kc,1,1,5,0.0010897633985047037,9.992016378913245e-07,0.0010683917716808986,1.0040832463120978e-06,15,6,0.0,1e-05,1.0,0.99999,1.0,0.99999
Jd Jh 9h Ts 9c,Th Kd,1,1,5,0.0010897633985047037,9.992016378913245e-07,0.0010694646041756867,1.0073772340684137e-06,15,6,0.0,1e-05,1.0,0.99999,1.0,0.99999
Jd Jh 9h Ts 9c,Th Kh,1,1,5,0.0010897633985047037,0.004477592586821157,0.0010737068675243443,0.00449946790492284,15,6,0.0,1e-05,1.0,0.99999,1.0,0.99999
Jd Jh 9h Ts 9c,Th Ks,1,1,5,0.0010897633985047037,9.992016378913245e-07,0.0010747797000191322,1.0073772340684137e-06,15,6,0.0,1e-05,1.0,0.99999,1.0,0.99999
Jd Jh 9h Ts 9c,Th Ac,1,1,5,0.0010897633985047037,9.992016378913245e-07,0.0011338436177747513,9.982118269775854e-07,3,6,0.0,1e-05,1.0,0.99999,1.0,0.99999
Jd Jh 9h Ts 9c,Th Ad,1,1,5,0.0010897633985047037,9.992016378913245e-07,0.0011423819845632396,9.979087100905104e-07,3,6,0.0,1e-05,1.0,0.99999,1.0,0.99999
Jd Jh 9h Ts 9c,Th Ah,1,1,5,0.0010897633985047037,0.0010991833697193644,0.0011449347619094407,0.0010985508436013825,3,6,0.0,1e-05,1.0,0.99999,1.0,0.99999
Jd Jh 9h Ts 9c,Th As,1,1,5,0.0010897633985047037,9.992016378913245e-07,0.0011338986064706603,9.97493890711842e-07,3,6,0.0,1e-05,1.0,0.99999,1.0,0.99999
Jd Jh 9h Ts 9c,Jc Js,1,1,5,0.0010897633985047037,9.992016378913245e-07,0.0010484087740255652,9.91988443371531e-07,6,1,0.0,1e-05,1.0,0.99999,1.0,0.99999
Jd Jh 9h Ts 9c,Jc Qc,1,1,5,0.0010897633985047037,9.992016378913245e-07,0.0010872072291927876,9.968658902132326e-07,6,1,0.0,1e-05,1.0,0.99999,1.0,0.99999
Jd Jh 9h Ts 9c,Jc Qd,1,1,5,0.0010897633985047037,9.992016378913245e-07,0.0010857105914484344,9.962018086312031e-07,6,1,0.0,1e-05,1.0,0.99999,1.0,0.99999
Jd Jh 9h Ts 9c,Jc Qh,1,1,5,0.0010897633985047037,9.992016378913245e-07,0.0010859212717607872,9.968658902132326e-07,6,1,0.0,1e-05,1.0,0.99999,1.0,0.99999
Jd Jh 9h Ts 9c,Jc Qs,1,1,5,0.0010897633985047037,9.992016378913245e-07,0.0010872072291927876,9.969927154682187e-07,6,1,0.0,1e-05,1.0,0.99999,1.0,0.99999
Jd Jh 9h Ts 9c,Jc Kc,1,1,5,0.0010897633985047037,9.992016378913245e-07,0.001031549464346534,9.983452171587181e-07,6,1,0.0,1e-05,1.0,0.99999,1.0,0.99999
Jd Jh 9h Ts 9c,Jc Kd,1,1,5,0.0010897633985047037,9.992016378913245e-07,0.0010326222968413219,1.0016392049150342e-06,6,1,0.0,1e-05,1.0,0.99999,1.0,0.99999
Jd Jh 9h Ts 9c,Jc Kh,1,1,5,0.0010897633985047037,9.992016378913245e-07,0.001031549464346534,9.983452171587181e-07,6,1,0.0,1e-05,1.0,0.99999,1.0,0.99999
Jd Jh 9h Ts 9c,Jc Ks,1,1,5,0.0010897633985047037,9.992016378913245e-07,0.0010379373926847671,1.0016392049150342e-06,6,1,0.0,1e-05,1.0,0.99999,1.0,0.99999
Jd Jh 9h Ts 9c,Jc Ac,1,1,5,0.0003820434902803846,0.008244235006009881,0.0003880120854298578,0.008182367928850246,6,1,0.0,1e-05,1.0,0.99999,1.0,0.99999
Jd Jh 9h Ts 9c,Jc Ad,1,1,5,9.998960108148754e-07,9.992016378913245e-07,1.0143712980042297e-06,9.90985409208611e-07,6,1,0.0,1e-05,1.0,0.99999,1.0,0.99999
Jd Jh 9h Ts 9c,Jc Ah,1,1,5,9.998960108148754e-07,9.992016378913245e-07,1.0155172022026605e-06,9.917033454743543e-07,6,1,0.0,1e-05,1.0,0.99999,1.0,0.99999
Jd Jh 9h Ts 9c,Jc As,1,1,5,9.998960108148754e-07,9.992016378913245e-07,1.0065875020677508e-06,9.905705898299428e-07,6,1,0.0,1e-05,1.0,0.99999,1.0,0.99999
Jd Jh 9h Ts 9c,Js Qc,1,1,5,0.0010897633985047037,9.992016378913245e-07,0.0010898677634625406,9.959810631893215e-07,6,1,0.0,1e-05,1.0,0.99999,1.0,0.99999
Jd Jh 9h Ts 9c,Js Qd,1,1,5,0.0010897633985047037,9.992016378913245e-07,0.0010883711257181875,9.95316981607292e-07,6,1,0.0,1e-05,1.0,0.99999,1.0,0.99999
Jd Jh 9h Ts 9c,Js Qh,1,1,5,0.0010897633985047037,9.992016378913245e-07,0.0010885818060305404,9.959810631893215e-07,6,1,0.0,1e-05,1.0,0.99999,1.0,0.99999
Jd Jh 9h Ts 9c,Js Qs,1,1,5,0.0010897633985047037,9.992016378913245e-07,0.0010898677634625406,9.961078884443074e-07,6,1,0.0,1e-05,1.0,0.99999,1.0,0.99999
Jd Jh 9h Ts 9c,Js Kc,1,1,5,0.0010897633985047037,9.992016378913245e-07,0.0010342099986162872,9.974603901348069e-07,6,1,0.0,1e-05,1.0,0.99999,1.0,0.99999
Jd Jh 9h Ts 9c,Js Kd,1,1,5,0.0010897633985047037,9.992016378913245e-07,0.0010352828311110751,1.0007543778911231e-06,6,1,0.0,1e-05,1.0,0.99999,1.0,0.99999
Jd Jh 9h Ts 9c,Js Kh,1,1,5,0.0010897633985047037,9.992016378913245e-07,0.0010342099986162872,9.974603901348069e-07,6,1,0.0,1e-05,1.0,0.99999,1.0,0.99999
Jd Jh 9h Ts 9c,Js Ks,1,1,5,0.0010897633985047037,9.992016378913245e-07,0.0010405979269545202,1.0007543778911231e-06,6,1,0.0,1e-05,1.0,0.99999,1.0,0.99999
Jd Jh 9h Ts 9c,Js Ac,1,1,5,9.998960108148754e-07,9.992016378913245e-07,1.0089781812086155e-06,9.904036990717749e-07,6,1,0.0,1e-05,1.0,0.99999,1.0,0.99999
Jd Jh 9h Ts 9c,Js Ad,1,1,5,9.998960108148754e-07,9.992016378913245e-07,1.016812431195721e-06,9.901005821846998e-07,6,1,0.0,1e-05,1.0,0.99999,1.0,0.99999
Jd Jh 9h Ts 9c,Js Ah,1,1,5,9.998960108148754e-07,9.992016378913245e-07,1.017958335394152e-06,9.90818518450443e-07,6,1,0.0,1e-05,1.0,0.99999,1.0,0.99999
Jd Jh 9h Ts 9c,Js As,1,1,5,0.0003820434902803846,0.008244235006009881,0.0003889640791132221,0.008169143813999113,6,1,0.0,1e-05,1.0,0.99999,1.0,0.99999
Jd Jh 9h Ts 9c,Qc Qd,1,1,5,0.0010897633985047037,9.992016378913245e-07,0.0011271695808854096,1.0001944284489936e-06,3,7,0.0,1e-05,1.0,0.99999,1.0,0.99999
Jd Jh 9h Ts 9c,Qc Qh,1,1,5,0.0010897633985047037,9.992016378913245e-07,0.0011273802611977623,1.000858510031023e-06,3,7,0.0,1e-05,1.0,0.99999,1.0,0.99999
Jd Jh 9h Ts 9c,Qc Qs,1,1,5,0.0010897633985047037,9.992016378913245e-07,0.0011286662186297627,1.0009853352860092e-06,3,7,0.0,1e-05,1.0,0.99999,1.0,0.99999
Jd Jh 9h Ts 9c,Qc Kc,1,1,5,0.0010897633985047037,9.992016378913245e-07,0.0010730084537835091,1.0023378369765087e-06,12,7,0.0,1e-05,1.0,0.99999,1.0,0.99999
Jd Jh 9h Ts 9c,Qc Kd,1,1,5,0.0010897633985047037,9.992016378913245e-07,0.0010740812862782972,1.005631824732825e-06,12,7,0.0,1e-05,1.0,0.99999,1.0,0.99999
Jd Jh 9h Ts 9c,Qc Kh,1,1,5,0.0010897633985047037,9.992016378913245e-07,0.0010730084537835093,1.0023378369765087e-06,12,7,0.0,1e-05,1.0,0.99999,1.0,0.99999
Jd Jh 9h Ts 9c,Qc Ks,1,1,5,0.0010897633985047037,9.992016378913245e-07,0.0010793963821217423,1.005631824732825e-06,12,7,0.0,1e-05,1.0,0.99999,1.0,0.99999
Jd Jh 9h Ts 9c,Qc Ac,1,1,5,0.0010897633985047037,9.992016378913245e-07,0.0011384602998773619,9.96466417641996e-07,11,5,0.0,1e-05,1.0,0.99999,1.0,0.99999
Jd Jh 9h Ts 9c,Qc Ad,1,1,5,0.0008343537102770704,0.0017454003750214011,0.0008797603767282773,0.0017396073280178156,7,5,0.0,1e-05,1.0,0.99999,1.0,0.99999
Jd Jh 9h Ts 9c,Qc Ah,1,1,5,0.0008343537102770704,0.0017454003750214011,0.0008807165655811598,0.001740861415461181,7,5,0.0,1e-05,1.0,0.99999,1.0,0.99999
Jd Jh 9h Ts 9c,Qc As,1,1,5,0.0008343537102770704,0.0017454003750214011,0.0008732652622869784,0.0017388827236220288,11,5,0.0,1e-05,1.0,0.99999,1.0,0.99999
Jd Jh 9h Ts 9c,Qd Qh,1,1,5,0.0010897633985047037,9.992016378913245e-07,0.0011258836234534094,1.0001944284489936e-06,3,7,0.0,1e-05,1.0,0.99999,1.0,0.99999
Jd Jh 9h Ts 9c,Qd Qs,1,1,5,0.0010897633985047037,9.992016378913245e-07,0.0011271695808854096,1.0003212537039798e-06,3,7,0.0,1e-05,1.0,0.99999,1.0,0.99999
Jd Jh 9h Ts 9c,Qd Kc,1,1,5,0.0010897633985047037,9.992016378913245e-07,0.0010715118160391562,1.0016737553944792e-06,12,7,0.0,1e-05,1.0,0.99999,1.0,0.99999
Jd Jh 9h Ts 9c,Qd Kd,1,1,5,0.0010897633985047037,9.992016378913245e-07,0.0010725846485339443,1.0049677431507955e-06,12,7,0.0,1e-05,1.0,0.99999,1.0,0.99999
Jd Jh 9h Ts 9c,Qd Kh,1,1,5,0.0010897633985047037,9.992016378913245e-07,0.0010715118160391562,1.0016737553944792e-06,12,7,0.0,1e-05,1.0,0.99999,1.0,0.99999
Jd Jh 9h Ts 9c,Qd Ks,1,1,5,0.0010897633985047037,9.992016378913245e-07,0.0010778997443773894,1.0049677431507955e-06,12,7,0.0,1e-05,1.0,0.99999,1.0,0.99999
Jd Jh 9h Ts 9c,Qd Ac,1,1,5,0.0008343537102770704,0.0017454003750214011,0.0008720772931560892,0.0017389767967115697,11,5,0.0,1e-05,1.0,0.99999,1.0,0.99999
Jd Jh 9h Ts 9c,Qd Ad,1,1,5,0.0010897633985047037,9.992016378913245e-07,0.0011455020289214972,9.954992191728918e-07,7,5,0.0,1e-05,1.0,0.99999,1.0,0.99999
Jd Jh 9h Ts 9c,Qd Ah,1,1,5,0.0008343537102770704,0.0017454003750214011,0.0008795706973526482,0.0017397014011073567,7,5,0.0,1e-05,1.0,0.99999,1.0,0.99999
Jd Jh 9h Ts 9c,Qd As,1,1,5,0.0008343537102770704,0.0017454003750214011,0.0008721193940584667,0.0017377227092682044,11,5,0.0,1e-05,1.0,0.99999,1.0,0.99999
Jd Jh 9h Ts 9c,Qh Qs,1,1,5,0.0010897633985047037,9.992016378913245e-07,0.0011273802611977623,1.0009853352860092e-06,3,7,0.0,1e-05,1.0,0.99999,1.0,0.99999
Jd Jh 9h Ts 9c,Qh Kc,1,1,5,0.0010897633985047037,9.992016378913245e-07,0.001071722496351509,1.0023378369765087e-06,12,7,0.0,1e-05,1.0,0.99999,1.0,0.99999
Jd Jh 9h Ts 9c,Qh Kd,1,1,5,0.0010897633985047037,9.992016378913245e-07,0.0010727953288462968,1.005631824732825e-06,12,7,0.0,1e-05,1.0,0.99999,1.0,0.99999
Jd Jh 9h Ts 9c,Qh Kh,1,1,5,0.0010897633985047037,9.992016378913245e-07,0.0010717224963515087,1.0023378369765087e-06,12,7,0.0,1e-05,1.0,0.99999,1.0,0.99999
Jd Jh 9h Ts 9c,Qh Ks,1,1,5,0.0010897633985047037,9.992016378913245e-07,0.001078110424689742,1.005631824732825e-06,12,7,0.0,1e-05,1.0,0.99999,1.0,0.99999
Jd Jh 9h Ts 9c,Qh Ac,1,1,5,0.0008343537102770704,0.0017454003750214011,0.0008722385959678142,0.001740136811065394,11,5,0.0,1e-05,1.0,0.99999,1.0,0.99999
Jd Jh 9h Ts 9c,Qh Ad,1,1,5,0.0008343537102770704,0.0017454003750214011,0.0008787758113114905,0.0017396073280178156,7,5,0.0,1e-05,1.0,0.99999,1.0,0.99999
Jd Jh 9h Ts 9c,Qh Ah,1,1,5,0.0010897633985047037,9.992016378913245e-07,0.001146961603558996,9.968812370206644e-07,7,5,0.0,1e-05,1.0,0.99999,1.0,0.99999
Jd Jh 9h Ts 9c,Qh As,1,1,5,0.0008343537102770704,0.0017454003750214011,0.0008722806968701916,0.0017388827236220288,11,5,0.0,1e-05,1.0,0.99999,1.0,0.99999
Jd Jh 9h Ts 9c,Qs Kc,1,1,5,0.0010897633985047037,9.992016378913245e-07,0.0010730084537835091,1.0024646622314948e-06,12,7,0.0,1e-05,1.0,0.99999,1.0,0.99999
Jd Jh 9h Ts 9c,Qs Kd,1,1,5,0.0010897633985047037,9.992016378913245e-07,0.001074081286278297,1.0057586499878109e-06,12,7,0.0,1e-05,1.0,0.99999,1.0,0.99999
Jd Jh 9h Ts 9c,Qs Kh,1,1,5,0.0010897633985047037,9.992016378913245e-07,0.0010730084537835093,1.0024646622314948e-06,12,7,0.0,1e-05,1.0,0.99999,1.0,0.99999
Jd Jh 9h Ts 9c,Qs Ks,1,1,5,0.0010897633985047037,9.992016378913245e-07,0.0010793963821217425,1.0057586499878109e-06,12,7,0.0,1e-05,1.0,0.99999,1.0,0.99999
Jd Jh 9h Ts 9c,Qs Ac,1,1,5,0.0008343537102770704,0.0017454003750214011,0.0008732231613846011,0.0017403583487803267,11,5,0.0,1e-05,1.0,0.99999,1.0,0.99999
Jd Jh 9h Ts 9c,Qs Ad,1,1,5,0.0008343537102770704,0.0017454003750214011,0.0008797603767282773,0.0017398288657327482,7,5,0.0,1e-05,1.0,0.99999,1.0,0.99999
Jd Jh 9h Ts 9c,Qs Ah,1,1,5,0.0008343537102770704,0.0017454003750214011,0.0008807165655811598,0.0017410829531761137,7,5,0.0,1e-05,1.0,0.99999,1.0,0.99999
Jd Jh 9h Ts 9c,Qs As,1,1,5,0.0010897633985047037,9.992016378913245e-07,0.0011385152885732708,9.958753066312389e-07,11,5,0.0,1e-05,1.0,0.99999,1.0,0.99999
Jd Jh 9h Ts 9c,Kc Kd,1,1,5,9.998960108148754e-07,9.992016378913245e-07,9.344391799148344e-07,1.0059258799497907e-06,9,7,0.0,4.901216236325383e-05,1.0,0.9999509878376367,1.0,0.99999
Jd Jh 9h Ts 9c,Kc Kh,1,1,5,9.998960108148754e-07,9.992016378913245e-07,9.334548185999994e-07,1.0026318921934746e-06,9,7,0.0,4.901216236325383e-05,1.0,0.9999509878376367,1.0,0.99999
Jd Jh 9h Ts 9c,Kc Ks,1,1,5,9.998960108148754e-07,9.992016378913245e-07,9.393159661404057e-07,1.0059258799497907e-06,9,7,0.0,4.901216236325383e-05,1.0,0.9999509878376367,1.0,0.99999
Jd Jh 9h Ts 9c,Kc Ac,1,1,5,0.0010897633985047037,9.992016378913245e-07,0.0010828025350311085,9.979457445874816e-07,4,5,0.0,1e-05,1.0,0.99999,1.0,0.99999
Jd Jh 9h Ts 9c,Kc Ad,1,1,5,0.0008713945452364717,9.992016378913245e-07,0.0008726559454501111,9.974049025860223e-07,4,5,0.0,1e-05,1.0,0.99999,1.0,0.99999
Jd Jh 9h Ts 9c,Kc Ah,1,1,5,0.0008713945452364717,9.992016378913245e-07,0.0008736545839655929,9.981228388517654e-07,4,5,0.0,1e-05,1.0,0.99999,1.0,0.99999
Jd Jh 9h Ts 9c,Kc As,1,1,5,0.0008713945452364717,9.992016378913245e-07,0.0008658724827230682,9.96990083207354e-07,4,5,0.0,1e-05,1.0,0.99999,1.0,0.99999
Jd Jh 9h Ts 9c,Kd Kh,1,1,5,9.998960108148754e-07,9.992016378913245e-07,9.344391799148344e-07,1.0059258799497907e-06,9,7,0.0,4.901216236325383e-05,1.0,0.9999509878376367,1.0,0.99999
Jd Jh 9h Ts 9c,Kd Ks,1,1,5,9.998960108148754e-07,9.992016378913245e-07,9.403003274552407e-07,1.009219867706107e-06,9,7,0.0,4.901216236325383e-05,1.0,0.9999509878376367,1.0,0.99999
Jd Jh 9h Ts 9c,Kd Ac,1,1,5,0.0008713945452364717,9.992016378913245e-07,0.0008666863690542322,1.0010020072294134e-06,4,5,0.0,1e-05,1.0,0.99999,1.0,0.99999
Jd Jh 9h Ts 9c,Kd Ad,1,1,5,0.0010897633985047037,9.992016378913245e-07,0.0010924137343143847,1.0009366154567229e-06,4,5,0.0,1e-05,1.0,0.99999,1.0,0.99999
Jd Jh 9h Ts 9c,Kd Ah,1,1,5,0.0008713945452364717,9.992016378913245e-07,0.0008745124402536581,1.0014168266080817e-06,4,5,0.0,1e-05,1.0,0.99999,1.0,0.99999
Jd Jh 9h Ts 9c,Kd As,1,1,5,0.0008713945452364717,9.992016378913245e-07,0.0008667303390111334,1.00028407096367e-06,4,5,0.0,1e-05,1.0,0.99999,1.0,0.99999
Jd Jh 9h Ts 9c,Kh Ks,1,1,5,9.998960108148754e-07,9.992016378913245e-07,9.393159661404056e-07,1.0059258799497907e-06,9,7,0.0,4.901216236325383e-05,1.0,0.9999509878376367,1.0,0.99999
Jd Jh 9h Ts 9c,Kh Ac,1,1,5,0.0008713945452364717,9.992016378913245e-07,0.0008658285127661671,9.97708019473097e-07,4,5,0.0,1e-05,1.0,0.99999,1.0,0.99999
Jd Jh 9h Ts 9c,Kh Ad,1,1,5,0.0008713945452364717,9.992016378913245e-07,0.0008726559454501112,9.974049025860223e-07,4,5,0.0,1e-05,1.0,0.99999,1.0,0.99999
Jd Jh 9h Ts 9c,Kh Ah,1,1,5,0.0010897633985047037,9.992016378913245e-07,0.001092589796144743,9.9836056396615e-07,4,5,0.0,1e-05,1.0,0.99999,1.0,0.99999
Jd Jh 9h Ts 9c,Kh As,1,1,5,0.0008713945452364717,9.992016378913245e-07,0.0008658724827230683,9.96990083207354e-07,4,5,0.0,1e-05,1.0,0.99999,1.0,0.99999
Jd Jh 9h Ts 9c,Ks Ac,1,1,5,0.0008713945452364717,9.992016378913245e-07,0.0008709364159283908,1.0010020072294134e-06,4,5,0.0,1e-05,1.0,0.99999,1.0,0.99999
Jd Jh 9h Ts 9c,Ks Ad,1,1,5,0.0008713945452364717,9.992016378913245e-07,0.0008777638486123349,1.0006988903423383e-06,4,5,0.0,1e-05,1.0,0.99999,1.0,0.99999
Jd Jh 9h Ts 9c,Ks Ah,1,1,5,0.0008713945452364717,9.992016378913245e-07,0.0008787624871278165,1.0014168266080817e-06,4,5,0.0,1e-05,1.0,0.99999,1.0,0.99999
Jd Jh 9h Ts 9c,Ks As,1,1,5,0.0010897633985047037,9.992016378913245e-07,0.0010892454520652507,1.0005217960780546e-06,4,5,0.0,1e-05,1.0,0.99999,1.0,0.99999
Jd Jh 9h Ts 9c,Ac Ad,1,1,5,0.0016696256873506487,9.992016378913245e-07,0.0017723213034199754,9.924024697700738e-07,3,6,0.0,1e-05,1.0,0.99999,1.0,0.99999
Jd Jh 9h Ts 9c,Ac Ah,1,1,5,0.0016696256873506487,9.992016378913245e-07,0.0017742347334809515,9.93120406035817e-07,3,6,0.0,1e-05,1.0,0.99999,1.0,0.99999
Jd Jh 9h Ts 9c,Ac As,1,1,5,0.0016696256873506487,9.992016378913245e-07,0.0017593239261926678,9.919876503914055e-07,12,6,0.0,1e-05,1.0,0.99999,1.0,0.99999
Jd Jh 9h Ts 9c,Ad Ah,1,1,5,0.0016696256873506487,9.992016378913245e-07,0.0017873163588481115,9.928172891487421e-07,3,6,0.0,1e-05,1.0,0.99999,1.0,0.99999
Jd Jh 9h Ts 9c,Ad As,1,1,5,0.0016696256873506487,9.992016378913245e-07,0.0017724055515598279,9.916845335043305e-07,3,6,0.0,1e-05,1.0,0.99999,1.0,0.99999
Jd Jh 9h Ts 9c,Ah As,1,1,5,0.0016696256873506487,9.992016378913245e-07,0.001774318981620804,9.924024697700738e-07,3,6,0.0,1e-05,1.0,0.99999,1.0,0.99999
